date,ticker,prev_weight,target_weight,delta_weight,notional
2025-01-02,CSCO,0.0,0.25,0.25,25000.0
2025-01-02,GS,0.0,0.25,0.25,25000.0
2025-01-02,JPM,0.0,0.25,0.25,25000.0
2025-01-02,PFE,0.0,0.25,0.25,25000.0
2025-01-03,ABBV,0.0,0.1,0.1,10051.47625888946
2025-01-03,AMZN,0.0,0.1,0.1,10051.47625888946
2025-01-03,AVGO,0.0,0.1,0.1,10051.47625888946
2025-01-03,CSCO,0.24914821702108328,0.1,-0.14914821702108327,-14991.59762443111
2025-01-03,GS,0.25070085618274,0.1,-0.15070085618274,-15147.660781151259
2025-01-03,JPM,0.2518667060774296,0.1,-0.1518667060774296,-15264.84590653027
2025-01-03,NVDA,0.0,0.1,0.1,10051.47625888946
2025-01-03,PFE,0.24828422071874715,0.1,-0.14828422071874714,-14904.75324122411
2025-01-03,V,0.0,0.1,0.1,10051.47625888946
2025-01-03,WFC,0.0,0.1,0.1,10051.47625888946
2025-01-10,ABBV,0.09897815533013773,0.0,-0.09897815533013773,-9704.250328351225
2025-01-10,AMZN,0.09999876268268544,0.125,0.02500123731731456,2451.2304218692807
2025-01-10,AVGO,0.09876840084100023,0.125,0.026231599158999766,2571.8604666133956
2025-01-10,CSCO,0.10218788176825876,0.125,0.022812118231741244,2236.599632538877
2025-01-10,EOG,0.0,0.125,0.125,12255.545549398097
2025-01-10,GS,0.09884356235522175,0.0,-0.09884356235522175,-9691.05424567353
2025-01-10,JPM,0.1014828051492192,0.0,-0.1014828051492192,-9949.817127895582
2025-01-10,LLY,0.0,0.125,0.125,12255.545549398097
2025-01-10,NVDA,0.09632955615839937,0.0,-0.09632955615839937,-9444.570106020525
2025-01-10,PFE,0.1028972809848134,0.125,0.022102719015186595,2167.047037249334
2025-01-10,TMO,0.0,0.125,0.125,12255.545549398097
2025-01-10,V,0.10005547016309385,0.0,-0.10005547016309385,-9809.874976401912
2025-01-10,WFC,0.10045812456717058,0.0,-0.10045812456717058,-9849.352971520537
2025-01-10,WMT,0.0,0.125,0.125,12255.545549398097
2025-01-17,AMZN,0.1278026946614734,0.037037037037037035,-0.09076565762443636,-8971.479941837977
2025-01-17,AVGO,0.1310923216305587,0.037037037037037035,-0.09405528459352167,-9296.634004968266
2025-01-17,BAC,0.0,0.037037037037037035,0.037037037037037035,3660.8233067374463
2025-01-17,BRK-B,0.0,0.037037037037037035,0.037037037037037035,3660.8233067374463
2025-01-17,CAT,0.0,0.037037037037037035,0.037037037037037035,3660.8233067374463
2025-01-17,COP,0.0,0.037037037037037035,0.037037037037037035,3660.8233067374463
2025-01-17,CSCO,0.12698455582328386,0.037037037037037035,-0.08994751878624682,-8890.61327520921
2025-01-17,CVX,0.0,0.037037037037037035,0.037037037037037035,3660.8233067374463
2025-01-17,DE,0.0,0.037037037037037035,0.037037037037037035,3660.8233067374463
2025-01-17,EOG,0.1296309964024965,0.037037037037037035,-0.09259395936545947,-9152.193361720701
2025-01-17,GE,0.0,0.037037037037037035,0.037037037037037035,3660.8233067374463
2025-01-17,GS,0.0,0.037037037037037035,0.037037037037037035,3660.8233067374463
2025-01-17,HD,0.0,0.037037037037037035,0.037037037037037035,3660.8233067374463
2025-01-17,JPM,0.0,0.037037037037037035,0.037037037037037035,3660.8233067374463
2025-01-17,LLY,0.11235834180577284,0.0,-0.11235834180577284,-11105.748982501531
2025-01-17,MA,0.0,0.037037037037037035,0.037037037037037035,3660.8233067374463
2025-01-17,MS,0.0,0.037037037037037035,0.037037037037037035,3660.8233067374463
2025-01-17,MSFT,0.0,0.037037037037037035,0.037037037037037035,3660.8233067374463
2025-01-17,PFE,0.12189650325739819,0.037037037037037035,-0.08485946622036115,-8387.698816893524
2025-01-17,QCOM,0.0,0.037037037037037035,0.037037037037037035,3660.8233067374463
2025-01-17,RTX,0.0,0.037037037037037035,0.037037037037037035,3660.8233067374463
2025-01-17,SLB,0.0,0.037037037037037035,0.037037037037037035,3660.8233067374463
2025-01-17,TMO,0.12780294621506477,0.037037037037037035,-0.09076590917802774,-8971.504805955732
2025-01-17,TSLA,0.0,0.037037037037037035,0.037037037037037035,3660.8233067374463
2025-01-17,UPS,0.0,0.037037037037037035,0.037037037037037035,3660.8233067374463
2025-01-17,V,0.0,0.037037037037037035,0.037037037037037035,3660.8233067374463
2025-01-17,WFC,0.0,0.037037037037037035,0.037037037037037035,3660.8233067374463
2025-01-17,WMT,0.12243164020395161,0.037037037037037035,-0.08539460316691458,-8440.59294566198
2025-01-24,ABT,0.0,0.03125,0.03125,3130.574797634233
2025-01-24,AMGN,0.0,0.03125,0.03125,3130.574797634233
2025-01-24,AMZN,0.03792785440165782,0.03125,-0.006677854401657822,-668.9767261472259
2025-01-24,AVGO,0.03760459523278547,0.03125,-0.006354595232785469,-636.5931419175946
2025-01-24,BA,0.0,0.03125,0.03125,3130.574797634233
2025-01-24,BAC,0.036481067957553924,0.03125,-0.005231067957553924,-524.0399844041696
2025-01-24,BRK-B,0.03611773793078203,0.03125,-0.004867737930782032,-487.64216600302206
2025-01-24,CAT,0.0386728724273089,0.03125,-0.007422872427308901,-743.6114351035933
2025-01-24,COP,0.03510312209048558,0.03125,-0.003853122090485578,-385.9995810778202
2025-01-24,CSCO,0.03770055835636003,0.03125,-0.006450558356360027,-646.2065734748672
2025-01-24,CVX,0.03517370023258976,0.03125,-0.003923700232589762,-393.0699859717468
2025-01-24,DE,0.038358056651619975,0.03125,-0.007108056651619975,-712.0736964389718
2025-01-24,EOG,0.03521721826007963,0.03125,-0.003967218260079633,-397.4295520550282
2025-01-24,GE,0.03926273936759984,0.03125,-0.008012739367599837,-802.7033575750309
2025-01-24,GS,0.037127819144049924,0.03125,-0.005877819144049924,-588.8304792772708
2025-01-24,HD,0.03694526172144764,0.03125,-0.005695261721447638,-570.5421699550378
2025-01-24,JPM,0.037288630086339425,0.03125,-0.006038630086339425,-604.9402611369612
2025-01-24,MA,0.037100183775461704,0.03125,-0.005850183775461704,-586.0620124476511
2025-01-24,MS,0.03647567114049327,0.03125,-0.005225671140493271,-523.4993399408888
2025-01-24,MSFT,0.037767207073072656,0.03125,-0.006517207073072656,-652.8833348455944
2025-01-24,NVDA,0.0,0.03125,0.03125,3130.574797634233
2025-01-24,ORCL,0.0,0.03125,0.03125,3130.574797634233
2025-01-24,PFE,0.03679597501858895,0.03125,-0.005545975018588951,-555.5868678881158
2025-01-24,QCOM,0.03816301339784246,0.03125,-0.006913013397842463,-692.5345766077892
2025-01-24,RTX,0.03775431075720354,0.03125,-0.006504310757203542,-651.5914026394446
2025-01-24,SLB,0.035375316782186556,0.03125,-0.0041253167821865555,-413.26760801826504
2025-01-24,TMO,0.037477981145910985,0.03125,-0.006227981145910985,-623.9091460969632
2025-01-24,TSLA,0.03478466219356373,0.03125,-0.0035346621935637285,-354.0967802022766
2025-01-24,UPS,0.03741709401714065,0.03125,-0.006167094017140648,-617.809571350444
2025-01-24,V,0.03769674763072454,0.03125,-0.006446747630724538,-645.8248211025422
2025-01-24,WFC,0.036602516140519625,0.03125,-0.005352516140519625,-536.2064682701182
2025-01-24,WMT,0.03760808706663092,0.03125,-0.006358087066630921,-636.9429482226858
2025-01-31,ABBV,0.0,0.030303030303030304,0.030303030303030304,2990.6777625572436
2025-01-31,ABT,0.032446129758095375,0.030303030303030304,-0.0021430994550650714,-211.50755614598464
2025-01-31,AMGN,0.032861972196005285,0.030303030303030304,-0.0025589418929749808,-252.5480302948816
2025-01-31,AMZN,0.03209274273350803,0.030303030303030304,-0.0017897124304777287,-176.63095451766665
2025-01-31,AVGO,0.02867433728797438,0.030303030303030304,0.0016286930150559223,160.73956741128188
2025-01-31,BA,0.031793476780964815,0.030303030303030304,-0.0014904464779345108,-147.09568954873674
2025-01-31,BAC,0.0315606583837477,0.030303030303030304,-0.0012576280807173948,-124.11829104077894
2025-01-31,BLK,0.0,0.030303030303030304,0.030303030303030304,2990.6777625572436
2025-01-31,BRK-B,0.03208579285520485,0.030303030303030304,-0.0017827625521745494,-175.94505458337133
2025-01-31,CAT,0.028895308374188078,0.0,-0.028895308374188078,-2851.7463544983066
2025-01-31,COP,0.030776398650305358,0.0,-0.030776398650305358,-3037.395604817145
2025-01-31,COST,0.0,0.030303030303030304,0.030303030303030304,2990.6777625572436
2025-01-31,CRM,0.0,0.030303030303030304,0.030303030303030304,2990.6777625572436
2025-01-31,CSCO,0.03088002307430448,0.030303030303030304,-0.0005769927712741749,-56.94478185679644
2025-01-31,CVX,0.03039453178835773,0.0,-0.03039453178835773,-2999.7082606517633
2025-01-31,DE,0.03156424860689273,0.030303030303030304,-0.0012612183038624228,-124.47261865801991
2025-01-31,EOG,0.03026004572580184,0.0,-0.03026004572580184,-2986.4355129219907
2025-01-31,GE,0.03280982030136411,0.030303030303030304,-0.002506789998333807,-247.40103641278824
2025-01-31,GS,0.03188488418020728,0.030303030303030304,-0.001581853877176978,-156.1169020649088
2025-01-31,HD,0.03151783726196751,0.030303030303030304,-0.0012148069589372062,-119.89217321047867
2025-01-31,JNJ,0.0,0.030303030303030304,0.030303030303030304,2990.6777625572436
2025-01-31,JPM,0.03200517195662777,0.030303030303030304,-0.0017021416535974651,-167.98838734049968
2025-01-31,KO,0.0,0.030303030303030304,0.030303030303030304,2990.6777625572436
2025-01-31,LLY,0.0,0.030303030303030304,0.030303030303030304,2990.6777625572436
2025-01-31,MA,0.03301473968846252,0.030303030303030304,-0.0027117093854322136,-267.62501559848636
2025-01-31,MS,0.032062916307125,0.030303030303030304,-0.001759886004094699,-173.6873139236975
2025-01-31,MSFT,0.029639713317429015,0.0,-0.029639713317429015,-2925.2134397312225
2025-01-31,NKE,0.0,0.030303030303030304,0.030303030303030304,2990.6777625572436
2025-01-31,NVDA,0.02669678069647975,0.0,-0.02669678069647975,-2634.7684559073723
2025-01-31,ORCL,0.029372050600259395,0.030303030303030304,0.0009309797027709094,91.88058971748066
2025-01-31,PFE,0.03223326003626388,0.030303030303030304,-0.0019302297332335766,-190.4989396136791
2025-01-31,QCOM,0.031861706539221116,0.030303030303030304,-0.0015586762361908119,-153.82944583387533
2025-01-31,RTX,0.032631755426021904,0.030303030303030304,-0.0023287251229915998,-229.82739253449887
2025-01-31,SLB,0.030232043901714137,0.0,-0.030232043901714137,-2983.671946645856
2025-01-31,TMO,0.03297558432845828,0.030303030303030304,-0.002672554025427973,-263.7606804716494
2025-01-31,TSLA,0.03155619803501429,0.030303030303030304,-0.0012531677319839868,-123.67808867036057
2025-01-31,UNH,0.0,0.030303030303030304,0.030303030303030304,2990.6777625572436
2025-01-31,UPS,0.0272292327913716,0.0,-0.0272292327913716,-2687.3174130214347
2025-01-31,V,0.032824624619296784,0.030303030303030304,-0.0025215943162664803,-248.8621095790137
2025-01-31,WFC,0.0323176044966613,0.030303030303030304,-0.0020145741936309983,-198.82309398315925
2025-01-31,WMT,0.03284840930070391,0.030303030303030304,-0.0025453789976736044,-251.20947606554893
2025-02-07,ABBV,0.031420331658375655,0.037037037037037035,0.00561670537866138,553.7866606217444
2025-02-07,ABT,0.030585990631709477,0.037037037037037035,0.006451046405327558,636.0496421789683
2025-02-07,AMGN,0.03117830647574306,0.037037037037037035,0.005858730561293976,577.6494607226136
2025-02-07,AMZN,0.029227846806992443,0.037037037037037035,0.007809190230044592,769.9576687939127
2025-02-07,AVGO,0.030809068174227426,0.037037037037037035,0.006227968862809609,614.0550102725031
2025-02-07,BA,0.031169395690482594,0.037037037037037035,0.005867641346554441,578.5280316427936
2025-02-07,BAC,0.031036089013873162,0.037037037037037035,0.006000948023163873,591.671583654367
2025-02-07,BLK,0.02796329262209206,0.0,-0.02796329262209206,-2757.0786425809833
2025-02-07,BRK-B,0.03057910515814483,0.037037037037037035,0.006457931878892206,636.7285247542679
2025-02-07,COST,0.032329408702263474,0.037037037037037035,0.0047076283347735615,464.15498040309916
2025-02-07,CRM,0.02890783932390782,0.0,-0.02890783932390782,-2850.207501678182
2025-02-07,CSCO,0.03115127748919879,0.037037037037037035,0.005885759547838244,580.3144201942653
2025-02-07,DE,0.02961863088194681,0.037037037037037035,0.007418406155090224,731.4277845818422
2025-02-07,GE,0.030570492032428787,0.037037037037037035,0.0064665450046082484,637.5777475292285
2025-02-07,GS,0.031049591153667042,0.037037037037037035,0.005987445883369993,590.3403219264317
2025-02-07,HD,0.02997660491962965,0.0,-0.02997660491962965,-2955.58389056459
2025-02-07,JNJ,0.030509103983321205,0.037037037037037035,0.00652793305371583,643.6303852279275
2025-02-07,JPM,0.031279866624039414,0.037037037037037035,0.005757170412997621,567.6360005915267
2025-02-07,KO,0.030487762249271418,0.037037037037037035,0.006549274787765617,645.7346023506932
2025-02-07,LLY,0.03282870476121489,0.037037037037037035,0.004208332275822145,414.9262104201165
2025-02-07,MA,0.030715372485650927,0.037037037037037035,0.006321664551386108,623.2930633647236
2025-02-07,MCD,0.0,0.037037037037037035,0.037037037037037035,3651.716740918476
2025-02-07,MS,0.030655280193861028,0.037037037037037035,0.006381756843176007,629.2179441188156
2025-02-07,NKE,0.0270753135594171,0.0,-0.0270753135594171,-2669.527146344592
2025-02-07,ORCL,0.031100210728917273,0.037037037037037035,0.0059368263081197616,585.3494164667264
2025-02-07,PFE,0.029424195861818558,0.0,-0.029424195861818558,-2901.1183726500085
2025-02-07,QCOM,0.02944456644290848,0.037037037037037035,0.007592470594128556,748.5899032847834
2025-02-07,RTX,0.030080738492374425,0.037037037037037035,0.00695629854466261,685.8656599600247
2025-02-07,TMO,0.02898300516193329,0.037037037037037035,0.008054031875103746,794.0981618155992
2025-02-07,TSLA,0.02709543631451102,0.0,-0.02709543631451102,-2671.5111765891384
2025-02-07,UNH,0.029451893966440653,0.0,-0.029451893966440653,-2903.849304723194
2025-02-07,V,0.03086752163188849,0.037037037037037035,0.006169515405148544,608.291712585055
2025-02-07,WFC,0.03118848288855966,0.037037037037037035,0.005848554148477375,576.6461035424019
2025-02-07,WMT,0.03123927391918904,0.037037037037037035,0.005797763117847996,571.6382932077812
2025-02-14,AAPL,0.0,0.030303030303030304,0.030303030303030304,3015.2746560295273
2025-02-14,ABBV,0.03712140386912673,0.030303030303030304,-0.006818373566096429,-678.4558773033436
2025-02-14,ABT,0.03712220033046641,0.030303030303030304,-0.006819170027436108,-678.535128443181
2025-02-14,ADBE,0.0,0.030303030303030304,0.030303030303030304,3015.2746560295273
2025-02-14,AMGN,0.036681035990440126,0.030303030303030304,-0.006378005687409823,-634.6374838735477
2025-02-14,AMZN,0.03660925776835957,0.030303030303030304,-0.006306227465329266,-627.4952590950337
2025-02-14,AVGO,0.038017320928307174,0.030303030303030304,-0.007714290625276871,-767.6032653842362
2025-02-14,BA,0.03727673822451743,0.030303030303030304,-0.006973707921487125,-693.9122768890119
2025-02-14,BAC,0.03634396622984572,0.030303030303030304,-0.006040935926815413,-601.097672961217
2025-02-14,BRK-B,0.03721605870053911,0.030303030303030304,-0.006913028397508805,-687.8744176728836
2025-02-14,COST,0.03766995362128749,0.030303030303030304,-0.007366923318257189,-733.038806756977
2025-02-14,CSCO,0.03821620932788111,0.030303030303030304,-0.007913179024850808,-787.393469354484
2025-02-14,CVX,0.0,0.030303030303030304,0.030303030303030304,3015.2746560295273
2025-02-14,DE,0.037836407918872716,0.030303030303030304,-0.007533377615842413,-749.6016857785423
2025-02-14,EOG,0.0,0.030303030303030304,0.030303030303030304,3015.2746560295273
2025-02-14,GE,0.03721883061934606,0.030303030303030304,-0.006915800316315758,-688.1502348582804
2025-02-14,GS,0.036944572002083946,0.030303030303030304,-0.006641541699053642,-660.8603879499511
2025-02-14,INTC,0.0,0.030303030303030304,0.030303030303030304,3015.2746560295273
2025-02-14,JNJ,0.03741043115874231,0.030303030303030304,-0.007107400855712008,-707.2152671255427
2025-02-14,JPM,0.036789577864617444,0.030303030303030304,-0.00648654756158714,-645.4378414302664
2025-02-14,KO,0.03957490317000734,0.030303030303030304,-0.00927187286697704,-922.589027900882
2025-02-14,LLY,0.0353235207877127,0.030303030303030304,-0.005020490484682394,-499.5592047369072
2025-02-14,MA,0.03681552805824771,0.030303030303030304,-0.0065124977552174085,-648.0199911489559
2025-02-14,MCD,0.03846076119955337,0.030303030303030304,-0.008157730896523066,-811.7273743588361
2025-02-14,MS,0.03641456667882728,0.030303030303030304,-0.006111536375796978,-608.1227045303248
2025-02-14,NVDA,0.0,0.030303030303030304,0.030303030303030304,3015.2746560295273
2025-02-14,ORCL,0.036621409776475086,0.030303030303030304,-0.006318379473444782,-628.7044332840229
2025-02-14,QCOM,0.03761711617464952,0.030303030303030304,-0.007314085871619219,-727.7812661036631
2025-02-14,RTX,0.03509613266447565,0.030303030303030304,-0.004793102361445346,-476.9331624493072
2025-02-14,SLB,0.0,0.030303030303030304,0.030303030303030304,3015.2746560295273
2025-02-14,TMO,0.0341411629093314,0.0,-0.0341411629093314,-3397.184447180115
2025-02-14,V,0.037357573237386164,0.030303030303030304,-0.0070545429343558605,-701.9556891545681
2025-02-14,WFC,0.03637073316846946,0.030303030303030304,-0.006067702865439159,-603.7610921257224
2025-02-14,WMT,0.03773262762043071,0.030303030303030304,-0.007429597317400408,-739.2751243568596
2025-02-21,AAPL,0.030768212287681746,0.03125,0.0004817877123182539,47.37829886627569
2025-02-21,ABBV,0.03211275492815994,0.03125,-0.0008627549281599381,-84.84205759011232
2025-02-21,ABT,0.031660569877867466,0.03125,-0.00041056987786746574,-40.37484120443
2025-02-21,ADBE,0.029594148596167196,0.03125,0.0016558514038328039,162.83400485961377
2025-02-21,AMGN,0.03189657644638567,0.03125,-0.0006465764463856674,-63.58338192012455
2025-02-21,AMZN,0.02902745976799352,0.0,-0.02902745976799352,-2854.5179319731787
2025-02-21,AVGO,0.02875793882862103,0.0,-0.02875793882862103,-2828.0136370527757
2025-02-21,BA,0.029440960644323704,0.03125,0.0018090393556762958,177.8982839592836
2025-02-21,BAC,0.02924594927835885,0.0,-0.02924594927835885,-2876.003870814219
2025-02-21,BRK-B,0.030594857821654036,0.03125,0.0006551421783459639,64.42572347107564
2025-02-21,COST,0.02959632829943604,0.03125,0.00165367170056396,162.61965602864385
2025-02-21,CSCO,0.030228680152507122,0.03125,0.0010213198474928777,100.43509980722133
2025-02-21,CVX,0.030960922720042857,0.03125,0.00028907727995714297,28.42743684631879
2025-02-21,DE,0.031272093446019666,0.03125,-2.2093446019666452e-05,-2.17263716309609
2025-02-21,EOG,0.031542745727042146,0.03125,-0.00029274572704214574,-28.788186566422837
2025-02-21,GE,0.02940714221879623,0.03125,0.0018428577812037716,181.2239384557794
2025-02-21,GS,0.029027518212370394,0.03125,0.0022224817876296057,218.55560793051933
2025-02-21,INTC,0.03229852119032618,0.03125,-0.001048521190326182,-103.11004007109634
2025-02-21,JNJ,0.03211130366547314,0.03125,-0.0008613036654731426,-84.69934254041208
2025-02-21,JPM,0.029280668742731587,0.03125,0.0019693312572684127,193.661155085516
2025-02-21,KO,0.031752847708520535,0.03125,-0.0005028477085205346,-49.449308086069124
2025-02-21,LLY,0.03171683638500971,0.03125,-0.00046683638500970986,-45.90800720968031
2025-02-21,MA,0.03025572343013013,0.03125,0.0009942765698698688,97.77570344490769
2025-02-21,MCD,0.03027767579895444,0.03125,0.0009723242010455588,95.61693960683405
2025-02-21,MS,0.029047791312263337,0.0,-0.029047791312263337,-2856.517306295519
2025-02-21,NKE,0.0,0.03125,0.03125,3073.0792872382267
2025-02-21,NVDA,0.029673522705137435,0.03125,0.0015764772948625647,155.02847109259193
2025-02-21,ORCL,0.029531692580398564,0.0,-0.029531692580398564,-2904.1034491491087
2025-02-21,PEP,0.0,0.03125,0.03125,3073.0792872382267
2025-02-21,PFE,0.0,0.03125,0.03125,3073.0792872382267
2025-02-21,PG,0.0,0.03125,0.03125,3073.0792872382267
2025-02-21,QCOM,0.02943908889805225,0.03125,0.0018109111019477507,178.08234874961232
2025-02-21,RTX,0.031025745836406275,0.03125,0.0002242541635937255,22.05282640693794
2025-02-21,SLB,0.030641839118756425,0.03125,0.0006081608812435746,59.805651438661634
2025-02-21,V,0.030191798045176507,0.03125,0.0010582019548234928,104.06203229065848
2025-02-21,WFC,0.029698813704383854,0.03125,0.0015511862956161457,152.54139122258465
2025-02-21,WMT,0.02792127162485194,0.0,-0.02792127162485194,-2745.7370081179174
2025-02-21,XOM,0.0,0.03125,0.03125,3073.0792872382267
2025-02-28,AAPL,0.030540790630341798,0.037037037037037035,0.006496246406695237,643.5598698026057
2025-02-28,ABBV,0.032075792698885865,0.037037037037037035,0.00496124433815117,491.4927113954332
2025-02-28,ABT,0.03171949852944806,0.037037037037037035,0.0053175385075889745,526.7894989462411
2025-02-28,ADBE,0.030607316055793685,0.0,-0.030607316055793685,-3032.1572032078057
2025-02-28,AMGN,0.031526114368195114,0.037037037037037035,0.005510922668841921,545.9473753330674
2025-02-28,BA,0.0305681971990162,0.0,-0.0305681971990162,-3028.281838143359
2025-02-28,BRK-B,0.03328218779373059,0.037037037037037035,0.003754849243306442,371.97946919935424
2025-02-28,COST,0.03141616309141624,0.037037037037037035,0.005620873945620795,556.8398546108724
2025-02-28,CSCO,0.031072319774482642,0.037037037037037035,0.005964717262554393,590.9031807880044
2025-02-28,CVX,0.03134524185402654,0.037037037037037035,0.005691795183010495,563.8657676448538
2025-02-28,DE,0.03042770275964782,0.037037037037037035,0.006609334277389214,654.7630802080887
2025-02-28,EOG,0.029578611529815228,0.0,-0.029578611529815228,-2930.247129396299
2025-02-28,GE,0.032118832472263936,0.037037037037037035,0.004918204564773099,487.228915163354
2025-02-28,GS,0.030998196615892634,0.037037037037037035,0.006038840421144401,598.2462966898859
2025-02-28,INTC,0.029587892480323744,0.037037037037037035,0.007449144556713291,737.9600773945978
2025-02-28,JNJ,0.03152899768088036,0.037037037037037035,0.005508039356156673,545.6617358698836
2025-02-28,JPM,0.031057423987575352,0.037037037037037035,0.005979613049461683,592.3788530581916
2025-02-28,KO,0.030948461049847813,0.037037037037037035,0.006088575987189222,603.1734211252175
2025-02-28,LLY,0.03267569422491848,0.037037037037037035,0.004361342812118557,432.06261533410856
2025-02-28,MA,0.0320549865625752,0.037037037037037035,0.004982050474461833,493.55390081727916
2025-02-28,MCD,0.031367403297526776,0.037037037037037035,0.005669633739510259,561.6703127928101
2025-02-28,NKE,0.03219698860393552,0.037037037037037035,0.0048400484331015126,479.4862670595193
2025-02-28,NVDA,0.028815615069742236,0.0,-0.028815615069742236,-2854.6598022286676
2025-02-28,PEP,0.031003251748227142,0.037037037037037035,0.0060337852888098925,597.7455028308847
2025-02-28,PFE,0.031162592289016643,0.037037037037037035,0.005874444748020392,581.9602060202401
2025-02-28,PG,0.03166691072461513,0.037037037037037035,0.005370126312421904,531.9991844650361
2025-02-28,QCOM,0.0294609973698976,0.0,-0.0294609973698976,-2918.5955157251306
2025-02-28,RTX,0.03344901026831261,0.037037037037037035,0.0035880267687244255,355.4529639991355
2025-02-28,SLB,0.030949876241882553,0.037037037037037035,0.006087160795154482,603.0332231178445
2025-02-28,V,0.032270928593558956,0.037037037037037035,0.004766108443478079,472.16129705126644
2025-02-28,WFC,0.03133740712552867,0.037037037037037035,0.0056996299115083665,564.6419261426029
2025-02-28,XOM,0.031188597308678897,0.037037037037037035,0.005848439728358138,579.383981840873
2025-03-07,AAPL,0.03748165282801151,0.039999999999999994,0.002518347171988483,243.62794628175857
2025-03-07,ABBV,0.038870037948399855,0.039999999999999994,0.001129962051600139,109.31389328275003
2025-03-07,ABT,0.037676915451680545,0.039999999999999994,0.0023230845483194484,224.73800429154738
2025-03-07,ADBE,0.0,0.039999999999999994,0.039999999999999994,3869.6482993548543
2025-03-07,AMGN,0.03998367179709148,0.039999999999999994,1.632820290851239e-05,1.5796100654111491
2025-03-07,BRK-B,0.03657219944543649,0.039999999999999994,0.003427800554563501,331.609564662357
2025-03-07,COST,0.03486778753559174,0.0,-0.03486778753559174,-3373.151868484225
2025-03-07,CSCO,0.03781538471487431,0.039999999999999994,0.002184615285125681,211.34232057078032
2025-03-07,CVX,0.03737093573881082,0.039999999999999994,0.002629064261189175,254.33885118013296
2025-03-07,DE,0.0394008932111106,0.039999999999999994,0.0005991067888893933,57.958314168944725
2025-03-07,GE,0.0355106957580162,0.039999999999999994,0.004489304241983794,434.30071313197806
2025-03-07,GS,0.0341005108909222,0.0,-0.0341005108909222,-3298.9245994047196
2025-03-07,INTC,0.0329787113988471,0.0,-0.0329787113988471,-3190.4003619865816
2025-03-07,JNJ,0.03829964037807149,0.039999999999999994,0.0017003596219285072,164.4948429821828
2025-03-07,JPM,0.03471101798027558,0.0,-0.03471101798027558,-3357.98579240623
2025-03-07,KO,0.03803307653718697,0.039999999999999994,0.0019669234628130264,190.28255082088975
2025-03-07,LLY,0.035813452087939124,0.039999999999999994,0.00418654791206087,405.0117002018491
2025-03-07,LMT,0.0,0.039999999999999994,0.039999999999999994,3869.6482993548543
2025-03-07,MA,0.03597247162952948,0.039999999999999994,0.004027528370470511,389.6279577348661
2025-03-07,MCD,0.03973776692134651,0.039999999999999994,0.0002622330786534871,25.368744671151358
2025-03-07,MRK,0.0,0.039999999999999994,0.039999999999999994,3869.6482993548543
2025-03-07,NKE,0.03770482878594828,0.039999999999999994,0.0022951712140517125,222.03763462958568
2025-03-07,PEP,0.03849293055096326,0.039999999999999994,0.0015070694490367312,145.7957182618661
2025-03-07,PFE,0.038346303705243036,0.039999999999999994,0.001653696294756958,159.9805763663922
2025-03-07,PG,0.03837613705400423,0.039999999999999994,0.0016238629459957646,157.0944621839469
2025-03-07,RTX,0.03660730234550369,0.039999999999999994,0.0033926976544963044,328.21366772367077
2025-03-07,SLB,0.03765198856310938,0.039999999999999994,0.002348011436890611,227.14946159073756
2025-03-07,V,0.036098062143342935,0.039999999999999994,0.003901937856657059,377.4781797800329
2025-03-07,WFC,0.03439641322918272,0.0,-0.03439641322918272,-3327.550548905344
2025-03-07,XOM,0.03712921136956021,0.039999999999999994,0.002870788630439783,277.72355853971396
2025-03-14,AAPL,0.03695344034997664,0.0,-0.03695344034997664,-3454.421613839054
2025-03-14,ABBV,0.0408945041346461,0.0625,0.021605495865353902,2019.6899446477657
2025-03-14,ABT,0.038233952766599605,0.0,-0.038233952766599605,-3574.1244000175116
2025-03-14,ADBE,0.036347997746973816,0.0,-0.036347997746973816,-3397.8246097727397
2025-03-14,AMGN,0.03996083326382643,0.0625,0.022539166736173573,2106.9698516286985
2025-03-14,BRK-B,0.042965846326767754,0.0625,0.019534153673232246,1826.0600912334182
2025-03-14,CSCO,0.03915481988514822,0.0,-0.03915481988514822,-3660.207407381941
2025-03-14,CVX,0.041561126208319255,0.0625,0.020938873791680745,1957.3738604686043
2025-03-14,DE,0.03954904745164856,0.0625,0.022950952548351437,2145.463745468826
2025-03-14,GE,0.04215533528643812,0.0625,0.02034466471356188,1901.8269705673376
2025-03-14,INTC,0.0,0.0625,0.0625,5842.523695228213
2025-03-14,JNJ,0.04041791688053709,0.0625,0.022082083119462907,2064.2415018473757
2025-03-14,KO,0.04036174339381844,0.0625,0.02213825660618156,2069.4926206825326
2025-03-14,LLY,0.03871147852240806,0.0,-0.03871147852240806,-3618.7636887117947
2025-03-14,LMT,0.040727638202327866,0.0625,0.021772361797672134,2035.2886352636956
2025-03-14,MA,0.039933321368992455,0.0,-0.039933321368992455,-3732.982021240025
2025-03-14,MCD,0.038617154350906575,0.0625,0.023882845649093425,2232.577465828902
2025-03-14,MRK,0.04134616847478231,0.0625,0.021153831525217687,1977.4681908951984
2025-03-14,NKE,0.03773218884335455,0.0,-0.03773218884335455,-3527.2193182419933
2025-03-14,PEP,0.03981366294329639,0.0,-0.03981366294329639,-3721.796306240618
2025-03-14,PFE,0.03981753404268513,0.0,-0.03981753404268513,-3722.158178079102
2025-03-14,PG,0.03950434655302415,0.0625,0.02299565344697585,2149.642402419404
2025-03-14,RTX,0.04189357302200472,0.0625,0.02060642697799528,1926.296606286837
2025-03-14,SLB,0.041111075607133916,0.0625,0.021388924392866084,1999.444761292237
2025-03-14,V,0.03976097954609659,0.0,-0.03976097954609659,-3716.8714422968587
2025-03-14,XOM,0.04247431482828707,0.0625,0.02002568517171293,1872.008642062609
2025-03-21,ABBV,0.061636135402221445,0.06666666666666667,0.0050305312644452205,472.5183435283092
2025-03-21,AMGN,0.06261430698727953,0.06666666666666667,0.004052359679387135,380.63858118096596
2025-03-21,BA,0.0,0.06666666666666667,0.06666666666666667,6262.00718093764
2025-03-21,BRK-B,0.06303557118726322,0.06666666666666667,0.0036310954794034483,341.069189500419
2025-03-21,COP,0.0,0.06666666666666667,0.06666666666666667,6262.00718093764
2025-03-21,CVX,0.0652124092776672,0.06666666666666667,0.001454257388999472,136.59855319269477
2025-03-21,DE,0.06149275167024818,0.06666666666666667,0.005173914996418484,485.98639291700243
2025-03-21,GE,0.06436623094658502,0.06666666666666667,0.0023004357200816505,216.0801749765512
2025-03-21,INTC,0.06269538759348595,0.06666666666666667,0.00397127907318072,373.0226711064757
2025-03-21,JNJ,0.062465722174137636,0.06666666666666667,0.00420094449252903,394.59516868405825
2025-03-21,KO,0.06171232341631663,0.06666666666666667,0.004954343250350032,465.3619951578275
2025-03-21,LMT,0.05862353059297984,0.0,-0.05862353059297984,-5506.514543177358
2025-03-21,MCD,0.06331560655660798,0.06666666666666667,0.0033510601100586873,314.7654370941177
2025-03-21,MRK,0.061721792097685836,0.0,-0.061721792097685836,-5797.534580040732
2025-03-21,PG,0.061679050066319095,0.0,-0.061679050066319095,-5793.519816430537
2025-03-21,RTX,0.06329063270165063,0.06666666666666667,0.00337603396501604,317.11123398029724
2025-03-21,SLB,0.06198632187300565,0.0,-0.06198632187300565,-5822.3818903301
2025-03-21,UNH,0.0,0.06666666666666667,0.06666666666666667,6262.00718093764
2025-03-21,XOM,0.06415222745654597,0.06666666666666667,0.002514439210120692,236.18154584710413
2025-03-28,ABBV,0.06566525153882097,0.0625,-0.003165251538820968,-294.918500659172
2025-03-28,ABT,0.0,0.0625,0.0625,5823.362239976726
2025-03-28,AMGN,0.06524291426902568,0.0625,-0.002742914269025676,-255.56773410779977
2025-03-28,BA,0.0653646720951439,0.0625,-0.0028646720951439053,-266.91237294041656
2025-03-28,BRK-B,0.06774134258193037,0.0625,-0.005241342581930375,-488.35578365432747
2025-03-28,COP,0.06747161232164672,0.0625,-0.004971612321646723,-463.2239914508889
2025-03-28,CVX,0.06772139089246765,0.0625,-0.005221390892467648,-486.4968090136717
2025-03-28,DE,0.06616262395660447,0.0,-0.06616262395660447,-6164.62281674672
2025-03-28,GE,0.0657764253199931,0.0625,-0.003276425319993101,-305.2769838488238
2025-03-28,INTC,0.06288312151715435,0.0625,-0.0003831215171543473,-35.696886021107545
2025-03-28,JNJ,0.06720784687496349,0.0625,-0.004707846874963492,-438.64796357207734
2025-03-28,KO,0.06883801389040017,0.0625,-0.006338013890400174,-590.5368122528698
2025-03-28,MCD,0.06753789607760154,0.0625,-0.005037896077601536,-469.39990059570636
2025-03-28,RTX,0.06684515688259386,0.0625,-0.004345156882593862,-404.8547602699533
2025-03-28,SLB,0.0,0.0625,0.0625,5823.362239976726
2025-03-28,UNH,0.06706974625860679,0.0625,-0.004569746258606788,-425.78060493833107
2025-03-28,XOM,0.06847198552304713,0.0625,-0.0059719855230471325,-556.4325598816054
2025-04-04,ABBV,0.06283366972265479,0.0,-0.06283366972265479,-5302.078372961493
2025-04-04,ABT,0.0656292420403465,0.0,-0.0656292420403465,-5537.976476495923
2025-04-04,AMGN,0.06617088840433887,0.0,-0.06617088840433887,-5583.682090778733
2025-04-04,BA,0.05437594003856865,0.0,-0.05437594003856865,-4588.391812232427
2025-04-04,BRK-B,0.06469820702471295,0.0,-0.06469820702471295,-5459.413173689487
2025-04-04,COP,0.058156628877670986,0.0,-0.058156628877670986,-4907.416765210367
2025-04-04,CVX,0.059518718499587876,0.0,-0.059518718499587876,-5022.353644725411
2025-04-04,GE,0.05757900916196956,0.0,-0.05757900916196956,-4858.675620280669
2025-04-04,INTC,0.06030521963166478,0.0,-0.06030521963166478,-5088.720779751923
2025-04-04,JNJ,0.06458154965338063,0.0,-0.06458154965338063,-5449.569302906231
2025-04-04,KO,0.06856261930910464,0.5,0.4314373806908954,36405.87626897086
2025-04-04,MCD,0.06742582900900942,0.0,-0.06742582900900942,-5689.577440656348
2025-04-04,RTX,0.06151949723430015,0.0,-0.06151949723430015,-5191.1848733520965
2025-04-04,SLB,0.057297328023203385,0.0,-0.057297328023203385,-4834.906588796187
2025-04-04,UNH,0.07019865152241654,0.5,0.42980134847758344,36267.82335794468
2025-04-04,XOM,0.061147001847070274,0.0,-0.061147001847070274,-5159.752685078246
2025-04-11,KO,0.47219637939906856,0.25,-0.22219637939906856,-20244.473576605473
2025-04-11,LMT,0.0,0.25,0.25,22777.681651875668
2025-04-11,MCD,0.0,0.25,0.25,22777.681651875668
2025-04-11,UNH,0.5278036206009314,0.25,-0.27780362060093144,-25310.889727145863
2025-04-17,COST,0.0,0.16666666666666666,0.16666666666666666,14264.413222246698
2025-04-17,KO,0.2717140002254801,0.16666666666666666,-0.10504733355881343,-8990.631442668586
2025-04-17,LLY,0.0,0.16666666666666666,0.16666666666666666,14264.413222246698
2025-04-17,LMT,0.25981278462739565,0.16666666666666666,-0.093146117960729,-7972.04829983984
2025-04-17,MCD,0.2670713890983413,0.16666666666666666,-0.10040472243167467,-8593.28670138234
2025-04-17,UNH,0.20140182604878293,0.0,-0.20140182604878293,-17237.273222849333
2025-04-17,WMT,0.0,0.16666666666666666,0.16666666666666666,14264.413222246698
2025-04-25,AVGO,0.0,0.08333333333333333,0.08333333333333333,7228.9352933994505
2025-04-25,BA,0.0,0.08333333333333333,0.08333333333333333,7228.9352933994505
2025-04-25,BRK-B,0.0,0.08333333333333333,0.08333333333333333,7228.9352933994505
2025-04-25,COST,0.16140785901318455,0.08333333333333333,-0.07807452567985122,-6772.748330429979
2025-04-25,GE,0.0,0.08333333333333333,0.08333333333333333,7228.9352933994505
2025-04-25,KO,0.16181930658265964,0.08333333333333333,-0.07848597324932631,-6808.440264706322
2025-04-25,LLY,0.17299064979391668,0.08333333333333333,-0.08965731646058335,-7777.523271280735
2025-04-25,LMT,0.16907198462487427,0.08333333333333333,-0.08573865129154094,-7437.589947958665
2025-04-25,MCD,0.16714278622826342,0.08333333333333333,-0.0838094528949301,-7270.237343431908
2025-04-25,MSFT,0.0,0.08333333333333333,0.08333333333333333,7228.9352933994505
2025-04-25,TSLA,0.0,0.08333333333333333,0.08333333333333333,7228.9352933994505
2025-04-25,WMT,0.16756741375710107,0.08333333333333333,-0.08423408042376775,-7307.072602589069
2025-05-02,ABBV,0.0,0.034482758620689655,0.034482758620689655,3052.3509673365365
2025-05-02,ABT,0.0,0.034482758620689655,0.034482758620689655,3052.3509673365365
2025-05-02,AVGO,0.08639101526708677,0.034482758620689655,-0.051908256646397116,-4594.824304234119
2025-05-02,BA,0.08502754610126323,0.034482758620689655,-0.050544787480573575,-4474.1324978443035
2025-05-02,BAC,0.0,0.034482758620689655,0.034482758620689655,3052.3509673365365
2025-05-02,BLK,0.0,0.034482758620689655,0.034482758620689655,3052.3509673365365
2025-05-02,BRK-B,0.08294274551989081,0.034482758620689655,-0.048459986899201155,-4289.589748777883
2025-05-02,CAT,0.0,0.034482758620689655,0.034482758620689655,3052.3509673365365
2025-05-02,COST,0.08429404477533148,0.034482758620689655,-0.04981128615464182,-4409.204296873541
2025-05-02,CRM,0.0,0.034482758620689655,0.034482758620689655,3052.3509673365365
2025-05-02,DE,0.0,0.034482758620689655,0.034482758620689655,3052.3509673365365
2025-05-02,GE,0.0853957980749268,0.034482758620689655,-0.05091303945423714,-4506.729491617335
2025-05-02,GS,0.0,0.034482758620689655,0.034482758620689655,3052.3509673365365
2025-05-02,HD,0.0,0.034482758620689655,0.034482758620689655,3052.3509673365365
2025-05-02,HON,0.0,0.034482758620689655,0.034482758620689655,3052.3509673365365
2025-05-02,JPM,0.0,0.034482758620689655,0.034482758620689655,3052.3509673365365
2025-05-02,KO,0.08128946682384859,0.034482758620689655,-0.04680670820315894,-4143.244530790784
2025-05-02,LLY,0.07596557792105607,0.0,-0.07596557792105607,-6724.334552296821
2025-05-02,LMT,0.08075773396408166,0.034482758620689655,-0.046274975343392005,-4096.176506833432
2025-05-02,MA,0.0,0.034482758620689655,0.034482758620689655,3052.3509673365365
2025-05-02,MCD,0.08035323380540231,0.034482758620689655,-0.045870475184712656,-4060.3708897650836
2025-05-02,MS,0.0,0.034482758620689655,0.034482758620689655,3052.3509673365365
2025-05-02,MSFT,0.0906267178819604,0.034482758620689655,-0.05614395926127075,-4969.760982476043
2025-05-02,NVDA,0.0,0.034482758620689655,0.034482758620689655,3052.3509673365365
2025-05-02,ORCL,0.0,0.034482758620689655,0.034482758620689655,3052.3509673365365
2025-05-02,RTX,0.0,0.034482758620689655,0.034482758620689655,3052.3509673365365
2025-05-02,TSLA,0.08223150208103248,0.034482758620689655,-0.04774874346034283,-4226.631775418165
2025-05-02,V,0.0,0.034482758620689655,0.034482758620689655,3052.3509673365365
2025-05-02,WFC,0.0,0.034482758620689655,0.034482758620689655,3052.3509673365365
2025-05-02,WMT,0.08472461778411933,0.034482758620689655,-0.05024185916342967,-4447.317835130137
2025-05-09,ABBV,0.03198258017569874,0.0,-0.03198258017569874,-2835.5140418672104
2025-05-09,ABT,0.03449434075093827,0.03571428571428571,0.001219944963347444,108.15797396187666
2025-05-09,AMZN,0.0,0.03571428571428571,0.03571428571428571,3166.3598772140713
2025-05-09,AVGO,0.03515558388075017,0.03571428571428571,0.0005587018335355409,49.53342993292042
2025-05-09,BA,0.03612658056640706,0.03571428571428571,-0.00041229485212134626,-36.55326856549031
2025-05-09,BAC,0.03498842170612025,0.03571428571428571,0.000725864008165461,64.35370680952929
2025-05-09,BLK,0.03417245456613945,0.03571428571428571,0.0015418311481462596,136.6957839780182
2025-05-09,BRK-B,0.03272556905241881,0.0,-0.03272556905241881,-2901.386006584168
2025-05-09,CAT,0.03459169762764288,0.03571428571428571,0.0011225880866428325,99.5265005331626
2025-05-09,COST,0.034378450270593476,0.03571428571428571,0.0013358354436922362,118.43260104109152
2025-05-09,CRM,0.034428119559712374,0.03571428571428571,0.0012861661545733385,114.02901740360846
2025-05-09,CSCO,0.0,0.03571428571428571,0.03571428571428571,3166.3598772140713
2025-05-09,DE,0.035165879563993925,0.03571428571428571,0.0005484061502917872,48.620634459637664
2025-05-09,GE,0.03558753124684602,0.03571428571428571,0.00012675446743969088,11.23780727884289
2025-05-09,GS,0.03444634839565014,0.03571428571428571,0.001267937318635573,112.41288387140202
2025-05-09,HD,0.03421487172836549,0.03571428571428571,0.0014994139859202255,132.93515996183996
2025-05-09,HON,0.03420897153375328,0.03571428571428571,0.00150531418053243,133.45825986749944
2025-05-09,JPM,0.03446322855446154,0.03571428571428571,0.0012510571598241746,110.91632145912244
2025-05-09,KO,0.03384330259580556,0.0,-0.03384330259580556,-3000.48211264966
2025-05-09,LMT,0.03443797178564738,0.03571428571428571,0.001276313928638334,113.15553800235678
2025-05-09,MA,0.034954200096504365,0.03571428571428571,0.0007600856177813475,67.38772889492923
2025-05-09,MCD,0.03457519252655625,0.03571428571428571,0.0011390931877294647,100.9898110489647
2025-05-09,MS,0.034808919088555546,0.03571428571428571,0.0009053666257301668,80.2680636206593
2025-05-09,MSFT,0.03465814352694238,0.03571428571428571,0.0010561421873433313,93.63553490583689
2025-05-09,NVDA,0.03503128120279983,0.03571428571428571,0.0006830045114858824,60.55386627150268
2025-05-09,ORCL,0.03429663962194476,0.03571428571428571,0.001417646092340949,125.68577579257548
2025-05-09,RTX,0.0339789236586145,0.03571428571428571,0.0017353620556712149,153.85386199447788
2025-05-09,TSLA,0.03570854775223436,0.03571428571428571,5.737962051353962e-06,0.5087166788587557
2025-05-09,V,0.0348742847232631,0.03571428571428571,0.0008400009910226117,74.47287217423354
2025-05-09,WFC,0.03394179272102406,0.03571428571428571,0.001772492993261654,157.14581950218965
2025-05-09,WMT,0.033760171520615785,0.03571428571428571,0.001954114193669927,173.2480057932676
2025-05-16,AAPL,0.0,0.029411764705882353,0.029411764705882353,2766.9956436928705
2025-05-16,ABT,0.03404412960441324,0.029411764705882353,-0.0046323648985308885,-435.802938803845
2025-05-16,ADBE,0.0,0.029411764705882353,0.029411764705882353,2766.9956436928705
2025-05-16,AMZN,0.0358341078434521,0.029411764705882353,-0.006422343137569744,-604.2002464545136
2025-05-16,AVGO,0.03694889307919084,0.029411764705882353,-0.007537128373308485,-709.0768467465493
2025-05-16,BA,0.03554463668669102,0.029411764705882353,-0.0061328719808086685,-576.9674218436041
2025-05-16,BAC,0.03598528060273575,0.029411764705882353,-0.006573515896853399,-618.4222549115324
2025-05-16,BLK,0.03606501961207496,0.029411764705882353,-0.006653254906192604,-625.9239296216473
2025-05-16,CAT,0.036539577017554455,0.029411764705882353,-0.007127812311672102,-670.5692709255419
2025-05-16,COST,0.03424230512075567,0.029411764705882353,-0.0048305404148733175,-454.4468656776519
2025-05-16,CRM,0.03557199016334866,0.029411764705882353,-0.006160225457466306,-579.5407781691564
2025-05-16,CSCO,0.035817667511971366,0.029411764705882353,-0.006405902806089013,-602.65357538452
2025-05-16,DE,0.036306084988162846,0.029411764705882353,-0.006894320282280493,-648.6028423679799
2025-05-16,GE,0.03628317328186491,0.029411764705882353,-0.006871408575982556,-646.4473582564372
2025-05-16,GS,0.03673152431133748,0.029411764705882353,-0.007319759605455126,-688.6272599998948
2025-05-16,HD,0.03532657063505902,0.029411764705882353,-0.005914805929176668,-556.4522361369005
2025-05-16,HON,0.03538592690911982,0.029411764705882353,-0.005974162203237467,-562.0363468964708
2025-05-16,INTC,0.0,0.029411764705882353,0.029411764705882353,2766.9956436928705
2025-05-16,JPM,0.0355754411318085,0.029411764705882353,-0.006163676425926148,-579.8654378687833
2025-05-16,KO,0.0,0.029411764705882353,0.029411764705882353,2766.9956436928705
2025-05-16,LMT,0.033280614479777454,0.029411764705882353,-0.0038688497738951014,-363.97307599597633
2025-05-16,MA,0.03451649035316438,0.029411764705882353,-0.005104725647282024,-480.2416233614054
2025-05-16,MCD,0.03417901048880181,0.029411764705882353,-0.004767245782919455,-448.49224266754555
2025-05-16,MS,0.03654786628263943,0.029411764705882353,-0.0071361015767570785,-671.3491071784465
2025-05-16,MSFT,0.03490601021246899,0.029411764705882353,-0.0054942455065866355,-516.8868149915479
2025-05-16,NKE,0.0,0.029411764705882353,0.029411764705882353,2766.9956436928705
2025-05-16,NVDA,0.03905897013826463,0.029411764705882353,-0.009647205432382275,-907.5883637772063
2025-05-16,ORCL,0.03592198423668242,0.029411764705882353,-0.006510219530800068,-612.4674687610731
2025-05-16,QCOM,0.0,0.029411764705882353,0.029411764705882353,2766.9956436928705
2025-05-16,RTX,0.035431108934689606,0.029411764705882353,-0.006019344228807254,-566.2869748059147
2025-05-16,TSLA,0.03948527132535144,0.029411764705882353,-0.01007350661946909,-947.6938637145971
2025-05-16,V,0.03490879162095766,0.029411764705882353,-0.005497026915075309,-517.1484839273785
2025-05-16,WFC,0.03538258179378132,0.029411764705882353,-0.005970817087898969,-561.7216456311155
2025-05-16,WMT,0.03417897163388003,0.029411764705882353,-0.004767206927997675,-448.4885872799693
2025-05-23,AAPL,0.02797586781158651,0.0,-0.02797586781158651,-2556.6624711660943
2025-05-23,ABT,0.029480855376493368,0.030303030303030304,0.0008221749265369359,75.1370357326377
2025-05-23,ADBE,0.029581757305345555,0.030303030303030304,0.0007212729976847493,65.91579632365627
2025-05-23,AMZN,0.029589513306852784,0.030303030303030304,0.0007135169961775198,65.20698978677277
2025-05-23,AVGO,0.03028127846838299,0.030303030303030304,2.1751834647313478e-05,1.9878596687808336
2025-05-23,BA,0.029757909683712468,0.030303030303030304,0.0005451206193178362,49.817558441976885
2025-05-23,BAC,0.029257599139028784,0.030303030303030304,0.0010454311640015201,95.54000759480274
2025-05-23,BLK,0.029455395207064482,0.030303030303030304,0.0008476350959658215,77.46379321257557
2025-05-23,CAT,0.029394449905001334,0.030303030303030304,0.00090858039802897,83.0334708943596
2025-05-23,COST,0.029755405691178623,0.030303030303030304,0.0005476246118516805,50.04639365747315
2025-05-23,CRM,0.028393437727086388,0.030303030303030304,0.0019095925759439157,174.51411005420857
2025-05-23,CSCO,0.030024088813058715,0.030303030303030304,0.0002789414899715889,25.49194340867425
2025-05-23,DE,0.02904689521551776,0.030303030303030304,0.0012561350875125443,114.7958468558454
2025-05-23,GE,0.030398606464387426,0.030303030303030304,-9.55761613571221e-05,-8.734527433628582
2025-05-23,GS,0.029264886226874988,0.030303030303030304,0.001038144076155316,94.87405420433224
2025-05-23,HD,0.028830406952675847,0.030303030303030304,0.0014726233503544565,134.5803061185041
2025-05-23,HON,0.030151289418706862,0.030303030303030304,0.00015174088432344177,13.867316892690823
2025-05-23,INTC,0.028016975465689858,0.0,-0.028016975465689858,-2560.419223136454
2025-05-23,JPM,0.029491839224831676,0.030303030303030304,0.0008111910781986274,74.1332422837745
2025-05-23,KO,0.030170031008897202,0.030303030303030304,0.00013299929413310152,12.154557860072982
2025-05-23,LMT,0.030302908720050797,0.030303030303030304,1.2158297950717878e-07,0.011111242122391634
2025-05-23,MA,0.029244473225368283,0.030303030303030304,0.0010585570776620208,96.73956040515988
2025-05-23,MCD,0.02988293650114274,0.030303030303030304,0.00042009380188756315,38.39159038385906
2025-05-23,MS,0.0288676488009544,0.030303030303030304,0.0014353815020759046,131.17684294474685
2025-05-23,MSFT,0.02999421201772575,0.030303030303030304,0.0003088182853045532,28.222328106691172
2025-05-23,NKE,0.028784792029275315,0.030303030303030304,0.001518238273754989,138.74896903787052
2025-05-23,NVDA,0.029347985169750637,0.030303030303030304,0.0009550451332796667,87.2797965364519
2025-05-23,ORCL,0.02941429861182801,0.030303030303030304,0.0008887316912022936,81.21953453368216
2025-05-23,PG,0.0,0.030303030303030304,0.030303030303030304,2769.3375183264034
2025-05-23,QCOM,0.028853609582707995,0.030303030303030304,0.0014494207203223086,132.45986096073224
2025-05-23,RTX,0.029718203287892535,0.030303030303030304,0.0005848270151377691,53.44625202681162
2025-05-23,TSLA,0.029346556510548093,0.030303030303030304,0.0009564737924822111,87.41035904095868
2025-05-23,V,0.029306792938365453,0.030303030303030304,0.000996237364664851,91.0442778671248
2025-05-23,WFC,0.02893574798496725,0.030303030303030304,0.0013672823180630525,124.95338531135809
2025-05-23,WMT,0.029681346207049052,0.030303030303030304,0.0006216840959812515,56.81455202107452
2025-05-30,ABT,0.03021870083039945,0.030303030303030304,8.432947263085216e-05,7.861537484661529
2025-05-30,ADBE,0.030242052932301883,0.030303030303030304,6.097737072842044e-05,5.684559273790585
2025-05-30,AMGN,0.0,0.030303030303030304,0.030303030303030304,2824.9721146595957
2025-05-30,AMZN,0.030297000615303125,0.030303030303030304,6.029687727178434e-06,0.5621120897496811
2025-05-30,AVGO,0.03143662705802178,0.030303030303030304,-0.0011335967549914727,-105.67851432994404
2025-05-30,BA,0.030430956782585714,0.030303030303030304,-0.0001279264795554097,-11.925828336529909
2025-05-30,BAC,0.030342353340283904,0.030303030303030304,-3.932303725360034e-05,-3.665853962269667
2025-05-30,BLK,0.030218223224998182,0.030303030303030304,8.480707803212167e-05,7.906061808694636
2025-05-30,CAT,0.030104272452333804,0.030303030303030304,0.00019875785069650015,18.529017730980513
2025-05-30,COST,0.030635969239025167,0.030303030303030304,-0.00033293893599486285,-31.037925932307477
2025-05-30,CRM,0.028859011580542326,0.0,-0.028859011580542326,-2690.3547980651238
2025-05-30,CSCO,0.029669969358007326,0.030303030303030304,0.0006330609450229778,59.016524046808804
2025-05-30,DE,0.029481626120101953,0.030303030303030304,0.0008214041829283508,76.57464908403225
2025-05-30,GE,0.031376966311726734,0.030303030303030304,-0.00107393600869643,-100.11669615737591
2025-05-30,GS,0.02994623154757119,0.030303030303030304,0.00035679875545911385,33.26223564566908
2025-05-30,HD,0.03015987228220652,0.030303030303030304,0.00014315802082378454,13.34577475496262
2025-05-30,HON,0.03032364786133402,0.030303030303030304,-2.061755830371631e-05,-1.92205290025211
2025-05-30,JPM,0.03007774752378486,0.030303030303030304,0.00022528277924544274,21.001779786285844
2025-05-30,KO,0.029839487209216545,0.030303030303030304,0.00046354309381375913,43.21337836090792
2025-05-30,LMT,0.030558124301737592,0.030303030303030304,-0.0002550939987072884,-23.78090328784832
2025-05-30,MA,0.030863453247319674,0.030303030303030304,-0.0005604229442893703,-52.24491327108568
2025-05-30,MCD,0.029634924790336425,0.030303030303030304,0.0006681055126938791,62.28352161934851
2025-05-30,MS,0.030164700877562248,0.030303030303030304,0.00013832942546805616,12.89563339627667
2025-05-30,MSFT,0.030374589534491524,0.030303030303030304,-7.155923146122053e-05,-6.671043503005849
2025-05-30,NKE,0.02998500257240108,0.030303030303030304,0.0003180277306292223,29.64784253362887
2025-05-30,NVDA,0.030571681922378156,0.030303030303030304,-0.0002686516193478525,-25.04479999612231
2025-05-30,ORCL,0.03152351927932937,0.030303030303030304,-0.001220488976299068,-113.77896170171202
2025-05-30,PFE,0.0,0.030303030303030304,0.030303030303030304,2824.9721146595957
2025-05-30,PG,0.030424622007281743,0.030303030303030304,-0.00012159170425143917,-11.335274738180326
2025-05-30,QCOM,0.0296661408769297,0.0,-0.0296661408769297,-2765.598683987356
2025-05-30,RTX,0.030629792378744903,0.030303030303030304,-0.00032676207571459906,-30.462093816726984
2025-05-30,TSLA,0.03032613774929889,0.030303030303030304,-2.3107446268585963e-05,-2.154170414541759
2025-05-30,V,0.030681696984420304,0.030303030303030304,-0.0003786666813899997,-35.300852917355485
2025-05-30,WFC,0.030498194359415177,0.030303030303030304,-0.0001951640563848736,-18.193989563346992
2025-05-30,WMT,0.030436702848608777,0.030303030303030304,-0.00013367254557847263,-12.461500053906718
2025-06-06,AAPL,0.0,0.02777777777777777,0.02777777777777777,2613.752192196966
2025-06-06,ABBV,0.0,0.02777777777777777,0.02777777777777777,2613.752192196966
2025-06-06,ABT,0.030018636274306232,0.02777777777777777,-0.0022408584965284625,-210.85375707736085
2025-06-06,ADBE,0.03015098014643141,0.02777777777777777,-0.00237320236865364,-223.3066641694375
2025-06-06,AMGN,0.030242593787634,0.02777777777777777,-0.002464816009856232,-231.92705696846068
2025-06-06,AMZN,0.03127203814813461,0.02777777777777777,-0.0034942603703568414,-328.7927053125785
2025-06-06,AVGO,0.03062131409510467,0.02777777777777777,-0.0028435363173269015,-267.56277418817564
2025-06-06,BA,0.03052251782114491,0.02777777777777777,-0.002744740043367142,-258.26653099301996
2025-06-06,BAC,0.03077030290538422,0.02777777777777777,-0.002992525127606449,-281.5818880494911
2025-06-06,BLK,0.03045971509156156,0.02777777777777777,-0.0026819373137837894,-252.3571031965401
2025-06-06,CAT,0.03047749703280842,0.02777777777777777,-0.002699719255030649,-254.030296361498
2025-06-06,COST,0.02929023591492772,0.02777777777777777,-0.0015124581371499524,-142.31486777694585
2025-06-06,CSCO,0.031456709273113254,0.02777777777777777,-0.0036789314953354843,-346.16934939152117
2025-06-06,DE,0.030832756257791142,0.02777777777777777,-0.0030549784800133727,-287.45844117298236
2025-06-06,EOG,0.0,0.02777777777777777,0.02777777777777777,2613.752192196966
2025-06-06,GE,0.031205172397109383,0.02777777777777777,-0.003427394619331614,-322.5009671928754
2025-06-06,GS,0.030696043629041752,0.02777777777777777,-0.0029182658512639827,-274.59445558157216
2025-06-06,HD,0.03012644963943148,0.02777777777777777,-0.0023486718616537103,-220.9984641773538
2025-06-06,HON,0.03029807000102733,0.02777777777777777,-0.0025202922232495616,-237.14709564583833
2025-06-06,JNJ,0.0,0.02777777777777777,0.02777777777777777,2613.752192196966
2025-06-06,JPM,0.030215349978052697,0.02777777777777777,-0.0024375722002749275,-229.36354855585114
2025-06-06,KO,0.02970637823231703,0.02777777777777777,-0.0019286004545392595,-181.47181197326603
2025-06-06,LMT,0.030182171280779716,0.02777777777777777,-0.002404393503001947,-226.2415964175174
2025-06-06,MA,0.030250341908908657,0.02777777777777777,-0.0024725641311308874,-232.65611705127404
2025-06-06,MCD,0.029564625749916706,0.0,-0.029564625749916706,-2781.885793151797
2025-06-06,MS,0.030907261479708542,0.02777777777777777,-0.003129483701930773,-294.4690159091845
2025-06-06,MSFT,0.03067201222822191,0.02777777777777777,-0.0028942344504441393,-272.3332190248927
2025-06-06,NKE,0.03132032230299809,0.02777777777777777,-0.0035425445252203203,-333.3360066749991
2025-06-06,NVDA,0.031482577652456045,0.02777777777777777,-0.003704799874678276,-348.6034365872901
2025-06-06,ORCL,0.031558288893684006,0.02777777777777777,-0.0037805111159062363,-355.72749180569735
2025-06-06,PFE,0.02983972701683594,0.02777777777777777,-0.0020619492390581695,-194.0192763763377
2025-06-06,PG,0.028981443503944052,0.0,-0.028981443503944052,-2727.0112136927874
2025-06-06,QCOM,0.0,0.02777777777777777,0.02777777777777777,2613.752192196966
2025-06-06,RTX,0.030594902173401158,0.02777777777777777,-0.002817124395623389,-265.0775423310788
2025-06-06,TSLA,0.025572074606696985,0.02777777777777777,0.002205703171080785,207.5458139549353
2025-06-06,V,0.03043209972118902,0.02777777777777777,-0.0026543219434112496,-249.75863274195603
2025-06-06,WFC,0.030640854031605432,0.02777777777777777,-0.002863076253827663,-269.4013860552888
2025-06-06,WMT,0.02963853682433208,0.02777777777777777,-0.001860759046554309,-175.0882693349399
2025-06-13,AAPL,0.026732401423159698,0.0,-0.026732401423159698,-2517.294676476289
2025-06-13,ABBV,0.02793161942836217,0.02631578947368421,-0.0016158299546779609,-152.1569304087229
2025-06-13,ABT,0.028172669406237784,0.02631578947368421,-0.0018568799325535748,-174.8557450967783
2025-06-13,ADBE,0.02606900174565226,0.02631578947368421,0.000246787728031949,23.239118108420016
2025-06-13,AMGN,0.028216274347488544,0.02631578947368421,-0.0019004848738043353,-178.96186653125233
2025-06-13,AMZN,0.0275579034782012,0.02631578947368421,-0.00124211400451699,-116.96543537754825
2025-06-13,AVGO,0.027947804515571224,0.02631578947368421,-0.0016320150418870152,-153.68102221120344
2025-06-13,BA,0.02636935280283138,0.02631578947368421,-5.356332914717085e-05,-5.043867222482526
2025-06-13,BAC,0.02720588623125847,0.02631578947368421,-0.0008900967575742602,-83.81722965783798
2025-06-13,BLK,0.027265493901329742,0.02631578947368421,-0.0009497044276455327,-89.43027085725575
2025-06-13,CAT,0.028039464863397905,0.02631578947368421,-0.0017236753897136962,-162.3123494898732
2025-06-13,COP,0.0,0.02631578947368421,0.02631578947368421,2478.063818538383
2025-06-13,COST,0.02707277132161594,0.0,-0.02707277132161594,-2549.346093027081
2025-06-13,CSCO,0.026921388574565608,0.02631578947368421,-0.0006055991008813988,-57.02710237647569
2025-06-13,CVX,0.0,0.02631578947368421,0.02631578947368421,2478.063818538383
2025-06-13,DE,0.027193905472723476,0.02631578947368421,-0.0008781159990392667,-82.68904445655792
2025-06-13,EOG,0.030481210956008916,0.02631578947368421,-0.004165421482324707,-392.24285004383233
2025-06-13,GE,0.02568317159873055,0.02631578947368421,0.0006326178749536601,59.57136374156557
2025-06-13,GS,0.027728112498568304,0.02631578947368421,-0.0014123230248840948,-132.9934103460505
2025-06-13,HD,0.02679178375518657,0.0,-0.02679178375518657,-2522.886498397626
2025-06-13,HON,0.02720430378937626,0.02631578947368421,-0.0008885143156920523,-83.6682167628549
2025-06-13,JNJ,0.028119406531796728,0.02631578947368421,-0.0018036170581125187,-169.8401706198764
2025-06-13,JPM,0.027667450681765755,0.02631578947368421,-0.0013516612080815456,-127.28110391741285
2025-06-13,KO,0.027816935916307562,0.0,-0.027816935916307562,-2619.4214125984995
2025-06-13,LLY,0.0,0.02631578947368421,0.02631578947368421,2478.063818538383
2025-06-13,LMT,0.02802311262274576,0.02631578947368421,-0.0017073231490615515,-160.77251744521294
2025-06-13,MA,0.026428038979276435,0.02631578947368421,-0.0001122495055922261,-10.570134661362863
2025-06-13,MRK,0.0,0.02631578947368421,0.02631578947368421,2478.063818538383
2025-06-13,MS,0.027258421171218225,0.02631578947368421,-0.000942631697534016,-88.76425714692556
2025-06-13,MSFT,0.02801908393728119,0.02631578947368421,-0.0017032944635969813,-160.39315053714407
2025-06-13,NKE,0.026745875887849973,0.02631578947368421,-0.00043008641416576385,-40.499700107985554
2025-06-13,NVDA,0.027799778778107197,0.02631578947368421,-0.0014839893044229883,-139.7419676907649
2025-06-13,ORCL,0.03431856781880582,0.02631578947368421,-0.008002778345121614,-753.5930276634773
2025-06-13,PFE,0.0291630822242104,0.02631578947368421,-0.002847292750526191,-268.11937954289243
2025-06-13,QCOM,0.028767818061577372,0.02631578947368421,-0.002452028587893163,-230.89876637583285
2025-06-13,RTX,0.029063531846852578,0.02631578947368421,-0.0027477423731683687,-258.74507638930646
2025-06-13,SLB,0.0,0.02631578947368421,0.02631578947368421,2478.063818538383
2025-06-13,TSLA,0.03058546391051342,0.02631578947368421,-0.004269674436829209,-402.05997807609907
2025-06-13,UPS,0.0,0.02631578947368421,0.02631578947368421,2478.063818538383
2025-06-13,V,0.026446977943725712,0.02631578947368421,-0.00013118847004150308,-12.353549238731707
2025-06-13,WFC,0.02630564697456191,0.02631578947368421,1.0142499122300225e-05,0.9550828839721209
2025-06-13,WMT,0.026886286603137806,0.0,-0.026886286603137806,-2531.785493751384
2025-06-13,XOM,0.0,0.02631578947368421,0.02631578947368421,2478.063818538383
2025-06-20,ABBV,0.025664290738692017,0.030303030303030304,0.004638739564338287,434.1928172332334
2025-06-20,ABT,0.02595161460015163,0.030303030303030304,0.004351415702878673,407.29888297907416
2025-06-20,ADBE,0.02546753118389911,0.0,-0.02546753118389911,-2383.798219180638
2025-06-20,AMGN,0.025936814009730597,0.030303030303030304,0.004366216293299707,408.68423991978887
2025-06-20,AMZN,0.02616411687370501,0.030303030303030304,0.004138913429325295,387.4083589384623
2025-06-20,AVGO,0.026664712066100417,0.030303030303030304,0.003638318236929887,340.55191574631675
2025-06-20,BA,0.026257407644820666,0.030303030303030304,0.004045622658209638,378.67620612609676
2025-06-20,BAC,0.027311174866875787,0.030303030303030304,0.002991855436154517,280.0420507685478
2025-06-20,BLK,0.02653617331542855,0.030303030303030304,0.003766856987601753,352.5833310701945
2025-06-20,CAT,0.026722021854636,0.030303030303030304,0.0035810084483943044,335.18763560207134
2025-06-20,COP,0.025845242669323594,0.030303030303030304,0.00445778763370671,417.25545149950426
2025-06-20,CSCO,0.027385668434780106,0.030303030303030304,0.0029173618682501977,273.06934370760604
2025-06-20,CVX,0.0271250388195157,0.030303030303030304,0.003177991483514605,297.4646574208495
2025-06-20,DE,0.02707712387006281,0.030303030303030304,0.0032259064329674923,301.94956686704404
2025-06-20,EOG,0.026473275159398225,0.030303030303030304,0.003829755143632079,358.47069059680734
2025-06-20,GE,0.026774663023185645,0.030303030303030304,0.003528367279844659,330.26034512628445
2025-06-20,GS,0.02764067142353484,0.030303030303030304,0.0026623588794954627,249.20069047656244
2025-06-20,HON,0.026171020574471942,0.030303030303030304,0.004132009728558362,386.7621624353487
2025-06-20,INTC,0.0,0.030303030303030304,0.030303030303030304,2836.4080189213337
2025-06-20,JNJ,0.025233394401080484,0.0,-0.025233394401080484,-2361.882673386369
2025-06-20,JPM,0.02746867377781806,0.030303030303030304,0.002834356525212245,265.2999220276026
2025-06-20,LLY,0.024635707913017467,0.0,-0.024635707913017467,-2305.9383427174544
2025-06-20,LMT,0.02560034447048788,0.0,-0.02560034447048788,-2396.229737326928
2025-06-20,MA,0.025096448020537315,0.0,-0.025096448020537315,-2349.0642915925173
2025-06-20,MRK,0.025862902348433154,0.030303030303030304,0.00444012795459715,415.60247967005245
2025-06-20,MS,0.027122920900742066,0.030303030303030304,0.003180109402288238,297.66289772001704
2025-06-20,MSFT,0.02660078218142639,0.030303030303030304,0.0037022481216039127,346.5358465850748
2025-06-20,NKE,0.0261412818499706,0.030303030303030304,0.004161748453059704,389.545750604736
2025-06-20,NVDA,0.026815278218980883,0.030303030303030304,0.0034877520840494204,326.45870331384316
2025-06-20,ORCL,0.02522901276209432,0.030303030303030304,0.005074017540935984,474.9354733615249
2025-06-20,PFE,0.025850117291928938,0.030303030303030304,0.004452913011101366,416.7991796841528
2025-06-20,QCOM,0.025883258040402545,0.030303030303030304,0.004419772262627759,413.6971570882742
2025-06-20,RTX,0.026637395774182403,0.030303030303030304,0.0036656345288479004,343.1087606779506
2025-06-20,SLB,0.026129456074848862,0.030303030303030304,0.004173574228181442,390.65266047644946
2025-06-20,TSLA,0.026208565313816285,0.030303030303030304,0.004094464989214019,383.2479198437767
2025-06-20,UPS,0.026271634122164003,0.030303030303030304,0.004031396180866301,377.34458701031446
2025-06-20,V,0.025393782301046233,0.0,-0.025393782301046233,-2376.8952157311955
2025-06-20,WFC,0.027576673687797232,0.030303030303030304,0.002726356615233072,255.19097227424822
2025-06-20,XOM,0.027073809420912094,0.030303030303030304,0.0032292208821182097,302.25980416197433
2025-06-27,ABBV,0.02894338342873588,0.0,-0.02894338342873588,-2789.7946117395336
2025-06-27,ABT,0.029725551118286078,0.030303030303030304,0.0005774791847442257,55.66205906637996
2025-06-27,AMGN,0.028177625871060267,0.0,-0.028177625871060267,-2715.9847783604387
2025-06-27,AMZN,0.03132746314234113,0.030303030303030304,-0.001024432839310828,-98.74302436808101
2025-06-27,AVGO,0.03169630316475582,0.030303030303030304,-0.0013932728617255183,-134.29477351516869
2025-06-27,BA,0.03175671790083928,0.030303030303030304,-0.001453687597808978,-140.1180286162971
2025-06-27,BAC,0.030465486167516844,0.030303030303030304,-0.00016245586448654023,-15.658794574101815
2025-06-27,BLK,0.031633395880827815,0.030303030303030304,-0.0013303655777975112,-128.2312667322235
2025-06-27,CAT,0.03139195556780843,0.030303030303030304,-0.0010889252647781275,-104.95931976110874
2025-06-27,COP,0.02801380563943386,0.030303030303030304,0.0022892246635964446,220.65376866831426
2025-06-27,CRM,0.0,0.030303030303030304,0.030303030303030304,2920.8482438456244
2025-06-27,CSCO,0.030451609692263567,0.030303030303030304,-0.00014857938923326305,-14.321268987749852
2025-06-27,CVX,0.02828502022242726,0.030303030303030304,0.0020180100806030422,194.51193959974137
2025-06-27,DE,0.028964428856525944,0.030303030303030304,0.0013386014465043596,129.02510557963856
2025-06-27,EOG,0.02835703102279185,0.030303030303030304,0.0019459992802384543,187.57096314690818
2025-06-27,GE,0.03127874740226656,0.030303030303030304,-0.000975717099236259,-94.04741200121435
2025-06-27,GS,0.03171395148630373,0.030303030303030304,-0.0014109211832734267,-135.9958597921697
2025-06-27,HD,0.0,0.030303030303030304,0.030303030303030304,2920.8482438456244
2025-06-27,HON,0.03035313744861721,0.030303030303030304,-5.0107145586907736e-05,-4.829727150324004
2025-06-27,INTC,0.031664900273289824,0.030303030303030304,-0.0013618699702595202,-131.26791186229423
2025-06-27,JPM,0.0307135359997767,0.030303030303030304,-0.0004105056967463952,-39.567819833200986
2025-06-27,MRK,0.02943295627165984,0.030303030303030304,0.0008700740313704637,83.86468881595536
2025-06-27,MS,0.031187017215286307,0.030303030303030304,-0.0008839869122560032,-85.20572346810027
2025-06-27,MSFT,0.030560536285862246,0.030303030303030304,-0.00025750598283194245,-24.82048462523588
2025-06-27,NKE,0.03544536086265506,0.030303030303030304,-0.005142330559624757,-495.6589170836707
2025-06-27,NVDA,0.03226069232724483,0.030303030303030304,-0.001957662024214525,-188.6951116205188
2025-06-27,ORCL,0.030145030549446575,0.030303030303030304,0.00015799975358372909,15.229278991841525
2025-06-27,PFE,0.029688076524554668,0.030303030303030304,0.0006149537784756361,59.27415990892416
2025-06-27,QCOM,0.03082170992911166,0.030303030303030304,-0.0005186796260813545,-49.99448767362157
2025-06-27,RTX,0.029020859325265422,0.030303030303030304,0.001282170977764882,123.58588600757464
2025-06-27,SLB,0.02791598088876716,0.0,-0.02791598088876716,-2690.765343888058
2025-06-27,TSLA,0.029552306453210466,0.030303030303030304,0.0007507238498198378,72.36076446585689
2025-06-27,UPS,0.029984088723492876,0.030303030303030304,0.00031894157953742813,30.742138431881134
2025-06-27,WFC,0.031017726743912292,0.030303030303030304,-0.0007146964408819879,-68.8881548596848
2025-06-27,WMT,0.0,0.030303030303030304,0.030303030303030304,2920.8482438456244
2025-06-27,XOM,0.02805360761366237,0.030303030303030304,0.002249422689367935,216.81733629292557
2025-07-03,AAPL,0.0,0.024390243902439015,0.024390243902439015,2406.1648932156054
2025-07-03,ABBV,0.0,0.024390243902439015,0.024390243902439015,2406.1648932156054
2025-07-03,ABT,0.0296143371782267,0.024390243902439015,-0.0052240932757876835,-515.3712234024456
2025-07-03,AMGN,0.0,0.024390243902439015,0.024390243902439015,2406.1648932156054
2025-07-03,AMZN,0.029615709774410266,0.024390243902439015,-0.005225465871971251,-515.5066338051735
2025-07-03,AVGO,0.030241832362141795,0.024390243902439015,-0.005851588459702781,-577.275355572579
2025-07-03,BA,0.029790143937722318,0.024390243902439015,-0.005399900035283303,-532.7150455626684
2025-07-03,BAC,0.030738180716416073,0.024390243902439015,-0.006347936813977058,-626.2414909518435
2025-07-03,BLK,0.030570958299514946,0.024390243902439015,-0.0061807143970759315,-609.7445378866911
2025-07-03,CAT,0.03061294077215626,0.024390243902439015,-0.006222696869717246,-613.8862247104877
2025-07-03,COP,0.0307533990708846,0.024390243902439015,-0.006363155168445586,-627.7428236322855
2025-07-03,CRM,0.02946363482419203,0.024390243902439015,-0.005073390921753015,-500.50402014471564
2025-07-03,CSCO,0.03009145784115837,0.024390243902439015,-0.005701213938719356,-562.4404939503773
2025-07-03,CVX,0.030543984952195926,0.024390243902439015,-0.006153741049756911,-607.0835427104581
2025-07-03,DE,0.030136206185935207,0.024390243902439015,-0.005745962283496192,-566.8550416958701
2025-07-03,EOG,0.03017697882301577,0.024390243902439015,-0.005786734920576755,-570.8773749017001
2025-07-03,GE,0.02871371154946694,0.024390243902439015,-0.004323467647027925,-426.5220188385151
2025-07-03,GS,0.031009601031044203,0.024390243902439015,-0.006619357128605188,-653.0178542787569
2025-07-03,HD,0.029837139574244057,0.024390243902439015,-0.005446895671805042,-537.3512948427184
2025-07-03,HON,0.031095088016863278,0.024390243902439015,-0.006704844114424263,-661.4513814270487
2025-07-03,INTC,0.029340209037749646,0.024390243902439015,-0.004949965135310631,-488.32772558025283
2025-07-03,JNJ,0.0,0.024390243902439015,0.024390243902439015,2406.1648932156054
2025-07-03,JPM,0.030664714169478,0.024390243902439015,-0.006274470267038985,-618.9938132830487
2025-07-03,KO,0.0,0.024390243902439015,0.024390243902439015,2406.1648932156054
2025-07-03,MA,0.0,0.024390243902439015,0.024390243902439015,2406.1648932156054
2025-07-03,MRK,0.030285957586170344,0.024390243902439015,-0.005895713683731329,-581.6284307360525
2025-07-03,MS,0.030327003591147938,0.024390243902439015,-0.005936759688708923,-585.6777324395899
2025-07-03,MSFT,0.029774219829845266,0.024390243902439015,-0.005383975927406252,-531.1440883601572
2025-07-03,NKE,0.03138853219338447,0.024390243902439015,-0.006998288290945457,-690.400459529267
2025-07-03,NVDA,0.029899483773031036,0.024390243902439015,-0.005509239870592021,-543.5017221618107
2025-07-03,ORCL,0.03341390946585607,0.024390243902439015,-0.009023665563417053,-890.2095187593222
2025-07-03,PEP,0.0,0.024390243902439015,0.024390243902439015,2406.1648932156054
2025-07-03,PFE,0.03105732172669726,0.024390243902439015,-0.006667077824258245,-657.7256326437256
2025-07-03,QCOM,0.03028635841918585,0.024390243902439015,-0.005896114516746834,-581.6679740195804
2025-07-03,RTX,0.029824163878354504,0.024390243902439015,-0.00543391997591549,-536.0712066222246
2025-07-03,TMO,0.0,0.024390243902439015,0.024390243902439015,2406.1648932156054
2025-07-03,TSLA,0.02884378985148807,0.0,-0.02884378985148807,-2845.519495645506
2025-07-03,UPS,0.030464178202622087,0.024390243902439015,-0.006073934300183072,-599.210386548743
2025-07-03,V,0.0,0.024390243902439015,0.024390243902439015,2406.1648932156054
2025-07-03,WFC,0.031127727201529367,0.024390243902439015,-0.006737483299090352,-664.6713270988043
2025-07-03,WMT,0.029932832229126148,0.024390243902439015,-0.005542588326687133,-546.7916394180697
2025-07-03,XOM,0.030364293934745042,0.024390243902439015,-0.0059740500323060275,-589.3565277799812
2025-07-11,AAPL,0.024200391380665577,0.02564102564102563,0.0014406342603600526,141.57223699467866
2025-07-11,ABBV,0.024884188808885453,0.02564102564102563,0.0007568368321401765,74.37493770228123
2025-07-11,ABT,0.024033754549071536,0.0,-0.024033754549071536,-2361.8155478564795
2025-07-11,AMGN,0.02423057469634475,0.02564102564102563,0.0014104509446808793,138.6060993439267
2025-07-11,AMZN,0.024650676109716947,0.02564102564102563,0.0009903495313086826,97.32241028264909
2025-07-11,AVGO,0.024403150284266727,0.02564102564102563,0.001237875356758903,121.64696356252455
2025-07-11,BA,0.02571207263466076,0.02564102564102563,-7.104699363513073e-05,-6.981842718469241
2025-07-11,BAC,0.023373887293108027,0.02564102564102563,0.002267138347917603,222.79342947938622
2025-07-11,BLK,0.02491509579357131,0.02564102564102563,0.0007259298474543187,71.33768454154936
2025-07-11,CAT,0.024970115082412436,0.02564102564102563,0.0006709105586131942,65.9308967027348
2025-07-11,COP,0.02497852130828219,0.02564102564102563,0.0006625043327434382,65.10481041990097
2025-07-11,CRM,0.023208095061252855,0.0,-0.023208095061252855,-2280.6773548378314
2025-07-11,CSCO,0.02397331623343813,0.02564102564102563,0.0016677094075874983,163.88708639361698
2025-07-11,CVX,0.025619087545738953,0.02564102564102563,2.193809528667698e-05,2.155873500024252
2025-07-11,DE,0.024072166395169188,0.02564102564102563,0.0015688592458564417,154.17300495836508
2025-07-11,EOG,0.024452440250105983,0.02564102564102563,0.0011885853909196463,116.80320070246951
2025-07-11,GE,0.02535788667002163,0.02564102564102563,0.0002831389710039982,27.824284489381277
2025-07-11,GS,0.02384086943489692,0.02564102564102563,0.0018001562061287085,176.90273517290976
2025-07-11,HD,0.024368287947046735,0.02564102564102563,0.0012727376939788947,125.07291225949885
2025-07-11,HON,0.024019228615568173,0.02564102564102563,0.0016217970254574568,159.3752412829225
2025-07-11,INTC,0.02549723964021735,0.02564102564102563,0.00014378600080828044,14.129960908925911
2025-07-11,JNJ,0.024613922699422985,0.02564102564102563,0.001027102941602645,100.93419618533828
2025-07-11,JPM,0.023718576701371476,0.02564102564102563,0.0019224489396541533,188.9205361719394
2025-07-11,KO,0.02396663919417368,0.02564102564102563,0.0016743864468519512,164.54324417854545
2025-07-11,MA,0.02368683241446541,0.02564102564102563,0.0019541932265602184,192.04007166595807
2025-07-11,MRK,0.025209168497820362,0.02564102564102563,0.00043185714320526786,42.438933675241636
2025-07-11,MS,0.02415848443830891,0.02564102564102563,0.0014825412027167188,145.6904644576001
2025-07-11,MSFT,0.024694101060251834,0.02564102564102563,0.0009469245807737954,93.05500698830375
2025-07-11,NKE,0.023269650761609646,0.02564102564102563,0.0023713748794159835,233.03683361521723
2025-07-11,NVDA,0.025331380908484673,0.02564102564102563,0.00030964473254095626,30.429026065565104
2025-07-11,ORCL,0.02382767906096653,0.02564102564102563,0.0018133465800590984,178.19896336593837
2025-07-11,PEP,0.024452605241503722,0.02564102564102563,0.0011884203995219077,116.78698687089168
2025-07-11,PFE,0.02473466774446895,0.02564102564102563,0.0009063578965566796,89.06848772376921
2025-07-11,QCOM,0.023757618361570695,0.02564102564102563,0.001883407279454935,185.0838821907908
2025-07-11,RTX,0.024662373500069938,0.02564102564102563,0.0009786521409556916,96.17289873427106
2025-07-11,SLB,0.0,0.02564102564102563,0.02564102564102563,2519.7633144797387
2025-07-11,TMO,0.024789543103019323,0.02564102564102563,0.0008514825380063068,83.6758440253473
2025-07-11,UPS,0.023802098150613817,0.02564102564102563,0.0018389274904118125,180.71281910479115
2025-07-11,V,0.023728871795849114,0.02564102564102563,0.0019121538451765153,187.90882931796907
2025-07-11,WFC,0.024166911873613858,0.02564102564102563,0.0014741137674117721,144.8622939072544
2025-07-11,WMT,0.023488962517080082,0.0,-0.023488962517080082,-2308.278415783395
2025-07-11,XOM,0.025178866240893133,0.02564102564102563,0.00046215940013249676,45.4167597739373
2025-07-18,AAPL,0.025752793103233387,0.03125,0.005497206896766613,537.8449678624887
2025-07-18,ABBV,0.025542244230574794,0.03125,0.005707755769425206,558.4450023482112
2025-07-18,AMGN,0.02570588016642279,0.03125,0.005544119833577211,542.4349146236469
2025-07-18,AMZN,0.02587737879861017,0.03125,0.0053726212013898295,525.6555431993083
2025-07-18,AVGO,0.026591245053193546,0.03125,0.004658754946806454,455.81109674408304
2025-07-18,BA,0.02603414919096669,0.03125,0.00521585080903331,510.3171780582079
2025-07-18,BAC,0.026075468989286213,0.03125,0.005174531010713787,506.27446218147423
2025-07-18,BLK,0.025795933373302805,0.03125,0.005454066626697195,533.6241376109089
2025-07-18,CAT,0.026244527170158696,0.03125,0.005005472829841304,489.7338637347005
2025-07-18,COP,0.024681126131374423,0.03125,0.006568873868625577,642.6965222723837
2025-07-18,CSCO,0.025788247123631383,0.03125,0.005461752876368617,534.3761578250181
2025-07-18,CVX,0.02487658781975251,0.03125,0.006373412180247489,623.5726130802637
2025-07-18,DE,0.025117667889730893,0.0,-0.025117667889730893,-2457.504607818025
2025-07-18,EOG,0.02483239385376899,0.03125,0.006417606146231009,627.8965366036995
2025-07-18,GE,0.026541758189850977,0.03125,0.004708241810149023,460.65287565543434
2025-07-18,GS,0.025871262829599635,0.03125,0.0053787371704003654,526.2539276548497
2025-07-18,HD,0.025007910724183298,0.0,-0.025007910724183298,-2446.7660017795024
2025-07-18,HON,0.0258169309147026,0.03125,0.0054330690852974,531.5697448635655
2025-07-18,INTC,0.025387673970931095,0.03125,0.005862326029068905,573.5681072070552
2025-07-18,JNJ,0.02686636376973654,0.03125,0.004383636230263461,428.8935693458565
2025-07-18,JPM,0.026146226339643336,0.03125,0.005103773660356664,499.351585610966
2025-07-18,KO,0.025742981818006393,0.0,-0.025742981818006393,-2518.685122936552
2025-07-18,MA,0.025866428543403916,0.0,-0.025866428543403916,-2530.763111140564
2025-07-18,MRK,0.024700076654130602,0.03125,0.006549923345869398,640.8424091756456
2025-07-18,MS,0.02548792479074005,0.03125,0.0057620752092599516,563.7595990008152
2025-07-18,MSFT,0.02609466844032542,0.03125,0.00515533155967458,504.3959940209919
2025-07-18,NKE,0.025693631534935472,0.03125,0.005556368465064528,543.6333168181378
2025-07-18,NVDA,0.026919832398707936,0.03125,0.004330167601292064,423.6622157565115
2025-07-18,ORCL,0.02741336292194369,0.03125,0.0038366370780563083,375.37534691680634
2025-07-18,PEP,0.027269565549509947,0.03125,0.003980434450490053,389.44443593014296
2025-07-18,PFE,0.024565736184545963,0.03125,0.006684263815454037,653.9862378332282
2025-07-18,QCOM,0.025315350028193993,0.03125,0.005934649971806007,580.6442586759049
2025-07-18,RTX,0.026562124942470927,0.03125,0.004687875057529073,458.66019908093915
2025-07-18,SLB,0.022996565711179136,0.0,-0.022996565711179136,-2249.976647804869
2025-07-18,TMO,0.024559537239505446,0.03125,0.006690462760494554,654.5927406370538
2025-07-18,TSLA,0.0,0.03125,0.03125,3057.490023813515
2025-07-18,UPS,0.025229095830438822,0.0,-0.025229095830438822,-2468.406681964859
2025-07-18,V,0.02583324854732365,0.0,-0.02583324854732365,-2527.5167909163856
2025-07-18,WFC,0.025154553579098814,0.03125,0.006095446420901186,596.3765319230456
2025-07-18,XOM,0.024041545652884626,0.0,-0.024041545652884626,-2352.2171517040615
2025-07-25,AAPL,0.031023343003990404,0.02702702702702703,-0.003996315976963375,-398.7310732332636
2025-07-25,ABBV,0.030796793952737978,0.02702702702702703,-0.0037697669257109497,-376.1272183662877
2025-07-25,AMGN,0.03186004693149528,0.02702702702702703,-0.004833019904468251,-482.2129242469588
2025-07-25,AMZN,0.031351000851460725,0.02702702702702703,-0.004323973824433697,-431.42302400198525
2025-07-25,AVGO,0.03137116734013686,0.02702702702702703,-0.004344140313109833,-433.43512858018534
2025-07-25,BA,0.031128565897002882,0.02702702702702703,-0.004101538869975854,-409.2296517494336
2025-07-25,BAC,0.03136318977930762,0.02702702702702703,-0.0043361627522805896,-432.6391701500802
2025-07-25,BLK,0.031178231194937144,0.02702702702702703,-0.004151204167910115,-414.18499003147434
2025-07-25,CAT,0.032233145499012364,0.02702702702702703,-0.005206118471985335,-519.438707469666
2025-07-25,COP,0.03173811216571996,0.02702702702702703,-0.004711085138692929,-470.0469242854181
2025-07-25,CSCO,0.03091979432789879,0.02702702702702703,-0.00389276730087176,-388.3995391433926
2025-07-25,CVX,0.03161165846046869,0.02702702702702703,-0.004584631433441663,-457.4300486680219
2025-07-25,DE,0.0,0.02702702702702703,0.02702702702702703,2696.612468811715
2025-07-25,EOG,0.0308165144317765,0.02702702702702703,-0.003789487404749471,-378.0948224839377
2025-07-25,GE,0.031599747790275315,0.02702702702702703,-0.004572720763248286,-456.2416655830734
2025-07-25,GS,0.031527827997892305,0.02702702702702703,-0.004500800970865276,-449.06589265398156
2025-07-25,HD,0.0,0.02702702702702703,0.02702702702702703,2696.612468811715
2025-07-25,HON,0.029038868164144985,0.0,-0.029038868164144985,-2897.343236949678
2025-07-25,INTC,0.02744919112350286,0.0,-0.02744919112350286,-2738.7337485700455
2025-07-25,JNJ,0.031492466948874046,0.02702702702702703,-0.004465439921847017,-445.53775596334424
2025-07-25,JPM,0.03140467641441223,0.02702702702702703,-0.004377649387385205,-436.77848511802966
2025-07-25,LLY,0.0,0.02702702702702703,0.02702702702702703,2696.612468811715
2025-07-25,MA,0.0,0.02702702702702703,0.02702702702702703,2696.612468811715
2025-07-25,MRK,0.03245136989439899,0.02702702702702703,-0.005424342867371965,-541.2119726168098
2025-07-25,MS,0.03110588168937049,0.02702702702702703,-0.004078854662343461,-406.9663426150085
2025-07-25,MSFT,0.030851517041173844,0.02702702702702703,-0.0038244900141468155,-381.58719598278526
2025-07-25,NKE,0.032237888750456925,0.02702702702702703,-0.0052108617234298965,-519.9119637762262
2025-07-25,NVDA,0.030825361980225067,0.02702702702702703,-0.0037983349531980383,-378.9775836341361
2025-07-25,ORCL,0.030590520411202474,0.02702702702702703,-0.003563493384175446,-355.54634561493583
2025-07-25,PEP,0.030676608555860792,0.02702702702702703,-0.003649581528833764,-364.1357610941279
2025-07-25,PFE,0.03156775752924365,0.02702702702702703,-0.004540730502216622,-453.0498481222679
2025-07-25,QCOM,0.03134406813228909,0.02702702702702703,-0.004317041105262064,-430.7313142944284
2025-07-25,RTX,0.031719486373259574,0.02702702702702703,-0.004692459346232546,-468.1885421503818
2025-07-25,TMO,0.03532671987554845,0.02702702702702703,-0.008299692848521424,-828.0990432373209
2025-07-25,TSLA,0.02936889706468635,0.02702702702702703,-0.002341870037659323,-233.65928992388157
2025-07-25,UPS,0.0,0.02702702702702703,0.02702702702702703,2696.612468811715
2025-07-25,V,0.0,0.02702702702702703,0.02702702702702703,2696.612468811715
2025-07-25,WFC,0.03202958042723741,0.02702702702702703,-0.005002553400210379,-499.12807137143875
2025-07-25,WMT,0.0,0.02702702702702703,0.02702702702702703,2696.612468811715
2025-08-01,AAPL,0.026400730680382224,0.0,-0.026400730680382224,-2550.654269185689
2025-08-01,ABBV,0.028625275800701868,0.037037037037037035,0.008411761236335167,812.6856399763234
2025-08-01,AMGN,0.02701815451394275,0.037037037037037035,0.010018882523094286,967.954477827746
2025-08-01,AMZN,0.025888880920027665,0.0,-0.025888880920027665,-2501.2029190607414
2025-08-01,AVGO,0.027752853729041647,0.037037037037037035,0.009284183307995388,896.972969313973
2025-08-01,BA,0.026564893756998484,0.037037037037037035,0.010472143280038551,1011.7453675099512
2025-08-01,BAC,0.026294241770472796,0.0,-0.026294241770472796,-2540.366054212789
2025-08-01,BLK,0.027118991924657023,0.037037037037037035,0.009918045112380012,958.2122712484745
2025-08-01,CAT,0.027575438241560474,0.037037037037037035,0.009461598795476561,914.1136150045022
2025-08-01,COP,0.027257393908282367,0.037037037037037035,0.009779643128754668,944.8408379093181
2025-08-01,CSCO,0.027259141989984744,0.037037037037037035,0.009777895047052291,944.6719504602913
2025-08-01,CVX,0.027281060517668893,0.037037037037037035,0.009755976519368142,942.5543353499875
2025-08-01,DE,0.02701651209541235,0.037037037037037035,0.010020524941624684,968.1131568388334
2025-08-01,EOG,0.027479071786139033,0.0,-0.027479071786139033,-2654.836057876895
2025-08-01,GE,0.027673881273258427,0.037037037037037035,0.009363155763778608,904.6027366083013
2025-08-01,GS,0.02715802758574339,0.037037037037037035,0.009879009451293646,954.4409182201885
2025-08-01,HD,0.027776033360764535,0.037037037037037035,0.0092610036762725,894.7335151364389
2025-08-01,JNJ,0.027740110127887255,0.037037037037037035,0.00929692690914978,898.2041670820486
2025-08-01,JPM,0.02703666434507656,0.037037037037037035,0.010000372691960475,966.1661871787132
2025-08-01,LLY,0.02617198299933649,0.0,-0.02617198299933649,-2528.5542653528714
2025-08-01,MA,0.027491902634120137,0.037037037037037035,0.009545134402916898,922.1842421521455
2025-08-01,MCD,0.0,0.037037037037037035,0.037037037037037035,3578.259926976358
2025-08-01,MRK,0.026115738879218874,0.0,-0.026115738879218874,-2523.120351161959
2025-08-01,MS,0.02732465992290714,0.037037037037037035,0.009712377114129894,938.3420652256789
2025-08-01,MSFT,0.028465768847379346,0.037037037037037035,0.008571268189657689,828.0960881333212
2025-08-01,NKE,0.02729732164200679,0.037037037037037035,0.009739715395030244,940.9832990511687
2025-08-01,NVDA,0.027936299986781227,0.037037037037037035,0.009100737050255808,879.2496727077435
2025-08-01,ORCL,0.027821242932996846,0.037037037037037035,0.009215794104040189,890.365681919304
2025-08-01,PEP,0.027089860201345215,0.037037037037037035,0.00994717683569182,961.0267749579955
2025-08-01,PFE,0.02643778166142368,0.0,-0.02643778166142368,-2554.233876285016
2025-08-01,QCOM,0.026102509601073444,0.0,-0.026102509601073444,-2521.8422306739926
2025-08-01,RTX,0.027888469921058038,0.037037037037037035,0.009148567115978997,883.8706797097557
2025-08-01,TMO,0.027009622150831577,0.037037037037037035,0.010027414886205458,968.7788151788302
2025-08-01,TSLA,0.02671535706065189,0.0,-0.02671535706065189,-2581.0512733348805
2025-08-01,UPS,0.02276581437467689,0.0,-0.02276581437467689,-2199.474034610994
2025-08-01,V,0.02651853078973732,0.0,-0.02651853078973732,-2562.035293274556
2025-08-01,WFC,0.025736881830437413,0.0,-0.025736881830437413,-2486.517828277864
2025-08-01,WMT,0.028192896236015265,0.037037037037037035,0.00884414080102177,854.4591346544854
2025-08-01,XOM,0.0,0.037037037037037035,0.037037037037037035,3578.259926976358
2025-08-08,AAPL,0.0,0.034482758620689655,0.034482758620689655,3389.992438595846
2025-08-08,ABBV,0.03690235274001262,0.034482758620689655,-0.0024195941193229653,-237.86976730029903
2025-08-08,ABT,0.0,0.034482758620689655,0.034482758620689655,3389.992438595846
2025-08-08,AMGN,0.03531521309092048,0.0,-0.03531521309092048,-3471.8308550230227
2025-08-08,AVGO,0.03843298931732995,0.034482758620689655,-0.003950230696640293,-388.3463135772741
2025-08-08,BA,0.03755858557455369,0.034482758620689655,-0.003075826953864033,-302.38387336482265
2025-08-08,BLK,0.0374801549228455,0.034482758620689655,-0.0029973963021558483,-294.6733731937208
2025-08-08,CAT,0.035342394250030565,0.034482758620689655,-0.0008596356293409102,-84.51059021898475
2025-08-08,COP,0.03682600875754445,0.034482758620689655,-0.0023432501368547964,-230.36440712461683
2025-08-08,COST,0.0,0.034482758620689655,0.034482758620689655,3389.992438595846
2025-08-08,CSCO,0.03891171228225317,0.034482758620689655,-0.004428953661563519,-435.40946328415976
2025-08-08,CVX,0.03724237163887806,0.034482758620689655,-0.002759613018188403,-271.29695068817114
2025-08-08,DE,0.03705682665920077,0.0,-0.03705682665920077,-3643.0485030183804
2025-08-08,GE,0.03713527806180598,0.034482758620689655,-0.002652519441116323,-260.76860460977167
2025-08-08,GS,0.036974829414177734,0.034482758620689655,-0.00249207079348808,-244.9949332447341
2025-08-08,HD,0.03775641463543745,0.034482758620689655,-0.003273656014747793,-321.8324049602061
2025-08-08,JNJ,0.03767935854324702,0.034482758620689655,-0.003196599922557365,-314.25703743388055
2025-08-08,JPM,0.03629836936232095,0.034482758620689655,-0.0018156107416312933,-178.49229388134094
2025-08-08,KO,0.0,0.034482758620689655,0.034482758620689655,3389.992438595846
2025-08-08,MA,0.037312535145000686,0.034482758620689655,-0.002829776524311031,-278.1947095895825
2025-08-08,MCD,0.03668247554808852,0.034482758620689655,-0.0021997169273988634,-216.2536887770696
2025-08-08,MS,0.037444660966507566,0.034482758620689655,-0.0029619023458179114,-291.1839701292786
2025-08-08,MSFT,0.0362313742202188,0.034482758620689655,-0.0017486155995291436,-171.90601615202164
2025-08-08,NKE,0.036165438917001365,0.034482758620689655,-0.0016826802963117102,-165.42393095105655
2025-08-08,NVDA,0.038255354651046646,0.034482758620689655,-0.003772596030356991,-370.88308848682027
2025-08-08,ORCL,0.03721291420902253,0.034482758620689655,-0.0027301555883328735,-268.40099721852044
2025-08-08,PEP,0.03792375432324048,0.034482758620689655,-0.0034409957025508253,-338.2835329737549
2025-08-08,RTX,0.03592270085468543,0.034482758620689655,-0.0014399422339957738,-141.56040527255402
2025-08-08,TMO,0.036192790818581864,0.034482758620689655,-0.0017100321978922098,-168.1128903976908
2025-08-08,TSLA,0.0,0.034482758620689655,0.034482758620689655,3389.992438595846
2025-08-08,WMT,0.038310319584610716,0.034482758620689655,-0.0038275609639210617,-376.2866790527538
2025-08-08,XOM,0.03543282151143682,0.0,-0.03543282151143682,-3483.392913054725
2025-08-15,AAPL,0.03468751794519276,0.028571428571428564,-0.006116089373764195,-604.0365057808576
2025-08-15,ABBV,0.035809991615567735,0.028571428571428564,-0.007238563044139171,-714.8941195679866
2025-08-15,ABT,0.03366657122132846,0.028571428571428564,-0.005095142649899898,-503.2058844500484
2025-08-15,AMZN,0.0,0.028571428571428564,0.028571428571428564,2821.7680980079244
2025-08-15,AVGO,0.034467207663193236,0.028571428571428564,-0.0058957790917646725,-582.2782473915292
2025-08-15,BA,0.03523259848833262,0.028571428571428564,-0.006661169916904058,-657.8696868425491
2025-08-15,BAC,0.0,0.028571428571428564,0.028571428571428564,2821.7680980079244
2025-08-15,BLK,0.03461930616848283,0.028571428571428564,-0.006047877597054264,-597.2997822408594
2025-08-15,CAT,0.03359389390945261,0.028571428571428564,-0.0050224653380240465,-496.0281362465396
2025-08-15,COP,0.034831909414799335,0.028571428571428564,-0.006260480843370771,-618.2968792704688
2025-08-15,COST,0.03400036256202898,0.028571428571428564,-0.005428933990600415,-536.1717459303488
2025-08-15,CSCO,0.031641241201891296,0.0,-0.031641241201891296,-3124.9485751704783
2025-08-15,CVX,0.03465396822851355,0.028571428571428564,-0.006082539657084985,-600.7230725730667
2025-08-15,GE,0.033419713243479386,0.028571428571428564,-0.0048482846720508226,-478.82572561788396
2025-08-15,GS,0.0347626311923969,0.028571428571428564,-0.006191202620968336,-611.4548315453026
2025-08-15,HD,0.03533312697428022,0.028571428571428564,-0.006761698402851655,-667.7980694531279
2025-08-15,INTC,0.0,0.028571428571428564,0.028571428571428564,2821.7680980079244
2025-08-15,JNJ,0.0349683290985732,0.028571428571428564,-0.006396900527144634,-631.7699441769383
2025-08-15,JPM,0.03451863921489231,0.028571428571428564,-0.0059472106434637455,-587.3577243050714
2025-08-15,KO,0.03410818769571244,0.028571428571428564,-0.005536759124283874,-546.8207592140486
2025-08-15,MA,0.034753985049513554,0.028571428571428564,-0.0061825564780849905,-610.6009221897361
2025-08-15,MCD,0.03470400177985078,0.028571428571428564,-0.006132573208422216,-605.6644803378371
2025-08-15,MRK,0.0,0.028571428571428564,0.028571428571428564,2821.7680980079244
2025-08-15,MS,0.0346605676317976,0.028571428571428564,-0.006089139060369033,-601.3748420709153
2025-08-15,MSFT,0.034190158421030334,0.028571428571428564,-0.00561872984960177,-554.91634243259
2025-08-15,NKE,0.035598825446402,0.028571428571428564,-0.007027396874973436,-694.0389509844221
2025-08-15,NVDA,0.03389049371400077,0.028571428571428564,-0.005319065142572205,-525.3208915687679
2025-08-15,ORCL,0.034070181574033964,0.028571428571428564,-0.005498753002605401,-543.0672030552024
2025-08-15,PEP,0.035539462567868635,0.028571428571428564,-0.006968033996440071,-688.1761612946242
2025-08-15,PFE,0.0,0.028571428571428564,0.028571428571428564,2821.7680980079244
2025-08-15,QCOM,0.0,0.028571428571428564,0.028571428571428564,2821.7680980079244
2025-08-15,RTX,0.03429282725397931,0.028571428571428564,-0.005721398682550744,-565.0561097442193
2025-08-15,TMO,0.036420030087172345,0.028571428571428564,-0.007848601515743781,-775.1426679885858
2025-08-15,TSLA,0.034407792305708965,0.028571428571428564,-0.005836363734280401,-576.4102747816994
2025-08-15,UNH,0.0,0.028571428571428564,0.028571428571428564,2821.7680980079244
2025-08-15,WMT,0.033156478330523785,0.028571428571428564,-0.0045850497590952215,-452.8281498297837
2025-08-22,AAPL,0.02785640234039687,0.02499999999999999,-0.0028564023403968783,-284.4458316497382
2025-08-22,ABBV,0.028860662180992445,0.02499999999999999,-0.0038606621809924545,-384.4518852475489
2025-08-22,ABT,0.028505423042791828,0.02499999999999999,-0.0035054230427918366,-349.0765143934656
2025-08-22,AMGN,0.0,0.02499999999999999,0.02499999999999999,2489.5462696811137
2025-08-22,AMZN,0.028056334406963833,0.02499999999999999,-0.003056334406963842,-304.355436870195
2025-08-22,AVGO,0.027183854401363523,0.02499999999999999,-0.0021838544013635316,-217.47226313765057
2025-08-22,BA,0.027705988306135933,0.02499999999999999,-0.0027059883061359424,-269.46732373365813
2025-08-22,BAC,0.029857542698282523,0.02499999999999999,-0.004857542698282532,-483.7230921730406
2025-08-22,BLK,0.028653249222041207,0.02499999999999999,-0.003653249222041216,-363.79731891792574
2025-08-22,BRK-B,0.0,0.02499999999999999,0.02499999999999999,2489.5462696811137
2025-08-22,CAT,0.030261357517955303,0.02499999999999999,-0.005261357517955312,-523.9357192913734
2025-08-22,COP,0.028992885960380972,0.02499999999999999,-0.003992885960380981,-397.6189739171427
2025-08-22,COST,0.027931447842235505,0.0,-0.027931447842235505,-2781.465271297201
2025-08-22,CVX,0.028938350753098644,0.02499999999999999,-0.003938350753098653,-392.1882570429024
2025-08-22,EOG,0.0,0.02499999999999999,0.02499999999999999,2489.5462696811137
2025-08-22,GE,0.028185246149135892,0.02499999999999999,-0.0031852461491359008,-317.1927067438967
2025-08-22,GS,0.028757816765752293,0.02499999999999999,-0.0037578167657523025,-374.21034845295185
2025-08-22,HD,0.02927590015224858,0.02499999999999999,-0.004275900152248588,-425.80205094237533
2025-08-22,INTC,0.028601623628611402,0.02499999999999999,-0.003601623628611411,-358.65634677619596
2025-08-22,JNJ,0.0287497698985084,0.02499999999999999,-0.00374976989850841,-373.4090265197658
2025-08-22,JPM,0.028885499378315836,0.02499999999999999,-0.0038854993783158445,-386.92521932538006
2025-08-22,KO,0.028409908714786193,0.02499999999999999,-0.003409908714786202,-339.5650208339646
2025-08-22,MA,0.029165283063077658,0.02499999999999999,-0.004165283063077667,-414.7865964740373
2025-08-22,MCD,0.02879610435304507,0.02499999999999999,-0.0037961043530450773,-378.02309725774455
2025-08-22,MRK,0.02938773156082864,0.02499999999999999,-0.00438773156082865,-436.9384295849224
2025-08-22,MS,0.028988742255972564,0.02499999999999999,-0.003988742255972573,-397.20633616303815
2025-08-22,MSFT,0.027665617936464073,0.02499999999999999,-0.002665617936464082,-265.44716760476905
2025-08-22,NKE,0.028843707391788268,0.02499999999999999,-0.003843707391788277,-382.7634959588893
2025-08-22,NVDA,0.027938696033645165,0.02499999999999999,-0.0029386960336451745,-292.6407899315213
2025-08-22,ORCL,0.026966090344436717,0.02499999999999999,-0.001966090344436726,-195.78691531394037
2025-08-22,PEP,0.028181706353590793,0.02499999999999999,-0.003181706353590802,-316.8402073521073
2025-08-22,PFE,0.029158582685257665,0.02499999999999999,-0.0041585826852576745,-414.1193604497487
2025-08-22,PG,0.0,0.02499999999999999,0.02499999999999999,2489.5462696811137
2025-08-22,QCOM,0.028353539759492306,0.02499999999999999,-0.0033535397594923154,-333.9516959388559
2025-08-22,RTX,0.028720048265872503,0.02499999999999999,-0.0037200482658725116,-370.44929133346443
2025-08-22,SLB,0.0,0.02499999999999999,0.02499999999999999,2489.5462696811137
2025-08-22,TMO,0.028960823320602826,0.02499999999999999,-0.003960823320602835,-394.4261169069101
2025-08-22,TSLA,0.029134581161036358,0.02499999999999999,-0.0041345811610363666,-411.72924424607595
2025-08-22,UNH,0.028642545086042637,0.02499999999999999,-0.0036425450860426457,-362.73138124410974
2025-08-22,V,0.0,0.02499999999999999,0.02499999999999999,2489.5462696811137
2025-08-22,WMT,0.027426937068849248,0.0,-0.027426937068849248,-2731.2251547412934
2025-08-22,XOM,0.0,0.02499999999999999,0.02499999999999999,2489.5462696811137
2025-08-29,AAPL,0.025474465824012284,0.02631578947368421,0.0008413236496719254,83.7719707286663
2025-08-29,ABBV,0.02497007432588654,0.02631578947368421,0.0013457151477976707,133.99505649744864
2025-08-29,ABT,0.025007009893692433,0.02631578947368421,0.0013087795799917763,130.31732164916684
2025-08-29,AMGN,0.024482394144831863,0.0,-0.024482394144831863,-2437.7519952853945
2025-08-29,AMZN,0.02501128976224878,0.02631578947368421,0.0013044997114354286,129.89116814264804
2025-08-29,AVGO,0.025282009449974156,0.02631578947368421,0.0010337800237100528,102.93516641293624
2025-08-29,BA,0.02548908510254227,0.02631578947368421,0.0008267043711419376,82.31630527392018
2025-08-29,BAC,0.025630277919260275,0.02631578947368421,0.0006855115544239336,68.25750576934081
2025-08-29,BLK,0.02453602371250949,0.02631578947368421,0.0017797657611747196,177.21418541740815
2025-08-29,BRK-B,0.025708361868390865,0.02631578947368421,0.0006074276052933439,60.48255934593146
2025-08-29,CAT,0.024039775337375138,0.02631578947368421,0.0022760141363090715,226.62644712206136
2025-08-29,COP,0.025559391033717932,0.02631578947368421,0.0007563984399662771,75.31582880948733
2025-08-29,CSCO,0.0,0.02631578947368421,0.02631578947368421,2620.3061644004356
2025-08-29,CVX,0.025376193834546257,0.02631578947368421,0.0009395956391379523,93.55707332052386
2025-08-29,EOG,0.0257594594408222,0.02631578947368421,0.000556330032862009,55.394690552877925
2025-08-29,GE,0.025806844936570702,0.02631578947368421,0.0005089445371135072,50.67643930158507
2025-08-29,GS,0.025241410634753037,0.02631578947368421,0.001074378838931172,106.97765679300383
2025-08-29,HD,0.024629313748217103,0.02631578947368421,0.0016864757254671063,167.9251441030199
2025-08-29,INTC,0.02454029857434504,0.02631578947368421,0.0017754908993391702,176.78853043826143
2025-08-29,JNJ,0.02487956441119436,0.02631578947368421,0.0014362250624898494,143.00727661892503
2025-08-29,JPM,0.025430854327978297,0.02631578947368421,0.0008849351457059125,88.11443866073641
2025-08-29,KO,0.024587526289972374,0.0,-0.024587526289972374,-2448.2201747889508
2025-08-29,LMT,0.0,0.02631578947368421,0.02631578947368421,2620.3061644004356
2025-08-29,MA,0.024840669694885686,0.02631578947368421,0.0014751197787985226,146.88008708536148
2025-08-29,MCD,0.024951636530156373,0.02631578947368421,0.0013641529435278361,135.83093795021756
2025-08-29,MRK,0.024064089670712215,0.02631578947368421,0.002251699802971994,224.20542921605696
2025-08-29,MS,0.025409193574806355,0.02631578947368421,0.0009065958988778537,90.27123525309217
2025-08-29,MSFT,0.02496720463705396,0.0,-0.02496720463705396,-2486.025368296146
2025-08-29,NKE,0.02467174934279721,0.02631578947368421,0.0016440401308869985,163.69976260042625
2025-08-29,NVDA,0.024458802783470932,0.02631578947368421,0.0018569866902132769,184.90319951986564
2025-08-29,ORCL,0.023911032820128384,0.0,-0.023911032820128384,-2380.8606144390146
2025-08-29,PEP,0.024828455588929443,0.02631578947368421,0.0014873338847547664,148.09626557629335
2025-08-29,PFE,0.023912166639331614,0.0,-0.023912166639331614,-2380.973510670021
2025-08-29,PG,0.024737053171408282,0.02631578947368421,0.0015787363022759272,157.19735366302174
2025-08-29,QCOM,0.025424064436518373,0.02631578947368421,0.0008917250371658358,88.7905192497622
2025-08-29,RTX,0.025371345264936455,0.02631578947368421,0.0009444442087477543,94.03985332033324
2025-08-29,SLB,0.02585711991013241,0.02631578947368421,0.00045866956355179733,45.670478022310014
2025-08-29,TMO,0.024630398480618074,0.02631578947368421,0.0016853909930661347,167.81713552513426
2025-08-29,TSLA,0.024542467555942173,0.02631578947368421,0.0017733219177420365,176.5725613959827
2025-08-29,UNH,0.02519300223680932,0.02631578947368421,0.0011227872368748879,111.79776008754924
2025-08-29,V,0.025118052905762855,0.02631578947368421,0.0011977365679213536,119.26058746558148
2025-08-29,WFC,0.0,0.02631578947368421,0.02631578947368421,2620.3061644004356
2025-08-29,XOM,0.02566987018275809,0.02631578947368421,0.0006459192909261183,64.31523938931691
2025-09-05,AAPL,0.02728230680486611,0.03125,0.0039676931951338895,393.37170272684403
2025-09-05,ABBV,0.02669420780516239,0.03125,0.004555792194837611,451.67800150244784
2025-09-05,ABT,0.026478714866021193,0.03125,0.004771285133978807,473.04276440789323
2025-09-05,AMZN,0.026807169453142425,0.03125,0.004442830546857575,440.47856807265674
2025-09-05,AVGO,0.029754797745241528,0.03125,0.0014952022547584723,148.2398532216927
2025-09-05,BA,0.025852103135411263,0.03125,0.005397896864588737,535.1673570354047
2025-09-05,BAC,0.02606197049458036,0.03125,0.00518802950541964,514.3603348280468
2025-09-05,BLK,0.02588843545950507,0.0,-0.02588843545950507,-2566.6747494814467
2025-09-05,BRK-B,0.02625430906495926,0.03125,0.00499569093504074,495.2911812395618
2025-09-05,CAT,0.026677682955842982,0.03125,0.004572317044157018,453.3163358681321
2025-09-05,COP,0.024815726432419343,0.0,-0.024815726432419343,-2460.322429439995
2025-09-05,CSCO,0.02558539621458267,0.0,-0.02558539621458267,-2536.630323689054
2025-09-05,CVX,0.025281127731721253,0.03125,0.0059688722682787465,591.7759594949271
2025-09-05,EOG,0.02496440639704454,0.0,-0.02496440639704454,-2475.0631082096415
2025-09-05,GE,0.026809875787311997,0.03125,0.004440124212688003,440.21025214496905
2025-09-05,GS,0.02617333961216448,0.03125,0.005076660387835521,503.3187907215165
2025-09-05,HD,0.02736852118966836,0.03125,0.0038814788103316393,384.824091386632
2025-09-05,INTC,0.026574858135854647,0.03125,0.004675141864145353,463.5107668717692
2025-09-05,JNJ,0.026610854377855483,0.03125,0.004639145622144517,459.9419669895095
2025-09-05,JPM,0.025805804236481877,0.03125,0.005444195763518123,539.7576002347951
2025-09-05,LMT,0.02709880390314578,0.03125,0.0041511960968542184,411.564855613154
2025-09-05,MA,0.025931579092882098,0.03125,0.005318420907117902,527.2878181752703
2025-09-05,MCD,0.026644141885956155,0.03125,0.004605858114043845,456.64172095305827
2025-09-05,MRK,0.026608263555813444,0.03125,0.004641736444186556,460.19883061983984
2025-09-05,MS,0.026003277880905375,0.03125,0.005246722119094625,520.1793365107206
2025-09-05,NKE,0.0253724768330838,0.0,-0.0253724768330838,-2515.520712757826
2025-09-05,NVDA,0.025336774867682908,0.0,-0.025336774867682908,-2511.9810885404927
2025-09-05,PEP,0.02627576825415408,0.03125,0.004974231745845919,493.1636382624342
2025-09-05,PG,0.02692434296143716,0.03125,0.0043256570385628405,428.8615553134778
2025-09-05,QCOM,0.02642616467443952,0.03125,0.00482383532556048,478.2527837628315
2025-09-05,RTX,0.02624301300777135,0.03125,0.005006986992228651,496.4111139136804
2025-09-05,SLB,0.025896952759123213,0.03125,0.005353047240876787,530.7208003137647
2025-09-05,TMO,0.02641650505278614,0.03125,0.00483349494721386,479.21047419669554
2025-09-05,TSLA,0.027765970194284516,0.03125,0.0034840298057154835,345.4195346319178
2025-09-05,UNH,0.026893638182229083,0.03125,0.0043563618177709165,431.9057401042137
2025-09-05,V,0.025779982113726306,0.0,-0.025779982113726306,-2555.9222857204536
2025-09-05,WFC,0.025387628669959982,0.03125,0.005862371330040018,581.217064601452
2025-09-05,WMT,0.0,0.03125,0.03125,3098.2399862192606
2025-09-05,XOM,0.02525310821078161,0.03125,0.005996891789218389,594.5539179003641
2025-09-12,AAPL,0.030107231806956992,0.03125,0.0011427681930430075,114.80051099434094
2025-09-12,ABBV,0.03166844128991816,0.03125,-0.0004184412899181575,-42.03588636451293
2025-09-12,ABT,0.03101330811291434,0.03125,0.00023669188708565908,23.777656528305116
2025-09-12,AMZN,0.030275416745582383,0.03125,0.0009745832544176165,97.90494371018909
2025-09-12,AVGO,0.03312976255393832,0.03125,-0.001879762553938319,-188.8376864651018
2025-09-12,BA,0.028994609667971516,0.0,-0.028994609667971516,-2912.748207579241
2025-09-12,BAC,0.031331858015634186,0.03125,-8.185801563418554e-05,-8.223314300307608
2025-09-12,BRK-B,0.03045812011925324,0.03125,0.000791879880746759,79.55087961784426
2025-09-12,CAT,0.0314451333636315,0.03125,-0.00019513336363150002,-19.602759328897143
2025-09-12,COST,0.0,0.03125,0.03125,3139.3208092536925
2025-09-12,CVX,0.03152230297615996,0.03125,-0.00027230297615996046,-27.35508478338163
2025-09-12,GE,0.031101713628341788,0.03125,0.0001482863716582121,14.89659175281127
2025-09-12,GS,0.03257789569410445,0.03125,-0.00132789569410445,-133.39809872065524
2025-09-12,HD,0.031105324119110288,0.03125,0.00014467588088971223,14.53388811117383
2025-09-12,INTC,0.030313959390588972,0.03125,0.0009360406094110277,94.0330164297775
2025-09-12,JNJ,0.030766171344125424,0.03125,0.0004838286558745755,48.60458776000956
2025-09-12,JPM,0.03214235318974138,0.03125,-0.0008923531897413808,-89.64425400828881
2025-09-12,LLY,0.0,0.03125,0.03125,3139.3208092536925
2025-09-12,LMT,0.03132256011326231,0.03125,-7.256011326230855e-05,-7.289263151557441
2025-09-12,MA,0.03062904142762666,0.03125,0.000620958572373341,62.38042137395502
2025-09-12,MCD,0.02994946911777646,0.03125,0.0013005308822235384,130.64907717252535
2025-09-12,MRK,0.030138600517425337,0.0,-0.030138600517425337,-3027.6715445163986
2025-09-12,MS,0.03255803975964015,0.03125,-0.0013080397596401533,-131.403405976625
2025-09-12,ORCL,0.0,0.03125,0.03125,3139.3208092536925
2025-09-12,PEP,0.030227775693514303,0.0,-0.030227775693514303,-3036.6299280672774
2025-09-12,PG,0.030421655482678715,0.03125,0.0008283445173212847,83.21405377465328
2025-09-12,QCOM,0.03121393502759065,0.03125,3.6064972409349805e-05,3.6230245878346277
2025-09-12,RTX,0.030503248007620595,0.03125,0.0007467519923794047,75.01741020890624
2025-09-12,SLB,0.030614925169014366,0.03125,0.0006350748309856338,63.7985162350871
2025-09-12,TMO,0.030007714889455857,0.03125,0.0012422851105441425,124.797807953832
2025-09-12,TSLA,0.03479327005566344,0.03125,-0.0035432700556634403,-355.95076539359127
2025-09-12,UNH,0.034458665473186365,0.03125,-0.0032086654731863645,-322.3369692770496
2025-09-12,WFC,0.0318062298503864,0.03125,-0.0005562298503863985,-55.877886209474845
2025-09-12,WMT,0.03174417656321899,0.03125,-0.0004941765632189912,-49.644120587483265
2025-09-12,XOM,0.031657090833966346,0.03125,-0.0004070908339663462,-40.895639242463695
2025-09-19,AAPL,0.03214852968373289,0.030303030303030304,-0.001845499380702588,-188.9747701791541
2025-09-19,ABBV,0.031231552972644263,0.030303030303030304,-0.0009285226696139591,-95.07852450735123
2025-09-19,ABT,0.031181222861791254,0.030303030303030304,-0.0008781925587609506,-89.92484023577065
2025-09-19,ADBE,0.0,0.030303030303030304,0.030303030303030304,3102.958606828138
2025-09-19,AMZN,0.031099143047295344,0.030303030303030304,-0.0007961127442650401,-81.52006143015156
2025-09-19,AVGO,0.029380106032536435,0.030303030303030304,0.0009229242704938689,94.50526168312452
2025-09-19,BAC,0.03166379036407629,0.030303030303030304,-0.0013607600610459833,-139.33861072727032
2025-09-19,BLK,0.0,0.030303030303030304,0.030303030303030304,3102.958606828138
2025-09-19,BRK-B,0.030596509195048718,0.030303030303030304,-0.0002934788920184138,-30.05154417906045
2025-09-19,CAT,0.03313930575632014,0.030303030303030304,-0.0028362754532898354,-290.4278958609954
2025-09-19,COST,0.030121631019247454,0.0,-0.030121631019247454,-3084.383749354885
2025-09-19,CSCO,0.0,0.030303030303030304,0.030303030303030304,3102.958606828138
2025-09-19,CVX,0.030476179574077254,0.030303030303030304,-0.0001731492710469497,-17.73007568841797
2025-09-19,GE,0.03276818733752565,0.030303030303030304,-0.0024651570344953466,-252.42624783321872
2025-09-19,GS,0.03163175464859564,0.030303030303030304,-0.0013287243455653366,-136.0582292577435
2025-09-19,HD,0.030144149111019685,0.030303030303030304,0.00015888119201061882,16.2690581530113
2025-09-19,INTC,0.03765278505897688,0.030303030303030304,-0.007349754755946576,-752.5974976753354
2025-09-19,JNJ,0.030329856611154078,0.030303030303030304,-2.682630812377365e-05,-2.7469504815088723
2025-09-19,JPM,0.0314377530795974,0.030303030303030304,-0.001134722776567093,-116.19292759512184
2025-09-19,LLY,0.030513795633741483,0.030303030303030304,-0.00021076533071117884,-21.58187119939063
2025-09-19,LMT,0.03075776861513893,0.030303030303030304,-0.0004547383121086268,-46.564127260594795
2025-09-19,MA,0.030849797969435336,0.030303030303030304,-0.0005467676664050319,-55.98771540142538
2025-09-19,MCD,0.03034865143619573,0.0,-0.03034865143619573,-3107.630102925832
2025-09-19,MS,0.03134166748737669,0.030303030303030304,-0.0010386371843463874,-106.35399028779906
2025-09-19,MSFT,0.0,0.030303030303030304,0.030303030303030304,3102.958606828138
2025-09-19,NVDA,0.0,0.030303030303030304,0.030303030303030304,3102.958606828138
2025-09-19,ORCL,0.0323806290692394,0.030303030303030304,-0.002077598766209096,-212.74119811375314
2025-09-19,PG,0.030290693673444287,0.0,-0.030290693673444287,-3101.695365146683
2025-09-19,QCOM,0.031602586131674895,0.030303030303030304,-0.0012995558286445913,-133.07144213703143
2025-09-19,RTX,0.031121809041522928,0.030303030303030304,-0.0008187787384926239,-83.84100561188788
2025-09-19,SLB,0.029669388728473006,0.0,-0.029669388728473006,-3038.0752087733867
2025-09-19,TMO,0.030686954876214572,0.030303030303030304,-0.0003839245731842682,-39.31296793825316
2025-09-19,TSLA,0.032984279357333134,0.030303030303030304,-0.0026812490543028297,-274.55355939325943
2025-09-19,UNH,0.02946086591980369,0.030303030303030304,0.000842164383226613,86.23564030280527
2025-09-19,WFC,0.03184833397204458,0.030303030303030304,-0.0015453036690142793,-158.2354395577216
2025-09-19,WMT,0.030308192689331707,0.030303030303030304,-5.1623863014035876e-06,-0.5286161431884939
2025-09-19,XOM,0.03083212904539015,0.030303030303030304,-0.0005290987423598459,-54.1784593834251
2025-09-26,AAPL,0.031398800694462665,0.03333333333333333,0.0019345326388706674,198.87359291223905
2025-09-26,ABBV,0.029922329659403512,0.03333333333333333,0.003411003673929821,350.6575916275468
2025-09-26,ABT,0.029622308333636563,0.03333333333333333,0.00371102499969677,381.5003480673649
2025-09-26,ADBE,0.029718565972948356,0.03333333333333333,0.0036147673603849767,371.6048817461753
2025-09-26,AMZN,0.028649452617237163,0.0,-0.028649452617237163,-2945.2176006112954
2025-09-26,AVGO,0.02931410444070186,0.03333333333333333,0.004019228892631472,413.1842877982783
2025-09-26,BAC,0.030151504737628145,0.03333333333333333,0.0031818285957051877,327.0979626522079
2025-09-26,BLK,0.03053368380091348,0.03333333333333333,0.0027996495324198525,287.809236308589
2025-09-26,BRK-B,0.03061420045875462,0.03333333333333333,0.002719132874578714,279.5319724814455
2025-09-26,CAT,0.03012415702228711,0.03333333333333333,0.0032091763110462246,329.90935921307863
2025-09-26,COP,0.0,0.03333333333333333,0.03333333333333333,3426.729345652818
2025-09-26,CSCO,0.029736652750973796,0.03333333333333333,0.003596680582359537,369.74552695533276
2025-09-26,CVX,0.030937612620066595,0.03333333333333333,0.002395720713266738,246.28459416418292
2025-09-26,GE,0.029557367584453525,0.03333333333333333,0.003775965748879808,388.1763791959907
2025-09-26,GS,0.030081270482706514,0.03333333333333333,0.003252062850626819,334.31817612450834
2025-09-26,HD,0.02976810643126065,0.03333333333333333,0.0035652269020726816,366.5120294773003
2025-09-26,INTC,0.03621360933583437,0.03333333333333333,-0.002880276002501035,-296.0977890404966
2025-09-26,JNJ,0.03077744708113384,0.03333333333333333,0.002555886252199494,262.7499127368782
2025-09-26,JPM,0.030297305247855795,0.03333333333333333,0.003036028085477538,312.1093960419606
2025-09-26,LLY,0.02907313952801075,0.0,-0.02907313952801075,-2988.773411726801
2025-09-26,LMT,0.031099737049753114,0.03333333333333333,0.0022335962835802192,229.61789793856232
2025-09-26,MA,0.029191623529435266,0.0,-0.029191623529435266,-3000.9537898669537
2025-09-26,MS,0.030212344920282592,0.03333333333333333,0.003120988413050741,320.8434774733018
2025-09-26,MSFT,0.029797666590540096,0.03333333333333333,0.0035356667427932365,363.4731895193489
2025-09-26,NVDA,0.030434218917944886,0.03333333333333333,0.002899114415388447,298.03441330850114
2025-09-26,ORCL,0.027711057897498847,0.03333333333333333,0.005622275435834486,577.9804867595107
2025-09-26,QCOM,0.03059959957149834,0.03333333333333333,0.002733733761834993,281.0329711464553
2025-09-26,RTX,0.031149030538993528,0.03333333333333333,0.002184302794339805,224.55043455466983
2025-09-26,TMO,0.029209432410150137,0.0,-0.029209432410150137,-3002.78457629172
2025-09-26,TSLA,0.031189468092361842,0.03333333333333333,0.002143865240971491,220.39337803086175
2025-09-26,UNH,0.030836908510141436,0.03333333333333333,0.002496424823191897,256.6371660254347
2025-09-26,WFC,0.030306515256551342,0.03333333333333333,0.003026818076781991,311.1625898298382
2025-09-26,WMT,0.0304193529862781,0.03333333333333333,0.002913980347055232,299.5626590372924
2025-09-26,XOM,0.03135142492830118,0.03333333333333333,0.001981908405032151,203.7439107575893
2025-10-03,AAPL,0.03356981152811889,0.03125,-0.002319811528118887,-239.11714796020522
2025-10-03,ABBV,0.03524049242815509,0.03125,-0.003990492428155093,-411.3244359773433
2025-10-03,ABT,0.033495566295235056,0.03125,-0.002245566295235056,-231.46423817782352
2025-10-03,ADBE,0.031979650635364475,0.0,-0.031979650635364475,-3296.337982634694
2025-10-03,AMGN,0.0,0.03125,0.03125,3221.128433573964
2025-10-03,AVGO,0.03361825382860635,0.03125,-0.002368253828606351,-244.11039184781816
2025-10-03,BAC,0.032237282052053534,0.03125,-0.0009872820520535341,-101.76519327446044
2025-10-03,BLK,0.033358600332139936,0.03125,-0.0021086003321399358,-217.34631951678244
2025-10-03,BRK-B,0.033151658096647996,0.03125,-0.0019016580966479957,-196.01551891356812
2025-10-03,CAT,0.0355266882322517,0.03125,-0.004276688232251698,-440.8243861259877
2025-10-03,COP,0.03177874869597595,0.03125,-0.000528748695975953,-54.50135868234552
2025-10-03,CSCO,0.03378563128942858,0.0,-0.03378563128942858,-3482.4914429639866
2025-10-03,CVX,0.03186501869521627,0.0,-0.03186501869521627,-3284.5221681768658
2025-10-03,GE,0.03350523342996674,0.03125,-0.002255233429966738,-232.4606888195967
2025-10-03,GS,0.0327177958297537,0.03125,-0.0014677958297536972,-151.29468422082954
2025-10-03,HD,0.032018596262562225,0.0,-0.032018596262562225,-3300.3523463828556
2025-10-03,INTC,0.03448194808030926,0.03125,-0.0032319480803092576,-333.136635434206
2025-10-03,JNJ,0.03488831307119778,0.03125,-0.003638313071197781,-375.02315788412756
2025-10-03,JPM,0.03260263293067982,0.03125,-0.0013526329306798174,-139.4241405824397
2025-10-03,LLY,0.0,0.03125,0.03125,3221.128433573964
2025-10-03,LMT,0.034399316367947186,0.03125,-0.003149316367947186,-324.61927997166606
2025-10-03,MRK,0.0,0.03125,0.03125,3221.128433573964
2025-10-03,MS,0.03271361624456894,0.03125,-0.0014636162445689424,-150.86386883909648
2025-10-03,MSFT,0.033619493978176464,0.03125,-0.0023694939781764637,-244.23822164116777
2025-10-03,NVDA,0.03499566056495547,0.03125,-0.003745660564955469,-386.08811994543294
2025-10-03,ORCL,0.03355097673495521,0.03125,-0.002300976734955211,-237.1757307506052
2025-10-03,PFE,0.0,0.03125,0.03125,3221.128433573964
2025-10-03,QCOM,0.03323281021254847,0.03125,-0.0019828102125484734,-204.38036332866312
2025-10-03,RTX,0.033893938084606036,0.03125,-0.002643938084606036,-272.52685250987474
2025-10-03,TMO,0.0,0.03125,0.03125,3221.128433573964
2025-10-03,TSLA,0.032439026475917176,0.03125,-0.0011890264759171765,-122.56022367517008
2025-10-03,UNH,0.03479386594309571,0.03125,-0.003543865943095713,-365.28791533056034
2025-10-03,UPS,0.0,0.03125,0.03125,3221.128433573964
2025-10-03,V,0.0,0.03125,0.03125,3221.128433573964
2025-10-03,WFC,0.031539905202984386,0.0,-0.031539905202984386,-3251.010734129933
2025-10-03,WMT,0.032885554987038164,0.03125,-0.0016355549870381639,-168.5866455495144
2025-10-03,XOM,0.032113913489543504,0.03125,-0.0008639134895435038,-89.04884177013388
2025-10-10,AAPL,0.030558416336675307,0.043478260869565216,0.012919844532889909,1294.0035489585578
2025-10-10,ABBV,0.03167830537064258,0.043478260869565216,0.011799955498922633,1181.8396308321155
2025-10-10,ABT,0.03166448148292039,0.043478260869565216,0.011813779386644824,1183.22417998264
2025-10-10,AMGN,0.03130952970184654,0.043478260869565216,0.012168731167718674,1218.7748294699047
2025-10-10,AVGO,0.030841580449238865,0.043478260869565216,0.012636680420326351,1265.6428852011754
2025-10-10,BAC,0.03088367641409234,0.0,-0.03088367641409234,-3093.194100206726
2025-10-10,BLK,0.03136231869293959,0.0,-0.03136231869293959,-3141.1331296535
2025-10-10,BRK-B,0.031526895873010406,0.0,-0.031526895873010406,-3157.6165675576553
2025-10-10,CAT,0.03172400858287329,0.043478260869565216,0.011754252286691927,1177.2621671734169
2025-10-10,COP,0.0299209735940777,0.0,-0.0299209735940777,-2996.7733683225238
2025-10-10,GE,0.0315505498563781,0.043478260869565216,0.011927711013187119,1194.6351477159624
2025-10-10,GS,0.031104389703233398,0.043478260869565216,0.012373871166331818,1239.320888330211
2025-10-10,INTC,0.03174544097288133,0.043478260869565216,0.011732819896683885,1175.115578747955
2025-10-10,JNJ,0.03250141313346936,0.043478260869565216,0.010976847736095856,1099.4002203917062
2025-10-10,JPM,0.03135090952283724,0.0,-0.03135090952283724,-3139.990429633734
2025-10-10,LLY,0.03190275102864792,0.043478260869565216,0.011575509840917299,1159.3599889704903
2025-10-10,LMT,0.03218263549180637,0.043478260869565216,0.011295625377758849,1131.3278026927514
2025-10-10,MRK,0.030993569220300967,0.043478260869565216,0.01248469164926425,1250.42025549727
2025-10-10,MS,0.030978090977971582,0.043478260869565216,0.012500169891593634,1251.9704986487939
2025-10-10,MSFT,0.03174989451760615,0.0,-0.03174989451760615,-3179.951281941041
2025-10-10,NVDA,0.03138277580500411,0.043478260869565216,0.01209548506456111,1211.4387723531188
2025-10-10,ORCL,0.03297027339293926,0.043478260869565216,0.010507987476625957,1052.4409216033043
2025-10-10,PEP,0.0,0.043478260869565216,0.043478260869565216,4354.620810222623
2025-10-10,PFE,0.029104912226261288,0.043478260869565216,0.014373348643303929,1439.581111638477
2025-10-10,QCOM,0.029184600412329984,0.0,-0.029184600412329984,-2923.0209707519693
2025-10-10,RTX,0.03043327542137819,0.0,-0.03043327542137819,-3048.083612882913
2025-10-10,TMO,0.03105116117279635,0.043478260869565216,0.012427099696768865,1244.6520598560019
2025-10-10,TSLA,0.030924885955124968,0.043478260869565216,0.012553374914440248,1257.2993157418073
2025-10-10,UNH,0.031638240724247854,0.043478260869565216,0.011840020145317362,1185.8523567198436
2025-10-10,UPS,0.030698525465956757,0.0,-0.030698525465956757,-3074.650070255702
2025-10-10,V,0.03157814735889423,0.043478260869565216,0.011900113510670988,1191.8710845643234
2025-10-10,WMT,0.03207451422004919,0.043478260869565216,0.011403746649516024,1142.1568269132467
2025-10-10,XOM,0.03142885692156823,0.0,-0.03142885692156823,-3147.7973510199176
2025-10-17,AAPL,0.0440380008665053,0.039999999999999994,-0.004038000866505305,-410.46551028216896
2025-10-17,ABBV,0.04294729975329498,0.039999999999999994,-0.0029472997532949893,-299.59500683260916
2025-10-17,ABT,0.04169575786200989,0.0,-0.04169575786200989,-4238.401895699336
2025-10-17,AMGN,0.044093491054365164,0.039999999999999994,-0.00409349105436517,-416.10612528660926
2025-10-17,AVGO,0.04607010836263652,0.039999999999999994,-0.006070108362636523,-617.0306072009329
2025-10-17,BAC,0.0,0.039999999999999994,0.039999999999999994,4066.0269658377465
2025-10-17,BLK,0.0,0.039999999999999994,0.039999999999999994,4066.0269658377465
2025-10-17,CAT,0.04593056823151863,0.039999999999999994,-0.005930568231518635,-602.8462588023862
2025-10-17,CSCO,0.0,0.039999999999999994,0.039999999999999994,4066.0269658377465
2025-10-17,GE,0.044083120360358184,0.039999999999999994,-0.00408312036035819,-415.05193724943854
2025-10-17,GS,0.042051454617891545,0.0,-0.042051454617891545,-4274.558710726232
2025-10-17,INTC,0.04356600936201604,0.039999999999999994,-0.003566009362016044,-362.4872556596774
2025-10-17,JNJ,0.04337383658842625,0.039999999999999994,-0.0033738365884262572,-342.95276367177973
2025-10-17,KO,0.0,0.039999999999999994,0.039999999999999994,4066.0269658377465
2025-10-17,LLY,0.04123777638755041,0.039999999999999994,-0.0012377763875504183,-125.82080423643086
2025-10-17,LMT,0.041973425069856976,0.039999999999999994,-0.001973425069856982,-200.59998872746823
2025-10-17,MCD,0.0,0.039999999999999994,0.039999999999999994,4066.0269658377465
2025-10-17,MRK,0.04221519028181615,0.039999999999999994,-0.0022151902818161595,-225.17558550815556
2025-10-17,MS,0.04473251725312009,0.039999999999999994,-0.004732517253120093,-481.063569186967
2025-10-17,NVDA,0.04282666138842375,0.039999999999999994,-0.0028266613884237526,-287.33203571558363
2025-10-17,ORCL,0.042571514484091424,0.039999999999999994,-0.0025715144840914306,-261.39618088395247
2025-10-17,PEP,0.04384815016168332,0.039999999999999994,-0.003848150161683328,-391.1670581499324
2025-10-17,PFE,0.042346156585476614,0.0,-0.042346156585476614,-4304.51536440339
2025-10-17,TMO,0.043964541189136674,0.039999999999999994,-0.0039645411891366805,-402.99828455510476
2025-10-17,TSLA,0.04548603587468148,0.039999999999999994,-0.005486035874681487,-557.659245050205
2025-10-17,UNH,0.04306625925833328,0.039999999999999994,-0.003066259258333287,-311.6873207158199
2025-10-17,V,0.042593379177164374,0.0,-0.042593379177164374,-4329.645707512558
2025-10-17,WFC,0.0,0.039999999999999994,0.039999999999999994,4066.0269658377465
2025-10-17,WMT,0.04528874582964292,0.039999999999999994,-0.005288745829642928,-537.6045789697519
2025-10-24,AAPL,0.04132004936390808,0.02702702702702703,-0.014293022336881053,-1464.4797716824714
2025-10-24,ABBV,0.03939155090188811,0.02702702702702703,-0.012364523874861082,-1266.8835655909545
2025-10-24,ADBE,0.0,0.02702702702702703,0.02702702702702703,2769.220773388477
2025-10-24,AMGN,0.038728716759675055,0.02702702702702703,-0.011701689732648027,-1198.9688047816362
2025-10-24,AVGO,0.04020955615771535,0.02702702702702703,-0.01318252913068832,-1350.697340036531
2025-10-24,BAC,0.040662343290539735,0.02702702702702703,-0.013635316263512706,-1397.090438799722
2025-10-24,BLK,0.03882661621764922,0.02702702702702703,-0.01179958919062219,-1208.9996976524806
2025-10-24,CAT,0.03945020764642336,0.02702702702702703,-0.012423180619396332,-1272.8936041832096
2025-10-24,CRM,0.0,0.02702702702702703,0.02702702702702703,2769.220773388477
2025-10-24,CSCO,0.03994733793558813,0.02702702702702703,-0.012920310908561099,-1323.8301545651302
2025-10-24,DE,0.0,0.02702702702702703,0.02702702702702703,2769.220773388477
2025-10-24,GE,0.04015746710940739,0.02702702702702703,-0.01313044008238036,-1345.3602352748346
2025-10-24,GS,0.0,0.02702702702702703,0.02702702702702703,2769.220773388477
2025-10-24,HON,0.0,0.02702702702702703,0.02702702702702703,2769.220773388477
2025-10-24,INTC,0.04102563275853046,0.02702702702702703,-0.013998605731503432,-1434.3135022357092
2025-10-24,JNJ,0.0390856419384313,0.02702702702702703,-0.012058614911404274,-1235.5397757052524
2025-10-24,KO,0.04040057068589601,0.02702702702702703,-0.013373543658868982,-1370.2689118164358
2025-10-24,LLY,0.040782101896091986,0.02702702702702703,-0.013755074869064958,-1409.3610454763534
2025-10-24,LMT,0.03888430823266212,0.02702702702702703,-0.01185728120563509,-1214.910888930478
2025-10-24,MCD,0.03936843789483452,0.02702702702702703,-0.01234141086780749,-1264.5153798780282
2025-10-24,MRK,0.04092759260488861,0.02702702702702703,-0.013900565577861582,-1424.2681935223345
2025-10-24,MS,0.04096194410053109,0.02702702702702703,-0.013934917073504062,-1427.7878879095488
2025-10-24,MSFT,0.0,0.02702702702702703,0.02702702702702703,2769.220773388477
2025-10-24,NVDA,0.040322654343758424,0.02702702702702703,-0.013295627316731395,-1362.2855123467834
2025-10-24,ORCL,0.03857798481684667,0.02702702702702703,-0.01155095778981964,-1183.524633771774
2025-10-24,PEP,0.039107159110747,0.02702702702702703,-0.012080132083719969,-1237.7444503260167
2025-10-24,QCOM,0.0,0.02702702702702703,0.02702702702702703,2769.220773388477
2025-10-24,RTX,0.0,0.02702702702702703,0.02702702702702703,2769.220773388477
2025-10-24,SLB,0.0,0.02702702702702703,0.02702702702702703,2769.220773388477
2025-10-24,TMO,0.042136029684349804,0.02702702702702703,-0.015109002657322776,-1548.0860688820776
2025-10-24,TSLA,0.039159830360864734,0.02702702702702703,-0.012132803333837705,-1243.1412081655126
2025-10-24,UNH,0.04032079589271756,0.02702702702702703,-0.01329376886569053,-1362.095093281322
2025-10-24,UPS,0.0,0.02702702702702703,0.02702702702702703,2769.220773388477
2025-10-24,V,0.0,0.02702702702702703,0.02702702702702703,2769.220773388477
2025-10-24,WFC,0.04115529946255627,0.02702702702702703,-0.014128272435529242,-1447.5993042606974
2025-10-24,WMT,0.03909017083349903,0.02702702702702703,-0.012063143806471999,-1236.003811586428
2025-10-24,XOM,0.0,0.02702702702702703,0.02702702702702703,2769.220773388477
2025-10-31,AAPL,0.027617575926241353,0.030303030303030304,0.002685454376788951,276.8267810683563
2025-10-31,ABBV,0.025674726832666472,0.0,-0.025674726832666472,-2646.6478244158184
2025-10-31,ADBE,0.025843194340428657,0.030303030303030304,0.0044598359626016465,459.73673739940625
2025-10-31,AMGN,0.027460101076246923,0.030303030303030304,0.0028429292267833813,293.05988344386776
2025-10-31,AMZN,0.0,0.030303030303030304,0.030303030303030304,3123.7508288765844
2025-10-31,AVGO,0.028021406843134738,0.030303030303030304,0.002281623459895566,235.19836474309014
2025-10-31,BAC,0.027295762038921333,0.030303030303030304,0.0030072682641089712,310.0005721779333
2025-10-31,BLK,0.025575175806708546,0.0,-0.025575175806708546,-2636.3857286207162
2025-10-31,CAT,0.029646911026854357,0.030303030303030304,0.0006561192761759468,67.63525338228511
2025-10-31,CRM,0.02743421635417168,0.030303030303030304,0.002868813948858625,295.7281783711146
2025-10-31,CSCO,0.027789006830164418,0.030303030303030304,0.002514023472865886,259.15503593694
2025-10-31,CVX,0.0,0.030303030303030304,0.030303030303030304,3123.7508288765844
2025-10-31,DE,0.02621432965427614,0.030303030303030304,0.004088700648754162,421.47870733894337
2025-10-31,GE,0.027295175395975778,0.030303030303030304,0.003007854907054526,310.06104554871854
2025-10-31,GS,0.02703438675062218,0.030303030303030304,0.0032686435524081243,336.9441242025204
2025-10-31,HON,0.02653225800488199,0.030303030303030304,0.0037707722981483137,388.7054520309067
2025-10-31,INTC,0.02804561498992108,0.030303030303030304,0.0022574153131092248,232.70289752963996
2025-10-31,JNJ,0.026630633905534915,0.030303030303030304,0.0036723963974953887,378.5644925911069
2025-10-31,JPM,0.0,0.030303030303030304,0.030303030303030304,3123.7508288765844
2025-10-31,KO,0.026534423496559437,0.030303030303030304,0.0037686068064708665,388.4822249689691
2025-10-31,LLY,0.028063062001985873,0.030303030303030304,0.002239968301044431,230.9043936224789
2025-10-31,LMT,0.027204197109558178,0.030303030303030304,0.003098833193472126,319.43943096974124
2025-10-31,MCD,0.0262002002696299,0.0,-0.0262002002696299,-2700.815611196634
2025-10-31,MRK,0.026383018164443627,0.030303030303030304,0.003920012138586677,404.08965851484135
2025-10-31,MS,0.027032879534722658,0.030303030303030304,0.003270150768307646,337.09949371072946
2025-10-31,MSFT,0.026548983427326044,0.030303030303030304,0.0037540468757042596,386.9813323075502
2025-10-31,NVDA,0.029185659359137785,0.030303030303030304,0.0011173709438925192,115.18281760084665
2025-10-31,ORCL,0.024883082960986288,0.0,-0.024883082960986288,-2565.042183804729
2025-10-31,PEP,0.025879150633950024,0.030303030303030304,0.004423879669080279,456.03022684361315
2025-10-31,QCOM,0.0287469348412863,0.030303030303030304,0.0015560954617440045,160.40819811831955
2025-10-31,RTX,0.026823825901567098,0.030303030303030304,0.003479204401463206,358.64953188575777
2025-10-31,SLB,0.027018694561276917,0.030303030303030304,0.003284335741753387,338.56173435516746
2025-10-31,TMO,0.02660674174126994,0.030303030303030304,0.003696288561760363,381.02738713267706
2025-10-31,TSLA,0.028260111273244598,0.030303030303030304,0.002042919029785706,210.59181041648793
2025-10-31,UNH,0.025295568089129184,0.0,-0.025295568089129184,-2607.562708915605
2025-10-31,UPS,0.029678126082315126,0.030303030303030304,0.0006249042207151778,64.41748755510793
2025-10-31,V,0.02633320847026939,0.0,-0.02633320847026939,-2714.5265989374684
2025-10-31,WFC,0.027020345110294594,0.030303030303030304,0.00328268519273571,338.3915895277191
2025-10-31,WMT,0.025584584322856752,0.0,-0.025584584322856752,-2637.3555940045594
2025-10-31,XOM,0.026606726871439623,0.030303030303030304,0.0036963034315906813,381.02891997095486
2025-11-07,AAPL,0.03051199432361068,0.037037037037037035,0.0065250427134263544,663.0868772713727
2025-11-07,ADBE,0.029521606016807138,0.0,-0.029521606016807138,-3000.040061874355
2025-11-07,AMGN,0.03296948697370488,0.037037037037037035,0.004067550063332155,413.35194083712025
2025-11-07,AMZN,0.03075183802326126,0.037037037037037035,0.006285199013775774,638.7135180736971
2025-11-07,AVGO,0.029048672997159512,0.037037037037037035,0.007988364039877523,811.7922898512071
2025-11-07,BAC,0.03058420720272935,0.037037037037037035,0.006452829834307686,655.7484712843827
2025-11-07,BRK-B,0.0,0.037037037037037035,0.037037037037037035,3763.7720258503937
2025-11-07,CAT,0.029974183364784253,0.037037037037037035,0.007062853672252782,717.7402190060932
2025-11-07,CRM,0.028305427593280967,0.0,-0.028305427593280967,-2876.449766993768
2025-11-07,CSCO,0.02987052984163735,0.037037037037037035,0.007166507195399685,728.2736812377242
2025-11-07,CVX,0.030201905011944957,0.0,-0.030201905011944957,-3069.1733007064295
2025-11-07,DE,0.031137966086662573,0.037037037037037035,0.0058990709503744625,599.4744719812047
2025-11-07,GE,0.030560834220796283,0.037037037037037035,0.006476202816240752,658.123676824513
2025-11-07,GS,0.030609979958187903,0.037037037037037035,0.006427057078849132,653.129396331735
2025-11-07,HON,0.029619874187140047,0.0,-0.029619874187140047,-3010.026254618679
2025-11-07,INTC,0.029298725244430564,0.037037037037037035,0.007738311792606471,786.3815192126522
2025-11-07,JNJ,0.030353743640900974,0.037037037037037035,0.006683293396136061,679.1686035730447
2025-11-07,JPM,0.031033118938140338,0.037037037037037035,0.006003918098896697,610.1292326253553
2025-11-07,KO,0.03146379481315596,0.037037037037037035,0.0055732422238810725,566.3631557393592
2025-11-07,LLY,0.03291840934605451,0.037037037037037035,0.004118627690982528,418.54254358174666
2025-11-07,LMT,0.028633299959965917,0.0,-0.028633299959965917,-2909.768761721779
2025-11-07,MRK,0.030835148885959077,0.037037037037037035,0.006201888151077958,630.2473145229666
2025-11-07,MS,0.030420653569352755,0.037037037037037035,0.00661638346768428,672.3690932151662
2025-11-07,MSFT,0.029482343782771907,0.0,-0.029482343782771907,-2996.050161224732
2025-11-07,NVDA,0.028551827161196253,0.037037037037037035,0.008485209875840782,862.2826802322938
2025-11-07,PEP,0.030067476282108825,0.0,-0.030067476282108825,-3055.512405200078
2025-11-07,QCOM,0.029027617988525864,0.037037037037037035,0.008009419048511171,813.9319386686899
2025-11-07,RTX,0.030464551003244276,0.037037037037037035,0.006572486033792759,667.908155005603
2025-11-07,SLB,0.03123921219488936,0.037037037037037035,0.0057978248421476745,589.1856556947091
2025-11-07,TMO,0.03099979312408765,0.037037037037037035,0.006037243912949384,613.5158633254505
2025-11-07,TSLA,0.02890805368925547,0.037037037037037035,0.008128983347781563,826.0822833205661
2025-11-07,UPS,0.03057815024361603,0.037037037037037035,0.0064588867934210065,656.3639906427385
2025-11-07,WFC,0.030559174145544526,0.037037037037037035,0.006477862891492509,658.292376733934
2025-11-07,XOM,0.031496400185092505,0.037037037037037035,0.00554063685194453,563.0497376961046
2025-11-14,AAPL,0.03725340956647053,0.034482758620689655,-0.0027706509457808767,-284.1897159770353
2025-11-14,ABBV,0.0,0.034482758620689655,0.034482758620689655,3536.946937845517
2025-11-14,ABT,0.0,0.034482758620689655,0.034482758620689655,3536.946937845517
2025-11-14,AMGN,0.038573703190468,0.034482758620689655,-0.004090944569778349,-419.614162200225
2025-11-14,AMZN,0.03522034124505568,0.034482758620689655,-0.0007375826243660247,-75.65492753512467
2025-11-14,AVGO,0.035947410970703295,0.0,-0.035947410970703295,-3687.1784695327974
2025-11-14,BAC,0.03627226262929716,0.034482758620689655,-0.0017895040086075079,-183.55204098169148
2025-11-14,BRK-B,0.03740518223590212,0.034482758620689655,-0.0029224236152124647,-299.75726045048145
2025-11-14,CAT,0.03608824505935042,0.034482758620689655,-0.0016054864386607637,-164.6770899462371
2025-11-14,COP,0.0,0.034482758620689655,0.034482758620689655,3536.946937845517
2025-11-14,CSCO,0.04025559019127737,0.034482758620689655,-0.005772831570587715,-592.1277694423562
2025-11-14,DE,0.0373408116517989,0.034482758620689655,-0.0028580530311092464,-293.15467558087647
2025-11-14,GE,0.036386586341752875,0.034482758620689655,-0.0019038277210632198,-195.27839121779897
2025-11-14,GS,0.03689220306477058,0.034482758620689655,-0.0024094444440809284,-247.1402373036271
2025-11-14,INTC,0.03416835674224698,0.034482758620689655,0.00031440187844267165,32.248660075109896
2025-11-14,JNJ,0.03851917786772433,0.034482758620689655,-0.004036419247034677,-414.02142017414025
2025-11-14,JPM,0.03544165192131843,0.0,-0.03544165192131843,-3635.3020248235234
2025-11-14,KO,0.036996181891445656,0.034482758620689655,-0.0025134232707560017,-257.80549748929303
2025-11-14,LLY,0.04074289686119338,0.034482758620689655,-0.0062601382405037265,-642.111526626939
2025-11-14,MCD,0.0,0.034482758620689655,0.034482758620689655,3536.946937845517
2025-11-14,MRK,0.03950180833596514,0.034482758620689655,-0.005019049715275482,-514.8112631188029
2025-11-14,MS,0.03701790623161683,0.034482758620689655,-0.0025351476109271784,-260.0337948042026
2025-11-14,NVDA,0.037072831372833466,0.034482758620689655,-0.0025900727521438113,-265.66754679527276
2025-11-14,PFE,0.0,0.034482758620689655,0.034482758620689655,3536.946937845517
2025-11-14,QCOM,0.03734226186131276,0.034482758620689655,-0.002859503240623104,-293.3034256897554
2025-11-14,RTX,0.036388871408517945,0.034482758620689655,-0.0019061127878282902,-195.51277385482612
2025-11-14,SLB,0.036959181651085055,0.034482758620689655,-0.0024764230303954,-254.01032877084663
2025-11-14,TMO,0.037082737543520726,0.034482758620689655,-0.0025999789228310713,-266.68363719753705
2025-11-14,TSLA,0.03452963770908642,0.0,-0.03452963770908642,-3541.7553944419815
2025-11-14,UPS,0.036690510836896575,0.034482758620689655,-0.0022077522162069207,-226.45237077840696
2025-11-14,WFC,0.03625700202319924,0.034482758620689655,-0.001774243402509583,-181.98673831546753
2025-11-14,XOM,0.0376532395951898,0.034482758620689655,-0.0031704809745001436,-325.20086625341685
2025-11-21,AAPL,0.034731555403535876,0.043478260869565216,0.00874670546602934,887.4205616246379
2025-11-21,ABBV,0.03543717443342353,0.043478260869565216,0.008041086436141688,815.8300824175916
2025-11-21,ABT,0.03418744206057736,0.043478260869565216,0.009290818808987855,942.6250463613239
2025-11-21,AMGN,0.03518119842355422,0.043478260869565216,0.008297062446010993,841.8008179502896
2025-11-21,AMZN,0.03277038729212058,0.0,-0.03277038729212058,-3324.8079072030564
2025-11-21,BAC,0.03415372620618034,0.0,-0.03415372620618034,-3465.1582826444064
2025-11-21,BRK-B,0.034513732341665555,0.043478260869565216,0.008964528527899661,909.5203870561108
2025-11-21,CAT,0.03462281105478288,0.043478260869565216,0.008855449814782333,898.4535124217904
2025-11-21,COP,0.03363282396057345,0.043478260869565216,0.009845436908991763,998.8953195177936
2025-11-21,CSCO,0.03400036335774194,0.043478260869565216,0.009477897511823277,961.6056200393792
2025-11-21,DE,0.03565493654026391,0.043478260869565216,0.007823324329301308,793.7364413428589
2025-11-21,GE,0.03286224537640874,0.0,-0.03286224537640874,-3334.127616557094
2025-11-21,GS,0.03410548867306027,0.0,-0.03410548867306027,-3460.2642137976786
2025-11-21,INTC,0.033848516273613294,0.0,-0.033848516273613294,-3434.1923868766803
2025-11-21,JNJ,0.03626684512876814,0.043478260869565216,0.007211415740797075,731.6536073681285
2025-11-21,KO,0.035725869747903774,0.043478260869565216,0.007752391121661442,786.5397217086968
2025-11-21,LLY,0.03601918897650891,0.043478260869565216,0.007459071893056307,756.7802293381094
2025-11-21,MCD,0.03511258762303302,0.043478260869565216,0.008365673246532195,848.7619115150053
2025-11-21,MRK,0.03666447839191527,0.043478260869565216,0.006813782477649945,691.3106536613711
2025-11-21,MS,0.03363912216648821,0.0,-0.03363912216648821,-3412.9477437516175
2025-11-21,NVDA,0.0327803299172354,0.0,-0.0327803299172354,-3325.8166630137653
2025-11-21,PEP,0.0,0.043478260869565216,0.043478260869565216,4411.204061824603
2025-11-21,PFE,0.03482144588722798,0.043478260869565216,0.008656814982337238,878.3004804886524
2025-11-21,PG,0.0,0.043478260869565216,0.043478260869565216,4411.204061824603
2025-11-21,QCOM,0.03270998628662135,0.0,-0.03270998628662135,-3318.679760504737
2025-11-21,RTX,0.03381324511623751,0.043478260869565216,0.009665015753327705,980.5902052195928
2025-11-21,SLB,0.0341417083394099,0.043478260869565216,0.009336552530155313,947.2650842225776
2025-11-21,TMO,0.03537737014391384,0.043478260869565216,0.008100890725651379,821.8976876879842
2025-11-21,UPS,0.03496745776347976,0.043478260869565216,0.008510803106085457,863.4864523119332
2025-11-21,WFC,0.03405433819509371,0.0,-0.03405433819509371,-3455.07460428576
2025-11-21,WMT,0.0,0.043478260869565216,0.043478260869565216,4411.204061824603
2025-11-21,XOM,0.034203624918661114,0.043478260869565216,0.009274635950904102,940.9831709071713
2025-11-28,AAPL,0.04408308765112527,0.037037037037037035,-0.007046050614088237,-723.7462280036267
2025-11-28,ABBV,0.04136101750877335,0.037037037037037035,-0.004323980471736315,-444.144489981847
2025-11-28,ABT,0.04318420999246032,0.0,-0.04318420999246032,-4435.734399759775
2025-11-28,AMGN,0.043926600073262274,0.037037037037037035,-0.006889563036225239,-707.6723590505261
2025-11-28,AVGO,0.0,0.037037037037037035,0.037037037037037035,3804.3178115113224
2025-11-28,BAC,0.0,0.037037037037037035,0.037037037037037035,3804.3178115113224
2025-11-28,BRK-B,0.04375147267357949,0.037037037037037035,-0.006714435636542455,-689.6838713313103
2025-11-28,CAT,0.044894643488374755,0.037037037037037035,-0.00785760645133772,-807.1064688240999
2025-11-28,COP,0.043567981205371,0.0,-0.043567981205371,-4475.154066601953
2025-11-28,CSCO,0.04339330137926896,0.037037037037037035,-0.006356264342231924,-652.8937405993347
2025-11-28,DE,0.04091556573808288,0.0,-0.04091556573808288,-4202.70701864718
2025-11-28,GS,0.0,0.037037037037037035,0.037037037037037035,3804.3178115113224
2025-11-28,INTC,0.0,0.037037037037037035,0.037037037037037035,3804.3178115113224
2025-11-28,JNJ,0.04383178152803971,0.037037037037037035,-0.006794744491002674,-697.9329222783276
2025-11-28,JPM,0.0,0.037037037037037035,0.037037037037037035,3804.3178115113224
2025-11-28,KO,0.04301957149335706,0.037037037037037035,-0.005982534456320028,-614.5054845342793
2025-11-28,LLY,0.043558259343248626,0.037037037037037035,-0.006521222306211591,-669.837658653334
2025-11-28,MCD,0.04326224064702712,0.037037037037037035,-0.006225203609990085,-639.4316302917864
2025-11-28,MRK,0.046023486865098384,0.037037037037037035,-0.00898644982806135,-923.0574008649597
2025-11-28,MS,0.0,0.037037037037037035,0.037037037037037035,3804.3178115113224
2025-11-28,PEP,0.043626419996265285,0.037037037037037035,-0.00658938295922825,-676.838887883853
2025-11-28,PFE,0.04411936961562741,0.037037037037037035,-0.007082332578590374,-727.4729873460134
2025-11-28,PG,0.04213464195250378,0.037037037037037035,-0.005097604915466743,-523.6085477508606
2025-11-28,RTX,0.04424245258877976,0.037037037037037035,-0.007205415551742728,-740.1156495165596
2025-11-28,SLB,0.042978843254252566,0.037037037037037035,-0.005941806217215531,-610.3220190669475
2025-11-28,TMO,0.04316429263429105,0.037037037037037035,-0.006127255597254015,-629.3707453165292
2025-11-28,UPS,0.04343189698374104,0.037037037037037035,-0.006394859946704003,-656.8581491288924
2025-11-28,WFC,0.0,0.037037037037037035,0.037037037037037035,3804.3178115113224
2025-11-28,WMT,0.04503455382112059,0.037037037037037035,-0.007997516784083558,-821.4775798378455
2025-11-28,XOM,0.04249430956634916,0.037037037037037035,-0.005457272529312128,-560.5523753094066
2025-12-05,AAPL,0.03706019550926972,0.03225806451612903,-0.004802130993140689,-492.57093469451615
2025-12-05,ABBV,0.03680576773339151,0.0,-0.03680576773339151,-3775.2929773223236
2025-12-05,ADBE,0.0,0.03225806451612903,0.03225806451612903,3308.819566322098
2025-12-05,AMGN,0.03539877272701203,0.03225806451612903,-0.0031407082108829976,-322.1531401886221
2025-12-05,AMZN,0.0,0.03225806451612903,0.03225806451612903,3308.819566322098
2025-12-05,AVGO,0.03589935222234433,0.03225806451612903,-0.0036412877062153015,-373.49928427693237
2025-12-05,BAC,0.03747050143439791,0.03225806451612903,-0.0052124369182688784,-534.6574111650194
2025-12-05,BRK-B,0.036386277217695655,0.03225806451612903,-0.004128212701566623,-423.44483978737463
2025-12-05,CAT,0.03883425842781418,0.03225806451612903,-0.006576193911685152,-674.5426116942747
2025-12-05,COP,0.0,0.03225806451612903,0.03225806451612903,3308.819566322098
2025-12-05,CRM,0.0,0.03225806451612903,0.03225806451612903,3308.819566322098
2025-12-05,CSCO,0.03756575415315913,0.03225806451612903,-0.0053076896370301,-544.4278070120771
2025-12-05,EOG,0.0,0.03225806451612903,0.03225806451612903,3308.819566322098
2025-12-05,GS,0.03853949043249698,0.03225806451612903,-0.006281425916367947,-644.3072542709103
2025-12-05,INTC,0.037846352605813635,0.03225806451612903,-0.005588288089684604,-573.2097461751879
2025-12-05,JNJ,0.036175549437084,0.03225806451612903,-0.003917484920954971,-401.8297734740552
2025-12-05,JPM,0.03730157569090163,0.03225806451612903,-0.0050435111747726,-517.3301221996036
2025-12-05,KO,0.03573701563475039,0.03225806451612903,-0.0034789511186213568,-356.8478674787474
2025-12-05,LLY,0.034823557008731396,0.03225806451612903,-0.0025654924926023642,-263.15130446002973
2025-12-05,MCD,0.03722139063788928,0.03225806451612903,-0.004963326121760252,-509.10526815725484
2025-12-05,MRK,0.03526252944335829,0.03225806451612903,-0.003004464927229257,-308.1782024638846
2025-12-05,MS,0.038566179850712055,0.03225806451612903,-0.006308115334583024,-647.0448788162281
2025-12-05,PEP,0.03649590122559356,0.0,-0.03649590122559356,-3743.5089140398813
2025-12-05,PFE,0.03748714990113013,0.03225806451612903,-0.005229085385001102,-536.3651011116776
2025-12-05,PG,0.03589106366035324,0.0,-0.03589106366035324,-3681.4686645601532
2025-12-05,QCOM,0.0,0.03225806451612903,0.03225806451612903,3308.819566322098
2025-12-05,RTX,0.03626203385851234,0.03225806451612903,-0.004003969342383305,-410.70077519398285
2025-12-05,SLB,0.03965111245068417,0.03225806451612903,-0.007393047934555141,-758.33011147901
2025-12-05,TMO,0.03593639287001144,0.03225806451612903,-0.003678328353882411,-377.29866968918776
2025-12-05,TSLA,0.0,0.03225806451612903,0.03225806451612903,3308.819566322098
2025-12-05,UPS,0.03671348012647239,0.03225806451612903,-0.0044554156103433565,-457.00715677563136
2025-12-05,WFC,0.038788046973114325,0.03225806451612903,-0.0065299824569852935,-669.8025453638027
2025-12-05,WMT,0.038612525132607094,0.03225806451612903,-0.006354460616478062,-651.7986722579997
2025-12-05,XOM,0.03726777363469903,0.03225806451612903,-0.005009709118569995,-513.8629301463056
2025-12-12,AAPL,0.032012907797458856,0.02702702702702703,-0.0049858807704318275,-514.178696474142
2025-12-12,ADBE,0.03301236380975045,0.02702702702702703,-0.005985336782723422,-617.2495506010504
2025-12-12,AMGN,0.030889250872629767,0.02702702702702703,-0.0038622238456027386,-398.29938056287847
2025-12-12,AMZN,0.03160375371554372,0.0,-0.03160375371554372,-3259.19885319293
2025-12-12,AVGO,0.02957951051809721,0.0,-0.02957951051809721,-3050.444818242441
2025-12-12,BA,0.0,0.02702702702702703,0.02702702702702703,2787.2149708715497
2025-12-12,BAC,0.032777817567494816,0.02702702702702703,-0.005750790540467787,-593.0615110833173
2025-12-12,BRK-B,0.03176392622891793,0.02702702702702703,-0.004736899201890903,-488.50198572773326
2025-12-12,CAT,0.031789688969345524,0.02702702702702703,-0.0047626619423184954,-491.15881867272043
2025-12-12,COP,0.032703685938486174,0.02702702702702703,-0.005676658911459145,-585.416541994362
2025-12-12,CRM,0.0322747373197414,0.02702702702702703,-0.005247710292714369,-541.1803775540578
2025-12-12,CSCO,0.03200050132058609,0.02702702702702703,-0.0049734742935590645,-512.8992543053472
2025-12-12,DE,0.0,0.02702702702702703,0.02702702702702703,2787.2149708715497
2025-12-12,EOG,0.030881041767346098,0.02702702702702703,-0.0038540147403190693,-397.45280054054666
2025-12-12,GE,0.0,0.02702702702702703,0.02702702702702703,2787.2149708715497
2025-12-12,GS,0.033323878030526784,0.02702702702702703,-0.006296851003499755,-649.375063293176
2025-12-12,INTC,0.02928236717938691,0.0,-0.02928236717938691,-3019.8013308429613
2025-12-12,JNJ,0.0336030328328243,0.02702702702702703,-0.006576005805797272,-678.1634477268861
2025-12-12,JPM,0.032424681867157,0.02702702702702703,-0.005397654840129974,-556.6437019862791
2025-12-12,KO,0.03230866351555513,0.02702702702702703,-0.005281636488528099,-544.6790827864975
2025-12-12,LLY,0.03261640760766409,0.02702702702702703,-0.005589380580637064,-576.4157935932625
2025-12-12,LMT,0.0,0.02702702702702703,0.02702702702702703,2787.2149708715497
2025-12-12,MA,0.0,0.02702702702702703,0.02702702702702703,2787.2149708715497
2025-12-12,MCD,0.03263613186841597,0.02702702702702703,-0.005609104841388941,-578.4498965229717
2025-12-12,MRK,0.032256955730998696,0.02702702702702703,-0.005229928703971667,-539.3466164711248
2025-12-12,MS,0.03241564115515627,0.02702702702702703,-0.005388614128129243,-555.7113608963554
2025-12-12,NKE,0.0,0.02702702702702703,0.02702702702702703,2787.2149708715497
2025-12-12,PEP,0.0,0.02702702702702703,0.02702702702702703,2787.2149708715497
2025-12-12,PFE,0.03184865735533392,0.02702702702702703,-0.004821630328306889,-497.2400486974148
2025-12-12,QCOM,0.03270886080489951,0.02702702702702703,-0.005681833777872479,-585.9502102045236
2025-12-12,RTX,0.03348744577018627,0.02702702702702703,-0.006460418743159238,-666.2433060442057
2025-12-12,SLB,0.032895948926519945,0.02702702702702703,-0.005868921899492917,-605.2440383022742
2025-12-12,TMO,0.032042989819493564,0.02702702702702703,-0.005015962792466536,-517.2809637744034
2025-12-12,TSLA,0.032349543012327474,0.02702702702702703,-0.005322515985300445,-548.8948607665038
2025-12-12,UNH,0.0,0.02702702702702703,0.02702702702702703,2787.2149708715497
2025-12-12,UPS,0.03411559810986223,0.02702702702702703,-0.007088571082835199,-731.0227434341203
2025-12-12,V,0.0,0.02702702702702703,0.02702702702702703,2787.2149708715497
2025-12-12,WFC,0.0331164685102942,0.02702702702702703,-0.00608944148326717,-627.9855512571149
2025-12-12,WMT,0.032579688088573026,0.02702702702702703,-0.005552661061545998,-572.6290214399111
2025-12-12,XOM,0.03269785398942639,0.02702702702702703,-0.0056708269623993585,-584.8151108523964
2025-12-19,AAPL,0.02679798856806331,0.029411764705882353,0.0026137761378190426,267.2210055975376
2025-12-19,ABBV,0.0,0.029411764705882353,0.029411764705882353,3006.929793024292
2025-12-19,ADBE,0.027205821602411313,0.029411764705882353,0.002205943103471039,225.52594534448022
2025-12-19,AMGN,0.028076127375294684,0.029411764705882353,0.001335637330587669,136.5497011886629
2025-12-19,BA,0.02854267192413526,0.029411764705882353,0.0008690927817470925,88.8522332634815
2025-12-19,BAC,0.02731364358695312,0.029411764705882353,0.0020981211189292324,214.50269866398025
2025-12-19,BRK-B,0.026977189385050827,0.0,-0.026977189385050827,-2758.029492794912
2025-12-19,CAT,0.026261768089427394,0.029411764705882353,0.0031499966164549587,322.0418349141004
2025-12-19,COP,0.02622262715736028,0.029411764705882353,0.003189137548522073,326.04343209591815
2025-12-19,CRM,0.027051911870134043,0.029411764705882353,0.00235985283574831,241.26100116479142
2025-12-19,CSCO,0.027466551534929776,0.029411764705882353,0.0019452131709525762,198.87006087569893
2025-12-19,DE,0.026449568548384404,0.0,-0.026449568548384404,-2704.0878531463613
2025-12-19,EOG,0.02571550166780536,0.0,-0.02571550166780536,-2629.0400756546533
2025-12-19,GE,0.02792197755686615,0.029411764705882353,0.0014897871490162015,152.30930236381224
2025-12-19,GS,0.027418793257712487,0.029411764705882353,0.0019929714481698654,203.75265762105704
2025-12-19,HON,0.0,0.029411764705882353,0.029411764705882353,3006.929793024292
2025-12-19,JNJ,0.02657840219112727,0.029411764705882353,0.0028333625147550813,289.67055344187963
2025-12-19,JPM,0.02713732615907193,0.029411764705882353,0.0022744385468104235,232.52861897944268
2025-12-19,KO,0.027071652835826302,0.029411764705882353,0.0023401118700560504,239.24277143676517
2025-12-19,LLY,0.028414414660153358,0.029411764705882353,0.0009973500457289945,101.96469326360622
2025-12-19,LMT,0.026902148529640523,0.029411764705882353,0.0025096161762418294,256.5721480795068
2025-12-19,MA,0.027263694889056236,0.029411764705882353,0.002148069816826116,219.6092344101632
2025-12-19,MCD,0.027173685832188054,0.029411764705882353,0.0022380788736942984,228.81136551128765
2025-12-19,MRK,0.027698760478018423,0.029411764705882353,0.0017130042278639297,175.13003724358117
2025-12-19,MS,0.027030986125620236,0.029411764705882353,0.002380778580262116,243.4003574818639
2025-12-19,NKE,0.023711461744781344,0.0,-0.023711461744781344,-2424.1558257223187
2025-12-19,PEP,0.026799013402415826,0.029411764705882353,0.002612751303466526,267.1162310293227
2025-12-19,PFE,0.026553668646561862,0.029411764705882353,0.0028580960593204904,292.19920253126764
2025-12-19,QCOM,0.026784774044680028,0.029411764705882353,0.0026269906612023247,268.57200049563903
2025-12-19,RTX,0.027760340680827576,0.029411764705882353,0.0016514240250547763,168.83434746301225
2025-12-19,SLB,0.02630310174912086,0.029411764705882353,0.003108662956761491,317.81606287934187
2025-12-19,TMO,0.027057840176884885,0.029411764705882353,0.0023539245289974677,240.6549170902874
2025-12-19,TSLA,0.028569834983748543,0.029411764705882353,0.0008419297221338093,86.0752012139717
2025-12-19,UNH,0.02609992646582108,0.0,-0.02609992646582108,-2668.341980517901
2025-12-19,UPS,0.027519408604180694,0.029411764705882353,0.0018923561017016588,193.46618600141284
2025-12-19,V,0.02736064405565794,0.029411764705882353,0.0020511206502244125,209.6975769364029
2025-12-19,WFC,0.027322841393108917,0.029411764705882353,0.002088923312773435,213.56235531372906
2025-12-19,WMT,0.026703011414192658,0.029411764705882353,0.0027087532916896945,276.9310531409683
2025-12-19,XOM,0.02676091881278705,0.029411764705882353,0.0026508458930953015,271.01085475058784
2025-12-26,AAPL,0.029157505826033044,0.028571428571428564,-0.0005860772546044807,-60.36524942207272
2025-12-26,ABBV,0.02959291954049165,0.028571428571428564,-0.0010214909690630866,-105.21233616462646
2025-12-26,ADBE,0.029017352834749478,0.028571428571428564,-0.000445924263320914,-45.929660581841006
2025-12-26,AMGN,0.029681095733417862,0.028571428571428564,-0.0011096671619892987,-114.29437754613635
2025-12-26,AMZN,0.0,0.028571428571428564,0.028571428571428564,2942.8226373042976
2025-12-26,BA,0.029508053612422275,0.028571428571428564,-0.0009366250409937119,-96.47124806558267
2025-12-26,BAC,0.029661567186048947,0.028571428571428564,-0.0010901386146203833,-112.28296075165437
2025-12-26,BRK-B,0.0,0.028571428571428564,0.028571428571428564,2942.8226373042976
2025-12-26,CAT,0.02952972267325121,0.028571428571428564,-0.000958294101822646,-98.70313516136056
2025-12-26,COP,0.0290593263907205,0.028571428571428564,-0.0004878978192919374,-50.25288615563004
2025-12-26,CRM,0.029879155990425118,0.028571428571428564,-0.0013077274189965543,-134.6943448216304
2025-12-26,CSCO,0.029089539470088008,0.028571428571428564,-0.0005181108986594442,-53.364796842318
2025-12-26,GE,0.02993969344975709,0.028571428571428564,-0.0013682648783285255,-140.92963002207588
2025-12-26,GS,0.029629255786902287,0.028571428571428564,-0.001057827215473723,-108.95492566184254
2025-12-26,HON,0.02893125121480066,0.028571428571428564,-0.0003598226433720979,-37.06129771155284
2025-12-26,JNJ,0.029364503805352656,0.028571428571428564,-0.0007930752339240926,-81.68579130170276
2025-12-26,JPM,0.030170808201827274,0.028571428571428564,-0.0015993796303987104,-164.73417036932474
2025-12-26,KO,0.029107157062904017,0.028571428571428564,-0.0005357284914754533,-55.17938762569964
2025-12-26,LLY,0.029358192221924786,0.028571428571428564,-0.0007867636504962222,-81.03570583109575
2025-12-26,LMT,0.029734167424115034,0.028571428571428564,-0.00116273885268647,-119.76069759356402
2025-12-26,MA,0.02956221025396031,0.028571428571428564,-0.000990781682531746,-102.04931673933021
2025-12-26,MCD,0.028709481530453874,0.028571428571428564,-0.00013805295902531017,-14.219288053828395
2025-12-26,MRK,0.030829099186212915,0.028571428571428564,-0.0022576706147843517,-232.53734674674362
2025-12-26,MS,0.029992730942124686,0.028571428571428564,-0.0014213023706961224,-146.3924276828585
2025-12-26,NVDA,0.0,0.028571428571428564,0.028571428571428564,2942.8226373042976
2025-12-26,PEP,0.02832348156339778,0.0,-0.02832348156339778,-2917.284394921328
2025-12-26,PFE,0.029070440363008924,0.0,-0.029070440363008924,-2994.220249183354
2025-12-26,QCOM,0.029113027908610558,0.028571428571428564,-0.0005415993371819944,-55.78407764328619
2025-12-26,RTX,0.029693031098275022,0.028571428571428564,-0.0011216025268464581,-115.52370571215107
2025-12-26,SLB,0.028964033004789516,0.028571428571428564,-0.00039260443336095255,-40.437782490022336
2025-12-26,TMO,0.029849876821179115,0.028571428571428564,-0.0012784482497505516,-131.6786257495794
2025-12-26,TSLA,0.02882177999230204,0.028571428571428564,-0.0002503514208734778,-25.785894001971823
2025-12-26,UPS,0.028791122827868894,0.028571428571428564,-0.00021969425644033022,-22.62824308984188
2025-12-26,V,0.02966682687590387,0.028571428571428564,-0.001095398304475307,-112.8247024546138
2025-12-26,WFC,0.029892351380413833,0.028571428571428564,-0.0013209228089852698,-136.0534540544702
2025-12-26,WMT,0.028517643949532216,0.028571428571428564,5.3784621896348084e-05,5.539751099939896
2025-12-26,XOM,0.02979159387673461,0.028571428571428564,-0.0012201653053060466,-125.67555285977807
2026-01-02,AAPL,0.028369247082228433,0.0,-0.028369247082228433,-2916.597075515302
2026-01-02,ABBV,0.02853605351912037,0.029411764705882353,0.0008757111867619821,90.03047133760607
2026-01-02,ADBE,0.026961151855620702,0.0,-0.026961151855620702,-2771.8330495942955
2026-01-02,AMGN,0.028164687791181347,0.029411764705882353,0.0012470769147010057,128.2099899167959
2026-01-02,AMZN,0.027878464024479712,0.029411764705882353,0.0015333006814026405,157.63619916673798
2026-01-02,BA,0.030117572062134654,0.029411764705882353,-0.0007058073562523012,-72.56292932822338
2026-01-02,BAC,0.028507336306830458,0.029411764705882353,0.0009044283990518945,92.98284216151062
2026-01-02,BLK,0.0,0.029411764705882353,0.029411764705882353,3023.7766507613064
2026-01-02,BRK-B,0.028536150139584444,0.0,-0.028536150139584444,-2933.7561128196107
2026-01-02,CAT,0.02937590153437907,0.029411764705882353,3.586317150328089e-05,3.6870355008715463
2026-01-02,COP,0.030232670310622156,0.029411764705882353,-0.0008209056047398036,-84.39599680310448
2026-01-02,CRM,0.027279238099903624,0.029411764705882353,0.002132526605978728,219.24166138171498
2026-01-02,CSCO,0.027992151036627094,0.029411764705882353,0.001419613669255259,145.94821865065163
2026-01-02,CVX,0.0,0.029411764705882353,0.029411764705882353,3023.7766507613064
2026-01-02,EOG,0.0,0.029411764705882353,0.029411764705882353,3023.7766507613064
2026-01-02,GE,0.02916221053278712,0.029411764705882353,0.00024955417309523165,25.656266777983834
2026-01-02,GS,0.02884976677566848,0.029411764705882353,0.0005619979302138728,57.77811145133428
2026-01-02,HON,0.028403371936221798,0.0,-0.028403371936221798,-2920.1053973636385
2026-01-02,INTC,0.0,0.029411764705882353,0.029411764705882353,3023.7766507613064
2026-01-02,JNJ,0.028580835059072416,0.029411764705882353,0.0008309296468099366,85.42655259127366
2026-01-02,JPM,0.02840734333132432,0.029411764705882353,0.0010044213745580323,103.26296059708125
2026-01-02,KO,0.028312219378814677,0.0,-0.028312219378814677,-2910.734148222314
2026-01-02,LLY,0.028688735549151072,0.029411764705882353,0.0007230291567312808,74.33347518608525
2026-01-02,LMT,0.029451298833088158,0.029411764705882353,-3.953412720580571e-05,-4.064440605606849
2026-01-02,MA,0.027806175785506045,0.029411764705882353,0.001605588920376308,165.06803779726778
2026-01-02,MCD,0.02793590835430551,0.0,-0.02793590835430551,-2872.046211584928
2026-01-02,MRK,0.028530981592640035,0.029411764705882353,0.0008807831132423179,90.55190801503706
2026-01-02,MS,0.028624148950087396,0.029411764705882353,0.0007876157557949563,80.97352049291327
2026-01-02,NVDA,0.028367077543805328,0.029411764705882353,0.0010446871620770244,107.40262203331237
2026-01-02,PFE,0.0,0.029411764705882353,0.029411764705882353,3023.7766507613064
2026-01-02,QCOM,0.0283198248050296,0.029411764705882353,0.0010919399008527536,112.26060079192786
2026-01-02,RTX,0.028940910633375335,0.029411764705882353,0.00047085407250701747,48.40775671232808
2026-01-02,SLB,0.030444590844280837,0.029411764705882353,-0.0010328261383984842,-106.18320909390027
2026-01-02,TMO,0.02919946766587579,0.029411764705882353,0.00021229704000656421,21.825920308317986
2026-01-02,TSLA,0.026383790114729765,0.0,-0.026383790114729765,-2712.475409255232
2026-01-02,UNH,0.0,0.029411764705882353,0.029411764705882353,3023.7766507613064
2026-01-02,UPS,0.02875606631513485,0.029411764705882353,0.0006556983907475035,67.4113064520582
2026-01-02,V,0.02793256451478527,0.029411764705882353,0.0014792001910970826,152.0742139877947
2026-01-02,WFC,0.028601400044802217,0.029411764705882353,0.000810364661080136,83.3122991863913
2026-01-02,WMT,0.028880677355477048,0.029411764705882353,0.000531087350405305,54.60024400878848
2026-01-02,XOM,0.029470010321324548,0.029411764705882353,-5.824561544219564e-05,-5.988138887433334
2026-01-09,ABBV,0.027566129139028703,0.0,-0.027566129139028703,-2900.91935582333
2026-01-09,AMGN,0.028587233257531833,0.0,-0.028587233257531833,-3008.3751646072624
2026-01-09,AMZN,0.031370005548073204,0.02777777777777777,-0.003592227770295435,-378.02779696849694
2026-01-09,BA,0.02957468171776545,0.02777777777777777,-0.0017969039399876804,-189.09703984101466
2026-01-09,BAC,0.028670897267643672,0.02777777777777777,-0.0008931194898659026,-93.98735680835401
2026-01-09,BLK,0.028723287747685084,0.02777777777777777,-0.0009455099699073148,-99.50066471047188
2026-01-09,CAT,0.029644267132164268,0.02777777777777777,-0.0018664893543864983,-196.41985526041708
2026-01-09,COP,0.02896282652111502,0.02777777777777777,-0.0011850487433372504,-124.70850803183433
2026-01-09,COST,0.0,0.02777777777777777,0.02777777777777777,2923.1921830920505
2026-01-09,CRM,0.029437966637035226,0.02777777777777777,-0.0016601888592574568,-174.70983945016468
2026-01-09,CSCO,0.027906344444157537,0.0,-0.027906344444157537,-2936.721885762082
2026-01-09,CVX,0.029866333762556898,0.02777777777777777,-0.0020885559847791287,-219.78901903163293
2026-01-09,DE,0.0,0.02777777777777777,0.02777777777777777,2923.1921830920505
2026-01-09,EOG,0.02809300699477768,0.02777777777777777,-0.0003152292169999113,-33.173120988589275
2026-01-09,GE,0.02879745340987633,0.02777777777777777,-0.0010196756320985621,-107.30548213343867
2026-01-09,GS,0.029496248641466365,0.02777777777777777,-0.001718470863688596,-180.8431414418142
2026-01-09,HD,0.0,0.02777777777777777,0.02777777777777777,2923.1921830920505
2026-01-09,HON,0.0,0.02777777777777777,0.02777777777777777,2923.1921830920505
2026-01-09,INTC,0.033222388960576325,0.02777777777777777,-0.005444611182798556,-572.9632145831631
2026-01-09,JNJ,0.028312212227389468,0.02777777777777777,-0.0005344344496116989,-56.24116579728075
2026-01-09,JPM,0.02918066109844256,0.02777777777777777,-0.0014028833206647905,-147.63231204327127
2026-01-09,KO,0.0,0.02777777777777777,0.02777777777777777,2923.1921830920505
2026-01-09,LLY,0.028275598246069084,0.02777777777777777,-0.000497820468291315,-52.38809645372627
2026-01-09,LMT,0.03137158458933967,0.02777777777777777,-0.003593806811561899,-378.19396724762566
2026-01-09,MA,0.02939929165272618,0.02777777777777777,-0.0016215138749484104,-170.63988062488184
2026-01-09,MRK,0.029823095458605453,0.02777777777777777,-0.0020453176808276838,-215.23883963527615
2026-01-09,MS,0.029420158271277447,0.02777777777777777,-0.0016423804934996775,-172.83577752940042
2026-01-09,NKE,0.0,0.02777777777777777,0.02777777777777777,2923.1921830920505
2026-01-09,NVDA,0.028115391731779994,0.0,-0.028115391731779994,-2958.720960056766
2026-01-09,PFE,0.02906443744507941,0.02777777777777777,-0.00128665966730164,-135.40152534321504
2026-01-09,QCOM,0.02951924549421153,0.02777777777777777,-0.0017414677164337596,-183.26321336830793
2026-01-09,RTX,0.028913970912204344,0.02777777777777777,-0.0011361931344265747,-119.5671920053903
2026-01-09,SLB,0.032294648475974644,0.02777777777777777,-0.0045168706981968745,-475.33252021223905
2026-01-09,TMO,0.029999560167335862,0.02777777777777777,-0.0022217823895580927,-233.80908889276063
2026-01-09,UNH,0.02936942382000498,0.02777777777777777,-0.00159164604222721,-167.49674167996733
2026-01-09,UPS,0.030723862393749243,0.02777777777777777,-0.0029460846159714733,-310.03097472488014
2026-01-09,V,0.028994962258004766,0.02777777777777777,-0.0012171844802269967,-128.09030968729866
2026-01-09,WFC,0.02894851185851837,0.02777777777777777,-0.0011707340807406014,-123.20210567881384
2026-01-09,WMT,0.029173087171599135,0.02777777777777777,-0.0013953093938213652,-146.83527046848684
2026-01-09,XOM,0.029181225546234157,0.02777777777777777,-0.0014034477684563874,-147.69171166066903
2026-01-16,AMZN,0.026751594464015212,0.03571428571428571,0.0089626912502705,946.351866161798
2026-01-16,BA,0.029227448077067824,0.03571428571428571,0.006486837637217888,684.9316496632038
2026-01-16,BAC,0.02624853931377212,0.0,-0.02624853931377212,-2771.5284918310517
2026-01-16,BLK,0.029666879092187636,0.03571428571428571,0.006047406622098076,638.533045762232
2026-01-16,CAT,0.028987279879075064,0.03571428571428571,0.006727005835210648,710.29050851671
2026-01-16,COP,0.02786868355452614,0.03571428571428571,0.007845602159759574,828.4007601876749
2026-01-16,COST,0.028834623377126372,0.03571428571428571,0.00687966233715934,726.409190000524
2026-01-16,CRM,0.024180292486212427,0.0,-0.024180292486212427,-2553.146625236544
2026-01-16,CVX,0.028384179438230992,0.03571428571428571,0.00733010627605472,773.9706255416677
2026-01-16,DE,0.02916811664011437,0.03571428571428571,0.006546169074171344,691.1963322808572
2026-01-16,EOG,0.028046027269264237,0.0,-0.028046027269264237,-2961.3214941317815
2026-01-16,GE,0.027979469946430215,0.03571428571428571,0.007734815767855497,816.7030562507473
2026-01-16,GS,0.02835418001184166,0.03571428571428571,0.007360105702444053,777.1382023726193
2026-01-16,HD,0.02808420195347761,0.03571428571428571,0.007630083760808103,805.64462217681
2026-01-16,HON,0.0292784679387788,0.03571428571428571,0.006435817775506912,679.5445689311701
2026-01-16,INTC,0.02853238519823678,0.03571428571428571,0.007181900516048931,758.3218886119902
2026-01-16,JNJ,0.02960793254608401,0.03571428571428571,0.006106353168201701,644.7570885582252
2026-01-16,JPM,0.026269998996547108,0.0,-0.026269998996547108,-2773.79437495413
2026-01-16,KO,0.027648211923591896,0.03571428571428571,0.008066073790693816,851.6798996274116
2026-01-16,LLY,0.027020973699241575,0.0,-0.027020973699241575,-2853.0882267102934
2026-01-16,LMT,0.029689733456646248,0.03571428571428571,0.006024552257639464,636.1199011105408
2026-01-16,MA,0.02594217081491432,0.0,-0.02594217081491432,-2739.1796813531146
2026-01-16,MRK,0.02725002219089874,0.03571428571428571,0.008464263523386972,893.7239225774673
2026-01-16,MS,0.028087135356161783,0.03571428571428571,0.007627150358123929,805.3348903086851
2026-01-16,NKE,0.027029136354957024,0.03571428571428571,0.008685149359328688,917.0467970595981
2026-01-16,PEP,0.0,0.03571428571428571,0.03571428571428571,3770.9969015534107
2026-01-16,PFE,0.027860330990445777,0.03571428571428571,0.007853954723839936,829.2826899991529
2026-01-16,QCOM,0.024817515391977376,0.0,-0.024817515391977376,-2620.4296621272215
2026-01-16,RTX,0.029646016893910828,0.03571428571428571,0.006068268820374884,640.7358417439522
2026-01-16,SLB,0.02861249454168008,0.03571428571428571,0.007101791172605631,749.8633102065056
2026-01-16,TMO,0.02766942429762854,0.03571428571428571,0.008044861416657171,849.4401293179418
2026-01-16,UNH,0.0266329588949343,0.03571428571428571,0.009081326819351414,958.878348337506
2026-01-16,UPS,0.027381155327930416,0.03571428571428571,0.008333130386355296,879.8778482812193
2026-01-16,V,0.025976861532028904,0.0,-0.025976861532028904,-2742.842601782164
2026-01-16,WFC,0.02549220484469542,0.0,-0.02549220484469542,-2691.668713527116
2026-01-16,WMT,0.028924992546444733,0.03571428571428571,0.006789293167840979,716.8672979906501
2026-01-16,XOM,0.028848360758923042,0.03571428571428571,0.00686592495536267,724.9586885231844
2026-01-23,AMGN,0.0,0.030303030303030304,0.030303030303030304,3195.561862858139
2026-01-23,AMZN,0.03574903900900752,0.030303030303030304,-0.005446008705977216,-574.3009049452686
2026-01-23,BA,0.03638813098500697,0.030303030303030304,-0.006085100681976666,-641.6954171422307
2026-01-23,BLK,0.03472100996104848,0.030303030303030304,-0.004417979658018177,-465.89160109951575
2026-01-23,CAT,0.03470407665320581,0.030303030303030304,-0.004401046350175505,-464.10592381863114
2026-01-23,COP,0.035801301132715076,0.030303030303030304,-0.005498270829684772,-579.8121309751992
2026-01-23,COST,0.03647156302574702,0.030303030303030304,-0.006168532722716717,-650.4936213106988
2026-01-23,CVX,0.035841948735416115,0.030303030303030304,-0.0055389184323858115,-584.0985646324649
2026-01-23,DE,0.035745141817219876,0.030303030303030304,-0.005442111514189572,-573.8899322694568
2026-01-23,EOG,0.0,0.030303030303030304,0.030303030303030304,3195.561862858139
2026-01-23,GE,0.032307496090579806,0.0,-0.032307496090579806,-3406.9398789193433
2026-01-23,GS,0.034140938872349855,0.030303030303030304,-0.003837908569319551,-404.721050489382
2026-01-23,HD,0.03608152230121514,0.030303030303030304,-0.005778491998184837,-609.3624455896029
2026-01-23,HON,0.036080304734493716,0.030303030303030304,-0.0057772744314634125,-609.2340488668474
2026-01-23,INTC,0.034304507517767334,0.030303030303030304,-0.00400147721473703,-421.96994342281226
2026-01-23,JNJ,0.035984985755947545,0.030303030303030304,-0.005681955452917241,-599.182325009439
2026-01-23,KO,0.03698117269184875,0.030303030303030304,-0.006678142388818448,-704.2337653706712
2026-01-23,LMT,0.03625794077787281,0.030303030303030304,-0.005954910474842506,-627.9663987346585
2026-01-23,MCD,0.0,0.030303030303030304,0.030303030303030304,3195.561862858139
2026-01-23,MRK,0.035529577963357886,0.030303030303030304,-0.005226547660327582,-551.1579604658575
2026-01-23,MS,0.03383577820167349,0.030303030303030304,-0.0035327478986431834,-372.5407770478808
2026-01-23,NKE,0.036109483699008085,0.030303030303030304,-0.005806453395977781,-612.3110740114411
2026-01-23,NVDA,0.0,0.030303030303030304,0.030303030303030304,3195.561862858139
2026-01-23,PEP,0.035318007255145806,0.030303030303030304,-0.005014976952115502,-528.8470800126639
2026-01-23,PFE,0.036341791260464516,0.030303030303030304,-0.006038760957434212,-636.8087290782846
2026-01-23,PG,0.0,0.030303030303030304,0.030303030303030304,3195.561862858139
2026-01-23,RTX,0.03468273041478379,0.030303030303030304,-0.004379700111753489,-461.8548873798743
2026-01-23,SLB,0.03759407776001683,0.030303030303030304,-0.007291047456986527,-768.8667753965539
2026-01-23,TMO,0.03616246291236805,0.030303030303030304,-0.005859432609337745,-617.8979196847727
2026-01-23,TSLA,0.0,0.030303030303030304,0.030303030303030304,3195.561862858139
2026-01-23,UNH,0.038468439119378896,0.030303030303030304,-0.008165408816348592,-861.071277269583
2026-01-23,UPS,0.03610078896991141,0.030303030303030304,-0.005797758666881106,-611.3941840360368
2026-01-23,WMT,0.03515480593419494,0.030303030303030304,-0.004851775631164637,-511.63692274510834
2026-01-23,XOM,0.03714097644825439,0.030303030303030304,-0.006837946145224087,-721.0856374245452
2026-01-30,AMGN,0.029903764687234047,0.03225806451612903,0.0023542998288949846,249.39894782950003
2026-01-30,AMZN,0.030172450422647625,0.03225806451612903,0.002085614093481406,220.9361586441507
2026-01-30,BA,0.027950742390571597,0.03225806451612903,0.004307322125557435,456.2892087457511
2026-01-30,BLK,0.02986203406044051,0.03225806451612903,0.002396030455688522,253.819614342252
2026-01-30,CAT,0.031634096646649686,0.03225806451612903,0.0006239678694793457,66.09902792228638
2026-01-30,COP,0.03195765017331743,0.03225806451612903,0.00030041434281160434,31.823907936683984
2026-01-30,COST,0.02887544770753237,0.03225806451612903,0.00338261680859666,358.3320453157195
2026-01-30,CSCO,0.0,0.03225806451612903,0.03225806451612903,3417.2059355391343
2026-01-30,CVX,0.03199606549230664,0.03225806451612903,0.0002619990238223943,27.754443198651696
2026-01-30,DE,0.030950241636373027,0.03225806451612903,0.0013078228797560043,138.54210332741917
2026-01-30,EOG,0.031212565719804467,0.03225806451612903,0.0010454987963245642,110.75322546437897
2026-01-30,GS,0.030697261295849262,0.03225806451612903,0.0015608032202797696,165.34116688500734
2026-01-30,HD,0.029433478831879006,0.03225806451612903,0.0028245856842500257,299.2179199353997
2026-01-30,HON,0.030979947874200206,0.03225806451612903,0.0012781166419288253,135.3952210284264
2026-01-30,INTC,0.031091491653133123,0.03225806451612903,0.0011665728629959085,123.5790110617235
2026-01-30,JNJ,0.031128727135646298,0.03225806451612903,0.0011293373804827332,119.63453039416623
2026-01-30,KO,0.03095335203624005,0.03225806451612903,0.0013047124798889823,138.21260814390703
2026-01-30,LMT,0.032369884924445765,0.03225806451612903,-0.00011182040831673318,-11.845514253444858
2026-01-30,MCD,0.03071547589098584,0.03225806451612903,0.0015425886251431917,163.4116331839685
2026-01-30,MRK,0.030737376747362415,0.03225806451612903,0.001520687768766616,161.09160135546236
2026-01-30,MS,0.03096471907140901,0.03225806451612903,0.0012933454447200225,137.00845964239264
2026-01-30,NKE,0.028657258955856465,0.0,-0.028657258955856465,-3035.7604174072767
2026-01-30,NVDA,0.030710752899238716,0.03225806451612903,0.0015473116168903157,163.91195568235352
2026-01-30,PEP,0.0320423423648242,0.03225806451612903,0.0002157221513048313,22.852177491850366
2026-01-30,PFE,0.031083544826628416,0.03225806451612903,0.0011745196895006152,124.42084528544159
2026-01-30,PG,0.03048014787997909,0.03225806451612903,0.0017779166361499427,188.34072574030603
2026-01-30,RTX,0.030924329312129135,0.03225806451612903,0.001333735203999896,141.28708352192422
2026-01-30,SLB,0.029682387009634978,0.03225806451612903,0.0025756775064940535,272.85023436000967
2026-01-30,TMO,0.02787288714944295,0.0,-0.02787288714944295,-2952.6692576383566
2026-01-30,TSLA,0.028902433902607192,0.0,-0.028902433902607192,-3061.7326291890213
2026-01-30,UNH,0.02428651947563531,0.0,-0.02428651947563531,-2572.753193677561
2026-01-30,UPS,0.02966329581972177,0.03225806451612903,0.0025947686964072625,274.8726287121352
2026-01-30,WFC,0.0,0.03225806451612903,0.03225806451612903,3417.2059355391343
2026-01-30,WMT,0.030515950910175883,0.03225806451612903,0.0017421136059531488,184.54798959404414
2026-01-30,XOM,0.03159137509609734,0.03225806451612903,0.0006666894200316881,70.62466634209626
2026-02-06,AAPL,0.0,0.029411764705882353,0.029411764705882353,3244.913569568635
2026-02-06,AMGN,0.034810716372437454,0.029411764705882353,-0.005398951666555102,-595.6504718244947
2026-02-06,AMZN,0.02721645627272041,0.0,-0.02721645627272041,-3002.7116413473427
2026-02-06,BA,0.03220013539591295,0.029411764705882353,-0.0027883706900306005,-307.63274422830364
2026-02-06,BAC,0.0,0.029411764705882353,0.029411764705882353,3244.913569568635
2026-02-06,BLK,0.029235269787731038,0.0,-0.029235269787731038,-3225.4414039030853
2026-02-06,BRK-B,0.0,0.029411764705882353,0.029411764705882353,3244.913569568635
2026-02-06,CAT,0.03420949240654278,0.029411764705882353,-0.004797727700660427,-529.3191984449238
2026-02-06,COP,0.031973775321134344,0.029411764705882353,-0.0025620106152519917,-282.6591023675426
2026-02-06,COST,0.03297264775776013,0.029411764705882353,-0.0035608830518777806,-392.86176297929626
2026-02-06,CSCO,0.03353662207897323,0.029411764705882353,-0.00412485737309088,-455.0833925242463
2026-02-06,CVX,0.03165981763407383,0.029411764705882353,-0.0022480529281914755,-248.0210733610988
2026-02-06,DE,0.03419875356751645,0.029411764705882353,-0.004786988861634096,-528.1344138926734
2026-02-06,EOG,0.031400195805110075,0.029411764705882353,-0.001988431099227722,-219.37775990523463
2026-02-06,GE,0.0,0.029411764705882353,0.029411764705882353,3244.913569568635
2026-02-06,GS,0.030746134104005094,0.029411764705882353,-0.0013343693981227416,-147.21705447071096
2026-02-06,HD,0.03183958574777041,0.029411764705882353,-0.002427821041888059,-267.854361072432
2026-02-06,HON,0.032444714530020874,0.029411764705882353,-0.0030329498241385214,-334.61644136570834
2026-02-06,INTC,0.03371209094490786,0.029411764705882353,-0.004300326239025508,-474.4423568639214
2026-02-06,JNJ,0.0327026502665376,0.029411764705882353,-0.003290885560655245,-363.0737331967014
2026-02-06,JPM,0.0,0.029411764705882353,0.029411764705882353,3244.913569568635
2026-02-06,KO,0.03271342691047827,0.029411764705882353,-0.0033016622045959204,-364.2626886540567
2026-02-06,LMT,0.030447103042900076,0.029411764705882353,-0.001035338337017723,-114.22583624203675
2026-02-06,MCD,0.03216202060866487,0.029411764705882353,-0.0027502559027825155,-303.4276517566575
2026-02-06,MRK,0.03424103713060416,0.029411764705882353,-0.004829272424721809,-532.7994351521963
2026-02-06,MS,0.030485513740305108,0.029411764705882353,-0.0010737490344227552,-118.463575611727
2026-02-06,NVDA,0.0300398652231949,0.029411764705882353,-0.0006281005173125465,-69.29648431713909
2026-02-06,PEP,0.034365016720924256,0.029411764705882353,-0.0049532520150419035,-546.4777390214904
2026-02-06,PFE,0.0318801504066365,0.029411764705882353,-0.0024683857007541457,-272.3297406804146
2026-02-06,PG,0.03247647767571435,0.029411764705882353,-0.0030647129698319966,-338.12077588978843
2026-02-06,RTX,0.03061676840083991,0.029411764705882353,-0.0012050036949575564,-132.94451659903604
2026-02-06,SLB,0.032451574076480645,0.029411764705882353,-0.0030398093705982926,-335.3732349689139
2026-02-06,UPS,0.03420845339959592,0.029411764705882353,-0.004796688693713566,-529.2045678617384
2026-02-06,WFC,0.03231555019029865,0.029411764705882353,-0.0029037854844162977,-320.3661193309618
2026-02-06,WMT,0.03409602094997767,0.029411764705882353,-0.004684256244095318,-516.8002260932512
2026-02-06,XOM,0.032641963530230085,0.029411764705882353,-0.0032301988243477325,-356.3783439160407
2026-02-13,AAPL,0.027286496979225288,0.0,-0.027286496979225288,-2986.179353933282
2026-02-13,ABBV,0.0,0.037037037037037035,0.037037037037037035,4053.2588486923614
2026-02-13,AMGN,0.028672342816738153,0.037037037037037035,0.008364694220298882,915.4153133558721
2026-02-13,BA,0.029633447789071246,0.037037037037037035,0.007403589247965789,810.2339180478259
2026-02-13,BAC,0.027555036663251042,0.0,-0.027555036663251042,-3015.567796896848
2026-02-13,BRK-B,0.029027080217018646,0.037037037037037035,0.008009956820018389,876.5935656763481
2026-02-13,CAT,0.031601247677598324,0.037037037037037035,0.005435789359438711,594.8818556608641
2026-02-13,COP,0.030691378844394795,0.037037037037037035,0.0063456581926422395,694.4560709428171
2026-02-13,COST,0.030154789100220163,0.037037037037037035,0.006882247936816872,753.1793734175388
2026-02-13,CSCO,0.026856712760966357,0.0,-0.026856712760966357,-2939.144633419751
2026-02-13,CVX,0.030114000387260483,0.037037037037037035,0.0069230366497765525,757.643208134265
2026-02-13,DE,0.03064900917696084,0.037037037037037035,0.006388027860076195,699.0929221377736
2026-02-13,EOG,0.031474731511460616,0.037037037037037035,0.005562305525576419,608.727530448172
2026-02-13,GE,0.029125789220232578,0.037037037037037035,0.007911247816804457,865.7910508768414
2026-02-13,GS,0.028888446841099518,0.0,-0.028888446841099518,-3161.493525158969
2026-02-13,HD,0.030096061351532845,0.037037037037037035,0.00694097568550419,759.6064201273665
2026-02-13,HON,0.030015026389029156,0.037037037037037035,0.007022010648007879,768.4747234555477
2026-02-13,INTC,0.027415467145381935,0.037037037037037035,0.0096215698916551,1052.9652591449021
2026-02-13,JNJ,0.03006933895330425,0.037037037037037035,0.006967698083732786,762.5308656484816
2026-02-13,JPM,0.027816942398275295,0.0,-0.027816942398275295,-3044.2302338231266
2026-02-13,KO,0.02951071107335013,0.037037037037037035,0.007526325963686905,823.6659773823394
2026-02-13,LMT,0.03102050323859855,0.037037037037037035,0.0060165337984384865,658.4373591383915
2026-02-13,MCD,0.02968003553701832,0.037037037037037035,0.007357001500018716,805.1354486044336
2026-02-13,MRK,0.02951557158182037,0.037037037037037035,0.0075214654552166645,823.1340531102534
2026-02-13,MS,0.028190849076599873,0.0,-0.028190849076599873,-3085.1498287407417
2026-02-13,NVDA,0.029226312867698476,0.0,-0.029226312867698476,-3198.4689036325576
2026-02-13,PEP,0.02885090800213588,0.037037037037037035,0.008186129034901155,895.8734985757654
2026-02-13,PFE,0.030034018180528366,0.037037037037037035,0.007003018856508669,766.3962999879872
2026-02-13,PG,0.029809596577934246,0.037037037037037035,0.007227440459102789,790.9565488449002
2026-02-13,RTX,0.0298508785335799,0.037037037037037035,0.007186158503457135,786.4387346405742
2026-02-13,SLB,0.02963446985084192,0.037037037037037035,0.007402567186195114,810.1220656630967
2026-02-13,UPS,0.030121954722714343,0.037037037037037035,0.006915082314322692,756.7727016590417
2026-02-13,WFC,0.02743705432915509,0.0,-0.02743705432915509,-3002.6560475259253
2026-02-13,WMT,0.030254348581024527,0.037037037037037035,0.0067826884560125075,742.2837840609182
2026-02-13,XOM,0.02971944162397844,0.037037037037037035,0.007317595413058594,800.8229256965203
2026-02-20,ABBV,0.03599949622719316,0.03225806451612903,-0.0037414317110641276,-408.8993164191917
2026-02-20,AMGN,0.0376290706274165,0.03225806451612903,-0.00537100611128747,-586.9947381089871
2026-02-20,BA,0.035403089422018086,0.03225806451612903,-0.0031450249058890545,-343.7182964843175
2026-02-20,BLK,0.0,0.03225806451612903,0.03225806451612903,3525.468737180237
2026-02-20,BRK-B,0.03711921892941773,0.03225806451612903,-0.004861154413288701,-531.2732852303067
2026-02-20,CAT,0.03637840277051562,0.03225806451612903,-0.004120338254386589,-450.3098347758791
2026-02-20,COP,0.03705753445255717,0.03225806451612903,-0.004799469936428137,-524.5318176933283
2026-02-20,COST,0.03586200696202211,0.03225806451612903,-0.0036039424458930783,-393.8731791313807
2026-02-20,CVX,0.03747213259152408,0.03225806451612903,-0.005214068075395047,-569.8430537933777
2026-02-20,DE,0.04073347506124642,0.03225806451612903,-0.008475410545117391,-926.2736422589513
2026-02-20,EOG,0.0377923642916041,0.03225806451612903,-0.005534299775475066,-604.8410260592494
2026-02-20,GE,0.04033935548479927,0.03225806451612903,-0.00808129096867024,-883.2004986492217
2026-02-20,GS,0.0,0.03225806451612903,0.03225806451612903,3525.468737180237
2026-02-20,HD,0.03623656470480339,0.03225806451612903,-0.003978500188674357,-434.8084191171507
2026-02-20,HON,0.03746855767709354,0.03225806451612903,-0.005210493160964509,-569.4523530724261
2026-02-20,INTC,0.034947476804194716,0.03225806451612903,-0.0026894122880656846,-293.9246072318822
2026-02-20,JNJ,0.036924609845631756,0.03225806451612903,-0.004666545329502725,-510.0045497636855
2026-02-20,KO,0.03761733023869039,0.03225806451612903,-0.00535926572256136,-585.7116365330836
2026-02-20,LMT,0.03739344947425514,0.03225806451612903,-0.005135384958126106,-561.243812821036
2026-02-20,MCD,0.037257515513721466,0.03225806451612903,-0.004999450997592435,-546.387654047377
2026-02-20,MRK,0.03733032188017896,0.03225806451612903,-0.005072257364049926,-554.3446276805978
2026-02-20,NKE,0.0,0.03225806451612903,0.03225806451612903,3525.468737180237
2026-02-20,NVDA,0.0,0.03225806451612903,0.03225806451612903,3525.468737180237
2026-02-20,PEP,0.03684738890917368,0.03225806451612903,-0.004589324393044651,-501.5651098461851
2026-02-20,PFE,0.03582075768670516,0.03225806451612903,-0.0035626931705761283,-389.36506518398204
2026-02-20,PG,0.037235211701974545,0.03225806451612903,-0.004977147185845514,-543.9500809253316
2026-02-20,RTX,0.038097457047985055,0.03225806451612903,-0.005839392531856023,-638.184470270647
2026-02-20,SLB,0.03740920201084601,0.03225806451612903,-0.005151137494716976,-562.9654001547905
2026-02-20,UPS,0.03679654292954197,0.03225806451612903,-0.004538478413412941,-496.0081765864954
2026-02-20,WMT,0.03405284941374383,0.03225806451612903,-0.0017947848976147956,-196.15119944163004
2026-02-20,XOM,0.036778617341146035,0.03225806451612903,-0.004520552825017003,-494.0490974404467
2026-02-27,ABBV,0.03313069327085863,0.034482758620689655,0.0013520653498310248,148.48892315581432
2026-02-27,AMGN,0.0332412660184193,0.034482758620689655,0.0012414926022703554,136.34540641106864
2026-02-27,BA,0.03147044828952226,0.0,-0.03147044828952226,-3456.2034877425945
2026-02-27,BLK,0.03120047561032602,0.034482758620689655,0.003282283010363634,360.47271662011866
2026-02-27,BRK-B,0.032527677529160255,0.034482758620689655,0.0019550810915293995,214.7143893597865
2026-02-27,CAT,0.03137855056167466,0.034482758620689655,0.0031042080590149915,340.91585291520335
2026-02-27,COP,0.03294359617530764,0.034482758620689655,0.0015391624453820127,169.0366328115782
2026-02-27,COST,0.03292411250775584,0.034482758620689655,0.001558646112933812,171.17640276741216
2026-02-27,CSCO,0.0,0.034482758620689655,0.034482758620689655,3787.026785109162
2026-02-27,CVX,0.03258665259416404,0.034482758620689655,0.0018961060265256166,208.237524985923
2026-02-27,DE,0.030504906800512523,0.034482758620689655,0.003977851820177132,436.86271031597494
2026-02-27,EOG,0.03235360855006177,0.034482758620689655,0.002129150070627882,233.83130206256072
2026-02-27,GE,0.03200309193226253,0.034482758620689655,0.0024796666884271262,272.3263608492774
2026-02-27,GS,0.029912016505857734,0.0,-0.029912016505857734,-3285.0506234250074
2026-02-27,HD,0.0319644050609898,0.034482758620689655,0.002518353559699857,276.5750991637925
2026-02-27,HON,0.03220195575988561,0.034482758620689655,0.0022808028608040445,250.4863842371371
2026-02-27,INTC,0.0331842049445449,0.034482758620689655,0.0012985536761447522,142.6120690504022
2026-02-27,JNJ,0.03305378770274485,0.034482758620689655,0.0014289709179448051,156.93498310057112
2026-02-27,KO,0.03278423796211768,0.034482758620689655,0.0016985206585719767,186.53795364312657
2026-02-27,LMT,0.03208408487317972,0.034482758620689655,0.002398673747509933,263.4314101861903
2026-02-27,MCD,0.033246030401326246,0.034482758620689655,0.0012367282193634088,135.82216388625807
2026-02-27,MRK,0.032502351940008445,0.034482758620689655,0.00198040668068121,217.4957412093172
2026-02-27,NKE,0.030512748448511158,0.034482758620689655,0.003970010172178497,436.0015109166783
2026-02-27,NVDA,0.02995750599763743,0.0,-0.02995750599763743,-3290.046451215518
2026-02-27,PEP,0.033026806125602076,0.034482758620689655,0.0014559524950875785,159.89820180555208
2026-02-27,PFE,0.033297092277052895,0.034482758620689655,0.0011856663436367598,130.21435584509075
2026-02-27,PG,0.03337433635156484,0.034482758620689655,0.0011084222691248174,121.73111984922764
2026-02-27,RTX,0.031732650688952764,0.034482758620689655,0.0027501079317368907,302.02723958343415
2026-02-27,SLB,0.03240211128654976,0.034482758620689655,0.0020806473341398943,228.50454835785882
2026-02-27,UPS,0.03188116005162878,0.034482758620689655,0.0026015985690608714,285.71738048892047
2026-02-27,WMT,0.03338711631128763,0.034482758620689655,0.0010956423094020257,120.3275764055256
2026-02-27,XOM,0.03323031747053229,0.034482758620689655,0.0012524411501573657,137.54781729014724
2026-03-06,ABBV,0.035443020491094115,0.043478260869565216,0.0080352403784711,851.1085396911034
2026-03-06,AMGN,0.03403077873497444,0.043478260869565216,0.009447482134590776,1000.6959772943727
2026-03-06,BLK,0.032301654078690435,0.0,-0.032301654078690435,-3421.4550327805437
2026-03-06,BRK-B,0.03532382457198226,0.043478260869565216,0.00815443629758296,863.7340069919006
2026-03-06,CAT,0.03276625843610066,0.043478260869565216,0.010712002433464554,1134.636466227076
2026-03-06,COP,0.03688381058675626,0.043478260869565216,0.0065944502828089585,698.4972055478256
2026-03-06,COST,0.03529767128839856,0.043478260869565216,0.008180589581166658,866.5042144717776
2026-03-06,CSCO,0.03537756337871601,0.043478260869565216,0.008100697490849205,858.0418863869648
2026-03-06,CVX,0.03635511736482052,0.043478260869565216,0.007123143504744696,754.4974363899462
2026-03-06,DE,0.033479194022727976,0.043478260869565216,0.00999906684683724,1059.1209200271192
2026-03-06,EOG,0.03785816421499321,0.043478260869565216,0.005620096654572006,595.2917437805111
2026-03-06,GE,0.03374637936866821,0.043478260869565216,0.00973188150089701,1030.8201201880331
2026-03-06,HD,0.0336057248438119,0.0,-0.0336057248438119,-3559.5847852556744
2026-03-06,HON,0.034528440312751506,0.043478260869565216,0.00894982055681371,947.98267952458
2026-03-06,INTC,0.03403005733519538,0.0,-0.03403005733519538,-3604.530921285721
2026-03-06,JNJ,0.034591018701877,0.043478260869565216,0.008887242167688214,941.3542528844106
2026-03-06,KO,0.033765409337009805,0.043478260869565216,0.009712851532555411,1028.8044283353063
2026-03-06,LMT,0.0366823920161414,0.043478260869565216,0.006795868853423814,719.8318585797363
2026-03-06,MCD,0.034575999962282396,0.043478260869565216,0.00890226090728282,942.9450674614848
2026-03-06,MRK,0.03342821764392071,0.043478260869565216,0.010050043225644505,1064.520438807122
2026-03-06,NKE,0.03299182802176249,0.0,-0.03299182802176249,-3494.55962071481
2026-03-06,PEP,0.03387518000382479,0.043478260869565216,0.009603080865740424,1017.1773023834628
2026-03-06,PFE,0.03497076140970635,0.043478260869565216,0.008507499459858868,901.1311548443148
2026-03-06,PG,0.032845265831040305,0.043478260869565216,0.010632995038524912,1126.2678468249676
2026-03-06,RTX,0.03700609996826018,0.043478260869565216,0.006472160901305035,685.5440725973293
2026-03-06,SLB,0.032655018771551116,0.0,-0.032655018771551116,-3458.8841193483654
2026-03-06,UPS,0.03155404200047065,0.0,-0.03155404200047065,-3342.2664840653224
2026-03-06,WMT,0.034587032911130106,0.043478260869565216,0.00889122795843511,941.776435716824
2026-03-06,XOM,0.03544407439134119,0.043478260869565216,0.008034186478224029,850.9969084942734
2026-03-13,ABBV,0.04165548286226078,0.0,-0.04165548286226078,-4394.829239474778
2026-03-13,AMGN,0.04324118660369726,0.05263157894736842,0.009390392343671158,990.7260222758172
2026-03-13,BRK-B,0.042850575578308445,0.0,-0.042850575578308445,-4520.916564635232
2026-03-13,CAT,0.04447203399883074,0.05263157894736842,0.008159544948537677,860.8664275773053
2026-03-13,COP,0.04542967296995205,0.05263157894736842,0.0072019059774163716,759.8314746261913
2026-03-13,COST,0.04408479876069122,0.05263157894736842,0.008546780186677198,901.7213794394138
2026-03-13,CSCO,0.04346120365788598,0.05263157894736842,0.00917037528948244,967.5132945268917
2026-03-13,CVX,0.04521368847599182,0.05263157894736842,0.007417890471376601,782.6187502525064
2026-03-13,DE,0.04272543185757065,0.05263157894736842,0.00990614708979777,1045.1403246179627
2026-03-13,EOG,0.044360372958016786,0.05263157894736842,0.008271205989351632,872.6471386232444
2026-03-13,GE,0.04052949548182455,0.0,-0.04052949548182455,-4276.032818864706
2026-03-13,HON,0.04348670650565988,0.05263157894736842,0.009144872441708536,964.8226364577671
2026-03-13,JNJ,0.04383649483576361,0.05263157894736842,0.00879508411160481,927.918491429607
2026-03-13,KO,0.044104308118420504,0.05263157894736842,0.008527270828947914,899.6630598641601
2026-03-13,LMT,0.04195937937376527,0.05263157894736842,0.010672199573603151,1125.9620946099826
2026-03-13,MCD,0.043420401944872525,0.05263157894736842,0.009211177002495893,971.8180474441756
2026-03-13,MRK,0.04356537603352337,0.05263157894736842,0.00906620291384505,956.5226692612914
2026-03-13,PEP,0.04375636613959678,0.05263157894736842,0.008875212807771635,936.3724070401735
2026-03-13,PFE,0.0428750706775148,0.05263157894736842,0.009756508269853616,1029.352797597195
2026-03-13,PG,0.042786840652420575,0.0,-0.042786840652420575,-4514.19226097528
2026-03-13,RTX,0.04254321206449373,0.05263157894736842,0.010088366882874691,1064.365281804836
2026-03-13,WMT,0.044591866995568157,0.05263157894736842,0.008039711951800262,848.2235406935571
2026-03-13,XOM,0.04505003345337065,0.05263157894736842,0.007581545493997768,799.8850458078996
2026-03-20,AMGN,0.05093609432452108,0.0,-0.05093609432452108,-5271.932097298975
2026-03-20,CAT,0.05261912726332597,0.0,-0.05261912726332597,-5446.127537459087
2026-03-20,COP,0.05584550730465929,0.14285714285714285,0.08701163555248356,9005.783430999876
2026-03-20,COST,0.05171234081971699,0.0,-0.05171234081971699,-5352.274315674936
2026-03-20,CSCO,0.05316668882336567,0.0,-0.05316668882336567,-5502.800657020018
2026-03-20,CVX,0.05497022050890559,0.14285714285714285,0.08788692234823725,9096.376410576922
2026-03-20,DE,0.051981986680825334,0.0,-0.051981986680825334,-5380.182907586674
2026-03-20,EOG,0.05569166596114764,0.14285714285714285,0.08716547689599521,9021.706149997202
2026-03-20,HON,0.050659064557330234,0.0,-0.050659064557330234,-5243.259264390827
2026-03-20,JNJ,0.05226660003600508,0.14285714285714285,0.09059054282113777,9376.203588907263
2026-03-20,KO,0.05183621595072095,0.0,-0.05183621595072095,-5365.095504418543
2026-03-20,LMT,0.05209056051951644,0.14285714285714285,0.09076658233762641,9394.42383900058
2026-03-20,MCD,0.05073923858494172,0.0,-0.05073923858494172,-5251.5573491800105
2026-03-20,MRK,0.0533612223731841,0.0,-0.0533612223731841,-5522.9350563863145
2026-03-20,PEP,0.0503314193580755,0.0,-0.0503314193580755,-5209.34768822105
2026-03-20,PFE,0.05441920895149984,0.14285714285714285,0.088437933905643,9153.406608003575
2026-03-20,RTX,0.05196446605297024,0.0,-0.05196446605297024,-5378.369506665795
2026-03-20,WMT,0.05055654851146854,0.0,-0.05055654851146854,-5232.648760389026
2026-03-20,XOM,0.05485182341781954,0.14285714285714285,0.08800531943932331,9108.630617205854
2026-03-27,COP,0.1452962694209935,0.11111111111111108,-0.03418515830988242,-3662.828712722808
2026-03-27,CSCO,0.0,0.11111111111111108,0.11111111111111108,11905.19477461831
2026-03-27,CVX,0.14426101656837334,0.11111111111111108,-0.03314990545726226,-3551.9047310600085
2026-03-27,EOG,0.1485844736798549,0.11111111111111108,-0.03747336256874381,-4015.149122167077
2026-03-27,JNJ,0.1407998058283765,0.11111111111111108,-0.02968869471726543,-3181.0472389190404
2026-03-27,LMT,0.13527919812964015,0.0,-0.13527919812964015,-14494.726824187928
2026-03-27,MRK,0.0,0.11111111111111108,0.11111111111111108,11905.19477461831
2026-03-27,PFE,0.13818284471011644,0.11111111111111108,-0.02707173359900536,-2900.648352444639
2026-03-27,SLB,0.0,0.11111111111111108,0.11111111111111108,11905.19477461831
2026-03-27,XOM,0.14759639166264524,0.11111111111111108,-0.03648528055153416,-3909.279342353469
2026-04-02,CAT,0.0,0.07692307692307693,0.07692307692307693,8051.677990837651
2026-04-02,COP,0.11087613084194348,0.07692307692307693,-0.03395305391886655,-3553.927740483404
2026-04-02,COST,0.0,0.07692307692307693,0.07692307692307693,8051.677990837651
2026-04-02,CSCO,0.1129914655574882,0.07692307692307693,-0.036068388634411266,-3775.3436621246847
2026-04-02,CVX,0.10710596433748801,0.07692307692307693,-0.03018288741441108,-3159.2975738290775
2026-04-02,EOG,0.10840343496789745,0.07692307692307693,-0.03148035804482052,-3295.1061781712147
2026-04-02,INTC,0.0,0.07692307692307693,0.07692307692307693,8051.677990837651
2026-04-02,JNJ,0.114886789489621,0.07692307692307693,-0.03796371256654407,-3973.730655992885
2026-04-02,MRK,0.11484063362789276,0.07692307692307693,-0.037917556704815836,-3968.8994382245555
2026-04-02,PFE,0.11904295862640127,0.07692307692307693,-0.04211988170332434,-4408.764418335447
2026-04-02,SLB,0.10503687387044602,0.07692307692307693,-0.028113796947369096,-2942.722121560136
2026-04-02,WMT,0.0,0.07692307692307693,0.07692307692307693,8051.677990837651
2026-04-02,XOM,0.1068157486808215,0.07692307692307693,-0.02989267175774457,-3128.9201746291606
2026-04-10,AMZN,0.0,0.047619047619047596,0.047619047619047596,5038.589872014267
2026-04-10,AVGO,0.0,0.047619047619047596,0.047619047619047596,5038.589872014267
2026-04-10,BAC,0.0,0.047619047619047596,0.047619047619047596,5038.589872014267
2026-04-10,CAT,0.08383554146287805,0.047619047619047596,-0.03621649384383046,-3832.081240709217
2026-04-10,COP,0.07140473505616743,0.047619047619047596,-0.023785687437119833,-2516.7728002109498
2026-04-10,COST,0.07481295907722252,0.047619047619047596,-0.027193911458174923,-2877.3983039258724
2026-04-10,CSCO,0.07912819056646637,0.047619047619047596,-0.03150914294741878,-3333.9946191449962
2026-04-10,CVX,0.07206587791590881,0.0,-0.07206587791590881,-7625.318454283213
2026-04-10,DE,0.0,0.047619047619047596,0.047619047619047596,5038.589872014267
2026-04-10,EOG,0.0726097040665828,0.047619047619047596,-0.02499065644753521,-2644.271037902319
2026-04-10,GS,0.0,0.047619047619047596,0.047619047619047596,5038.589872014267
2026-04-10,HON,0.0,0.047619047619047596,0.047619047619047596,5038.589872014267
2026-04-10,INTC,0.09416249532766333,0.047619047619047596,-0.04654344770861573,-4924.780228898397
2026-04-10,JNJ,0.07461541540681962,0.0,-0.07461541540681962,-7895.086003663716
2026-04-10,JPM,0.0,0.047619047619047596,0.047619047619047596,5038.589872014267
2026-04-10,MRK,0.07639456024084108,0.047619047619047596,-0.028775512621793488,-3044.7481356219364
2026-04-10,MS,0.0,0.047619047619047596,0.047619047619047596,5038.589872014267
2026-04-10,NVDA,0.0,0.047619047619047596,0.047619047619047596,5038.589872014267
2026-04-10,PFE,0.07228905228795303,0.0,-0.07228905228795303,-7648.932621027392
2026-04-10,RTX,0.0,0.047619047619047596,0.047619047619047596,5038.589872014267
2026-04-10,SLB,0.07986325542284714,0.047619047619047596,-0.032244207803799545,-3411.772116298305
2026-04-10,UNH,0.0,0.047619047619047596,0.047619047619047596,5038.589872014267
2026-04-10,WFC,0.0,0.047619047619047596,0.047619047619047596,5038.589872014267
2026-04-10,WMT,0.07664099038780653,0.047619047619047596,-0.029021942768758933,-3070.823004917777
2026-04-10,XOM,0.07217722278084338,0.0,-0.07217722278084338,-7637.0998975671755
2026-04-17,AAPL,0.0,0.034482758620689655,0.034482758620689655,3703.5375837515144
2026-04-17,AMZN,0.04925377777956185,0.034482758620689655,-0.014771019158872196,-1586.4457135507091
2026-04-17,AVGO,0.05127240645688433,0.034482758620689655,-0.016789647836194674,-1803.2516615996788
2026-04-17,BA,0.0,0.034482758620689655,0.034482758620689655,3703.5375837515144
2026-04-17,BAC,0.04808137599356102,0.034482758620689655,-0.013598617372871366,-1460.5267252970764
2026-04-17,BLK,0.0,0.034482758620689655,0.034482758620689655,3703.5375837515144
2026-04-17,CAT,0.04709597044674204,0.034482758620689655,-0.012613211826052385,-1354.6916174385183
2026-04-17,COP,0.04437026502280063,0.0,-0.04437026502280063,-4765.481379275764
2026-04-17,COST,0.046926141665903656,0.034482758620689655,-0.012443383045214002,-1336.4515665320264
2026-04-17,CSCO,0.0491563069374808,0.034482758620689655,-0.014673548316791143,-1575.9770926686635
2026-04-17,DE,0.045733323614443384,0.034482758620689655,-0.01125056499375373,-1208.3398184913758
2026-04-17,EOG,0.044532575012749015,0.0,-0.044532575012749015,-4782.913892567537
2026-04-17,GS,0.0477963759008779,0.034482758620689655,-0.013313617280188247,-1429.916977212963
2026-04-17,HON,0.04656244060012064,0.034482758620689655,-0.012079681979430983,-1297.3891301070676
2026-04-17,INTC,0.05145680636037174,0.034482758620689655,-0.016974047739682085,-1823.0566888168464
2026-04-17,JPM,0.04692301277690227,0.034482758620689655,-0.012440254156212617,-1336.115515749678
2026-04-17,MA,0.0,0.034482758620689655,0.034482758620689655,3703.5375837515144
2026-04-17,MRK,0.04595256515293844,0.0,-0.04595256515293844,-4935.424511297233
2026-04-17,MS,0.049808663751779676,0.034482758620689655,-0.015325905131090022,-1646.0419040820602
2026-04-17,MSFT,0.0,0.034482758620689655,0.034482758620689655,3703.5375837515144
2026-04-17,NVDA,0.05010137629549272,0.034482758620689655,-0.015618617674803062,-1677.4799893814861
2026-04-17,ORCL,0.0,0.034482758620689655,0.034482758620689655,3703.5375837515144
2026-04-17,QCOM,0.0,0.034482758620689655,0.034482758620689655,3703.5375837515144
2026-04-17,RTX,0.04566452999050798,0.034482758620689655,-0.011181771369818322,-1200.9512051101256
2026-04-17,SLB,0.04752737018563688,0.034482758620689655,-0.013044611564947226,-1401.0250666904296
2026-04-17,TMO,0.0,0.034482758620689655,0.034482758620689655,3703.5375837515144
2026-04-17,TSLA,0.0,0.034482758620689655,0.034482758620689655,3703.5375837515144
2026-04-17,UNH,0.04998521595769325,0.034482758620689655,-0.015502457337003596,-1665.00406825482
2026-04-17,UPS,0.0,0.034482758620689655,0.034482758620689655,3703.5375837515144
2026-04-17,V,0.0,0.034482758620689655,0.034482758620689655,3703.5375837515144
2026-04-17,WFC,0.044670161003501664,0.034482758620689655,-0.01018740238281201,-1094.1534005607764
2026-04-17,WMT,0.04712933909404978,0.034482758620689655,-0.012646580473360126,-1358.2754965817903
2026-04-24,AAPL,0.034365171241900985,0.041666666666666664,0.007301495424765679,788.7008260458624
2026-04-24,AMZN,0.03609627710382214,0.041666666666666664,0.005570389562844523,601.7083616475345
2026-04-24,AVGO,0.035626838956015865,0.041666666666666664,0.0060398277106508,652.4166389815755
2026-04-24,BA,0.035649485253061726,0.041666666666666664,0.006017181413604938,649.9704067855835
2026-04-24,BAC,0.03307791042963205,0.041666666666666664,0.008588756237034617,927.7495560538746
2026-04-24,BLK,0.034026477633858576,0.041666666666666664,0.007640189032808088,825.2861983428086
2026-04-24,CAT,0.03588625037643493,0.041666666666666664,0.005780416290231731,624.3952557350311
2026-04-24,COST,0.03464575631420458,0.041666666666666664,0.0070209103524620856,758.3922843803605
2026-04-24,CSCO,0.03535626714533161,0.041666666666666664,0.006310399521335053,681.6435573286816
2026-04-24,DE,0.032645763903378804,0.0,-0.032645763903378804,-3526.365416892576
2026-04-24,GS,0.0342954684877316,0.041666666666666664,0.007371198178935064,796.230053497625
2026-04-24,HON,0.031270359904154985,0.0,-0.031270359904154985,-3377.795540829218
2026-04-24,INTC,0.041281986362454,0.041666666666666664,0.0003846803042126673,41.552812957606015
2026-04-24,JPM,0.03403801866081754,0.041666666666666664,0.0076286480058491216,824.0395472163722
2026-04-24,MA,0.03313415882712522,0.041666666666666664,0.008532507839541445,921.6736558463435
2026-04-24,MS,0.03412386427316385,0.041666666666666664,0.007542802393502815,814.76658305888
2026-04-24,MSFT,0.034408236491528396,0.041666666666666664,0.007258430175138268,784.0489573560864
2026-04-24,NVDA,0.03537941074346274,0.041666666666666664,0.006287255923203922,679.1436071264554
2026-04-24,ORCL,0.0339115958836979,0.041666666666666664,0.007755070782968762,837.695619424138
2026-04-24,QCOM,0.03744194833065504,0.041666666666666664,0.004224718336011624,456.35019233479846
2026-04-24,RTX,0.03039475782652679,0.0,-0.03039475782652679,-3283.21380904172
2026-04-24,SLB,0.036530500863127785,0.041666666666666664,0.005136165803538879,554.8039101989339
2026-04-24,TMO,0.030558755061769888,0.0,-0.030558755061769888,-3300.928639686789
2026-04-24,TSLA,0.03218016533478894,0.041666666666666664,0.009486501331877721,1024.723156212516
2026-04-24,UNH,0.03745661311954662,0.041666666666666664,0.004210053547120042,454.766115314994
2026-04-24,UPS,0.0344466316944948,0.041666666666666664,0.007220034972171864,779.9015428150749
2026-04-24,V,0.03343862726697413,0.041666666666666664,0.008228039399692536,888.7852547663091
2026-04-24,WFC,0.03342248807263996,0.0,-0.03342248807263996,-3610.2664478825004
2026-04-24,WMT,0.03491021443769851,0.041666666666666664,0.006756452228968153,729.8257609053564
2026-05-01,AAPL,0.04190365086469659,0.03571428571428571,-0.00618936515041088,-686.8402426422003
2026-05-01,ADBE,0.0,0.03571428571428571,0.03571428571428571,3963.2511686864113
2026-05-01,AMZN,0.04120126709291848,0.03571428571428571,-0.005486981378632766,-608.8959901199529
2026-05-01,AVGO,0.04040350275261209,0.03571428571428571,-0.004689217038326379,-520.3672574063952
2026-05-01,BA,0.0396628115458671,0.03571428571428571,-0.003948525831581388,-438.17198926489584
2026-05-01,BAC,0.04147242426029727,0.03571428571428571,-0.005758138546011558,-638.9865810142803
2026-05-01,BLK,0.04119380860788617,0.03571428571428571,-0.005479522893600458,-608.068314333367
2026-05-01,CAT,0.043418994654885225,0.03571428571428571,-0.0077047089405995126,-854.9995079701506
2026-05-01,COP,0.0,0.03571428571428571,0.03571428571428571,3963.2511686864113
2026-05-01,COST,0.04062636679026443,0.03571428571428571,-0.004912081075978715,-545.0987098215413
2026-05-01,CSCO,0.04183911130643774,0.03571428571428571,-0.006124825592152029,-679.6782212107153
2026-05-01,EOG,0.0,0.03571428571428571,0.03571428571428571,3963.2511686864113
2026-05-01,GS,0.04040547196809825,0.03571428571428571,-0.00469118625381254,-520.5857832825491
2026-05-01,INTC,0.04893551647532715,0.03571428571428571,-0.013221230761041439,-1467.1736314247662
2026-05-01,JPM,0.04109652167523238,0.03571428571428571,-0.0053822359609466686,-597.2722829463016
2026-05-01,KO,0.0,0.03571428571428571,0.03571428571428571,3963.2511686864113
2026-05-01,LLY,0.0,0.03571428571428571,0.03571428571428571,3963.2511686864113
2026-05-01,MA,0.039844986598038694,0.0,-0.039844986598038694,-4421.639311627196
2026-05-01,MS,0.041218504664537386,0.03571428571428571,-0.005504218950251674,-610.8088612441436
2026-05-01,MSFT,0.0395733951473141,0.03571428571428571,-0.0038591094330283904,-428.24935917507867
2026-05-01,NVDA,0.038633718455034376,0.03571428571428571,-0.0029194327407486634,-323.97246620685837
2026-05-01,ORCL,0.04020616379122356,0.03571428571428571,-0.00449187807693785,-498.4683490645825
2026-05-01,QCOM,0.048215988622629345,0.03571428571428571,-0.012501702908343633,-1387.32688253777
2026-05-01,SLB,0.04110145346488142,0.03571428571428571,-0.005387167750595709,-597.8195687368293
2026-05-01,TSLA,0.04210994562233848,0.03571428571428571,-0.00639565990805277,-709.7329849431071
2026-05-01,UNH,0.04212878875184182,0.03571428571428571,-0.006414503037556106,-711.8240264838297
2026-05-01,UPS,0.04075381973830628,0.03571428571428571,-0.0050395340240205685,-559.2422950893647
2026-05-01,V,0.04298404674357529,0.03571428571428571,-0.007269761029289577,-806.7328890712797
2026-05-01,WMT,0.04106974040575625,0.03571428571428571,-0.005355454691470536,-594.3003378148964
2026-05-08,AAPL,0.03648126910915346,0.039999999999999994,0.003518730890846533,400.10970777517787
2026-05-08,ADBE,0.03516583445723633,0.039999999999999994,0.004834165542763662,549.6858448833168
2026-05-08,AMZN,0.03541610251417785,0.039999999999999994,0.004583897485822143,521.2282326831858
2026-05-08,AVGO,0.03556321863478871,0.039999999999999994,0.004436781365211286,504.4998752575723
2026-05-08,BA,0.036371288889115116,0.039999999999999994,0.0036287111108848774,412.6153966344942
2026-05-08,BAC,0.03357897156192202,0.039999999999999994,0.006421028438077972,730.1256878321287
2026-05-08,BLK,0.03560175564979084,0.039999999999999994,0.004398244350209156,500.11788803282025
2026-05-08,CAT,0.035146716582485,0.039999999999999994,0.004853283417514995,551.8597102675486
2026-05-08,COP,0.032206038408214704,0.0,-0.032206038408214704,-3662.1011995057256
2026-05-08,COST,0.03474180998008546,0.039999999999999994,0.005258190019914531,597.9010437448419
2026-05-08,CSCO,0.036632494741351586,0.039999999999999994,0.003367505258648408,382.9140638388063
2026-05-08,EOG,0.032605320284028946,0.0,-0.032605320284028946,-3707.502953606201
2026-05-08,GS,0.03532370735673703,0.039999999999999994,0.004676292643262962,531.7343499709997
2026-05-08,INTC,0.04369068444500007,0.039999999999999994,-0.003690684445000078,-419.6622931923383
2026-05-08,JPM,0.033685720189579826,0.039999999999999994,0.0063142798104201675,717.9874585834322
2026-05-08,KO,0.034771081506938174,0.039999999999999994,0.00522891849306182,594.5726215328341
2026-05-08,LLY,0.03430384300508629,0.039999999999999994,0.005696156994913701,647.7016235044207
2026-05-08,MS,0.03537701521437989,0.039999999999999994,0.004622984785620107,525.6727919817008
2026-05-08,MSFT,0.03489919514885783,0.039999999999999994,0.005100804851142164,580.0050079753918
2026-05-08,NVDA,0.03778283767450975,0.039999999999999994,0.0022171623254902406,252.11026295012127
2026-05-08,ORCL,0.0397328486321515,0.039999999999999994,0.0002671513678484949,30.37738862032864
2026-05-08,QCOM,0.04312490552034216,0.039999999999999994,-0.0031249055203421694,-355.32840485802205
2026-05-08,SLB,0.03260778193887101,0.039999999999999994,0.007392218061128983,840.5582296568149
2026-05-08,TSLA,0.03818786840788776,0.039999999999999994,0.0018121315921122358,206.0548147220665
2026-05-08,UNH,0.03590019668842466,0.039999999999999994,0.004099803311575334,466.18259702590507
2026-05-08,UPS,0.03264274005734859,0.0,-0.03264274005734859,-3711.757900924532
2026-05-08,V,0.033860591534784316,0.039999999999999994,0.0061394084652156775,698.1030954427238
2026-05-08,WMT,0.03459816186675123,0.039999999999999994,0.005401838133248765,614.2350591701559
2026-05-15,AAPL,0.04076790224653582,0.037037037037037035,-0.0037308652094987863,-426.34976267058835
2026-05-15,ABBV,0.0,0.037037037037037035,0.037037037037037035,4232.458441693179
2026-05-15,ADBE,0.03893744642311182,0.037037037037037035,-0.001900409386074782,-217.17190121665945
2026-05-15,AMZN,0.03854667362576495,0.037037037037037035,-0.0015096365887279153,-172.51580134395974
2026-05-15,AVGO,0.039347810371329346,0.037037037037037035,-0.002310773334292311,-264.0668068502547
2026-05-15,BA,0.03696471453200146,0.037037037037037035,7.232250503557552e-05,8.264753917979917
2026-05-15,BAC,0.038598606166102646,0.0,-0.038598606166102646,-4410.908905643412
2026-05-15,BLK,0.03968546072452897,0.037037037037037035,-0.0026484236874919354,-302.6522662192464
2026-05-15,BRK-B,0.0,0.037037037037037035,0.037037037037037035,4232.458441693179
2026-05-15,CAT,0.03938766958672434,0.037037037037037035,-0.002350632549687308,-268.62177361255584
2026-05-15,COST,0.04137709555988652,0.037037037037037035,-0.004340058522849487,-495.96616797687204
2026-05-15,CSCO,0.04870997940959109,0.037037037037037035,-0.011672942372554056,-1333.9415740710897
2026-05-15,EOG,0.0,0.037037037037037035,0.037037037037037035,4232.458441693179
2026-05-15,GS,0.04030241282743774,0.037037037037037035,-0.003265375790400704,-373.155317893314
2026-05-15,INTC,0.03464839554910573,0.037037037037037035,0.0023886414879313034,272.9652974038819
2026-05-15,JPM,0.03922784966184491,0.0,-0.03922784966184491,-4482.816573170154
2026-05-15,KO,0.04101078093322564,0.037037037037037035,-0.003973743896188604,-454.10505926085557
2026-05-15,LLY,0.04223475568445228,0.037037037037037035,-0.005197718647415243,-593.976460503565
2026-05-15,MS,0.03967340600465881,0.037037037037037035,-0.0026363689676217744,-301.27469649557526
2026-05-15,MSFT,0.04044477611382735,0.037037037037037035,-0.003407739076790317,-389.4240786115203
2026-05-15,NVDA,0.041664239962358844,0.037037037037037035,-0.004627202925321809,-528.779990233053
2026-05-15,ORCL,0.03918370304285039,0.037037037037037035,-0.002146666005813355,-245.31321576061393
2026-05-15,QCOM,0.03659627979417291,0.037037037037037035,0.0004407572428641246,50.36814125903723
2026-05-15,SLB,0.04136911670961977,0.037037037037037035,-0.004332079672582735,-495.05437386837605
2026-05-15,TSLA,0.03922532658586656,0.037037037037037035,-0.0021882895488295265,-250.0698034929372
2026-05-15,UNH,0.041245454156502874,0.037037037037037035,-0.004208417119465839,-480.92266521313076
2026-05-15,V,0.040746011856924114,0.037037037037037035,-0.0037089748198870787,-423.84820823437974
2026-05-15,WMT,0.040104132471574974,0.037037037037037035,-0.003067095434537939,-350.49655701149527
2026-05-15,XOM,0.0,0.037037037037037035,0.037037037037037035,4232.458441693179
2026-05-22,AAPL,0.037621612077097064,0.03125,-0.0063716120770970636,-737.0971213928012
2026-05-22,ABBV,0.03749826072258639,0.03125,-0.006248260722586392,-722.8272745738869
2026-05-22,ADBE,0.03615562537147541,0.0,-0.03615562537147541,-4182.647509139165
2026-05-22,AMZN,0.03687700910723055,0.03125,-0.005627009107230553,-650.9580565803069
2026-05-22,AVGO,0.035624619885823494,0.03125,-0.004374619885823494,-506.0759641376831
2026-05-22,BA,0.03633130258346662,0.03125,-0.005081302583466618,-587.8282390514703
2026-05-22,BAC,0.0,0.03125,0.03125,3615.1424105561
2026-05-22,BLK,0.03627427569936758,0.03125,-0.005024275699367579,-581.2311092195247
2026-05-22,BRK-B,0.036853988586336046,0.03125,-0.005603988586336046,-648.2949378155445
2026-05-22,CAT,0.036228463885184935,0.03125,-0.004978463885184935,-575.9313897841265
2026-05-22,COST,0.03585302482350556,0.03125,-0.00460302482350556,-532.4988882015185
2026-05-22,CSCO,0.037255849437675875,0.03125,-0.006005849437675875,-694.78403243381
2026-05-22,EOG,0.03682548795359318,0.03125,-0.005575487953593181,-644.9978547385391
2026-05-22,GE,0.0,0.03125,0.03125,3615.1424105561
2026-05-22,GS,0.038436166163582086,0.03125,-0.007186166163582086,-831.3284501526024
2026-05-22,HON,0.0,0.03125,0.03125,3615.1424105561
2026-05-22,INTC,0.04029756143046733,0.03125,-0.009047561430467331,-1046.66313726061
2026-05-22,JNJ,0.0,0.03125,0.03125,3615.1424105561
2026-05-22,JPM,0.0,0.03125,0.03125,3615.1424105561
2026-05-22,KO,0.03687383306084244,0.03125,-0.005623833060842437,-650.5906370604486
2026-05-22,LLY,0.03876182650713746,0.03125,-0.007511826507137463,-869.0023227741484
2026-05-22,MRK,0.0,0.03125,0.03125,3615.1424105561
2026-05-22,MS,0.0381938710865292,0.03125,-0.006943871086529198,-803.2986514670711
2026-05-22,MSFT,0.03636333663268589,0.03125,-0.005113336632685893,-591.5340838487325
2026-05-22,NVDA,0.03495351683346516,0.03125,-0.003703516833465162,-428.4397047317869
2026-05-22,ORCL,0.036410234884412127,0.03125,-0.0051602348844121265,-596.9594873302186
2026-05-22,QCOM,0.04323161139910332,0.03125,-0.011981611399103323,-1386.0874085024266
2026-05-22,SLB,0.03782998039715343,0.03125,-0.006579980397153427,-761.202118220068
2026-05-22,TSLA,0.036901713681932735,0.03125,-0.005651713681932735,-653.8159943640064
2026-05-22,UNH,0.0360755299050651,0.03125,-0.004825529905065101,-558.2392900226431
2026-05-22,UPS,0.0,0.03125,0.03125,3615.1424105561
2026-05-22,V,0.036926585142737944,0.03125,-0.005676585142737944,-656.693238292627
2026-05-22,WMT,0.03346438078836278,0.0,-0.03346438078836278,-3871.31207139229
2026-05-22,XOM,0.03588033195318011,0.03125,-0.004630331953180113,-535.6579014046235
