date,ticker,prev_weight,target_weight,delta_weight,notional
2025-01-02,ADBE,0.0,0.058823529411764705,0.058823529411764705,5882.35294117647
2025-01-02,AMGN,0.0,0.058823529411764705,0.058823529411764705,5882.35294117647
2025-01-02,BRK-B,0.0,0.058823529411764705,0.058823529411764705,5882.35294117647
2025-01-02,CAT,0.0,0.058823529411764705,0.058823529411764705,5882.35294117647
2025-01-02,COST,0.0,0.058823529411764705,0.058823529411764705,5882.35294117647
2025-01-02,HD,0.0,0.058823529411764705,0.058823529411764705,5882.35294117647
2025-01-02,JNJ,0.0,0.058823529411764705,0.058823529411764705,5882.35294117647
2025-01-02,KO,0.0,0.058823529411764705,0.058823529411764705,5882.35294117647
2025-01-02,LMT,0.0,0.058823529411764705,0.058823529411764705,5882.35294117647
2025-01-02,MSFT,0.0,0.058823529411764705,0.058823529411764705,5882.35294117647
2025-01-02,NKE,0.0,0.058823529411764705,0.058823529411764705,5882.35294117647
2025-01-02,ORCL,0.0,0.058823529411764705,0.058823529411764705,5882.35294117647
2025-01-02,PEP,0.0,0.058823529411764705,0.058823529411764705,5882.35294117647
2025-01-02,PG,0.0,0.058823529411764705,0.058823529411764705,5882.35294117647
2025-01-02,UNH,0.0,0.058823529411764705,0.058823529411764705,5882.35294117647
2025-01-02,UPS,0.0,0.058823529411764705,0.058823529411764705,5882.35294117647
2025-01-02,XOM,0.0,0.058823529411764705,0.058823529411764705,5882.35294117647
2025-01-03,ADBE,0.057333489795953915,0.05555555555555554,-0.0017779342403983767,-177.92176096686762
2025-01-03,AMGN,0.05916169430457689,0.05555555555555554,-0.0036061387490213537,-360.87417742344195
2025-01-03,BRK-B,0.059042549684793326,0.05555555555555554,-0.0034869941292377873,-348.951115208908
2025-01-03,CAT,0.05937846727513568,0.05555555555555554,-0.0038229117195801438,-382.56712183920223
2025-01-03,COST,0.05915927762876881,0.05555555555555554,-0.0036037220732132724,-360.63233539931656
2025-01-03,HD,0.05883115881307637,0.05555555555555554,-0.003275603257520833,-327.79676917427946
2025-01-03,JNJ,0.058791639533967634,0.05555555555555554,-0.003236083978412095,-323.8419886366189
2025-01-03,KO,0.05863685688461738,0.05555555555555554,-0.003081301329061842,-308.35255099951956
2025-01-03,LMT,0.05866995567385108,0.05555555555555554,-0.0031144001182955433,-311.66481909837336
2025-01-03,MSFT,0.05939150009783394,0.05555555555555554,-0.0038359445422784036,-383.8713448594663
2025-01-03,NKE,0.05843535133977874,0.05555555555555554,-0.0028797957842232047,-288.18745120693944
2025-01-03,NVDA,0.0,0.05555555555555554,0.05555555555555554,5559.565731588748
2025-01-03,ORCL,0.058824889713351834,0.05555555555555554,-0.0032693341577962956,-327.16940667834336
2025-01-03,PEP,0.05850338456526073,0.05555555555555554,-0.002947829009705194,-294.99568460892357
2025-01-03,PG,0.058421590090676406,0.05555555555555554,-0.0028660345351208677,-286.8103329661417
2025-01-03,UNH,0.05971051251842129,0.05555555555555554,-0.004154956962865754,-415.7956142455413
2025-01-03,UPS,0.05868439188964246,0.05555555555555554,-0.0031288363340869207,-313.1094827293095
2025-01-03,XOM,0.05902329019029345,0.05555555555555554,-0.003467734634737908,-347.0237755475815
2025-01-10,AAPL,0.0,0.039999999999999994,0.039999999999999994,3913.920286656578
2025-01-10,ADBE,0.05355959896975617,0.039999999999999994,-0.013559598969756177,-1326.7797371664085
2025-01-10,AMGN,0.05703173290974143,0.039999999999999994,-0.017031732909741436,-1666.521123808837
2025-01-10,BLK,0.0,0.039999999999999994,0.039999999999999994,3913.920286656578
2025-01-10,BRK-B,0.055446759010320174,0.039999999999999994,-0.01544675901032018,-1511.4345863396861
2025-01-10,CAT,0.05481469426788452,0.039999999999999994,-0.014814694267884523,-1449.5883108922042
2025-01-10,COST,0.05807403714179922,0.039999999999999994,-0.018074037141799226,-1768.508515776812
2025-01-10,CRM,0.0,0.039999999999999994,0.039999999999999994,3913.920286656578
2025-01-10,DE,0.0,0.039999999999999994,0.039999999999999994,3913.920286656578
2025-01-10,GS,0.0,0.039999999999999994,0.039999999999999994,3913.920286656578
2025-01-10,HD,0.05691571669993655,0.039999999999999994,-0.016915716699936557,-1655.1691688804292
2025-01-10,JNJ,0.05597283076523115,0.039999999999999994,-0.015972830765231157,-1562.9096591842635
2025-01-10,KO,0.05618644836132692,0.039999999999999994,-0.016186448361326926,-1583.8117152579148
2025-01-10,LMT,0.05518843250939637,0.039999999999999994,-0.015188432509396374,-1486.1578530260188
2025-01-10,MA,0.0,0.039999999999999994,0.039999999999999994,3913.920286656578
2025-01-10,MCD,0.0,0.039999999999999994,0.039999999999999994,3913.920286656578
2025-01-10,MSFT,0.05622160783099905,0.039999999999999994,-0.016221607830999053,-1587.2519992983603
2025-01-10,NKE,0.05517691416430627,0.039999999999999994,-0.015176914164306277,-1485.0308059130978
2025-01-10,NVDA,0.05344590513963915,0.039999999999999994,-0.013445905139639155,-1315.655022462341
2025-01-10,ORCL,0.05290426886372854,0.039999999999999994,-0.012904268863728544,-1262.6569922554495
2025-01-10,PEP,0.05415085127611605,0.039999999999999994,-0.014150851276116053,-1384.6325970762687
2025-01-10,PG,0.054551692881804816,0.039999999999999994,-0.014551692881804822,-1423.8541493823004
2025-01-10,UNH,0.05766369749695795,0.039999999999999994,-0.017663697496957953,-1728.357599267719
2025-01-10,UPS,0.05657801152691174,0.039999999999999994,-0.016578011526911747,-1622.1253906901622
2025-01-10,XOM,0.05611680018414362,0.039999999999999994,-0.016116800184143625,-1576.9967799177552
2025-01-17,AAPL,0.03742273228615385,0.034482758620689655,-0.002939973665464196,-298.3962198345005
2025-01-17,ADBE,0.040825988411194045,0.034482758620689655,-0.00634322979050439,-643.8138590364703
2025-01-17,AMGN,0.03999272611609423,0.034482758620689655,-0.005509967495404576,-559.2408841458445
2025-01-17,AVGO,0.0,0.034482758620689655,0.034482758620689655,3499.869724259827
2025-01-17,BLK,0.04052968701905208,0.034482758620689655,-0.006046928398362426,-613.740387159673
2025-01-17,BRK-B,0.04074253113812926,0.034482758620689655,-0.006259772517439609,-635.3432611216775
2025-01-17,CAT,0.042385907579733095,0.034482758620689655,-0.00790314895904344,-802.1397612740794
2025-01-17,COST,0.03879772310148129,0.034482758620689655,-0.004314964480791633,-437.95259287979565
2025-01-17,CRM,0.039354245878222324,0.034482758620689655,-0.0048714872575326695,-494.43755217792756
2025-01-17,DE,0.04296189943727981,0.034482758620689655,-0.008479140816590153,-860.600758719869
2025-01-17,GS,0.04307879107354454,0.034482758620689655,-0.008596032452854882,-872.4648181845504
2025-01-17,HD,0.040467219397959935,0.034482758620689655,-0.00598446077727028,-607.4001596212718
2025-01-17,JNJ,0.03988898454806006,0.034482758620689655,-0.005406225927370403,-548.7115069256532
2025-01-17,KO,0.03957561969299619,0.034482758620689655,-0.005092861072306533,-516.906158027985
2025-01-17,LLY,0.0,0.034482758620689655,0.034482758620689655,3499.869724259827
2025-01-17,LMT,0.04037441105390356,0.034482758620689655,-0.005891652433213906,-597.9804633291457
2025-01-17,MA,0.04007027649768304,0.034482758620689655,-0.005587517876993388,-567.1119548920414
2025-01-17,MCD,0.03835496796415502,0.034482758620689655,-0.0038722093434653687,-393.0146191685235
2025-01-17,MSFT,0.0394679229720366,0.034482758620689655,-0.004985164351346945,-505.97534772841794
2025-01-17,NKE,0.038345772923640636,0.034482758620689655,-0.0038630143029509817,-392.08135729514373
2025-01-17,NVDA,0.03905106485938332,0.034482758620689655,-0.004568306238693663,-463.6658241825859
2025-01-17,ORCL,0.040169570070598785,0.034482758620689655,-0.005686811449909131,-577.1898774122218
2025-01-17,PEP,0.040056423464959086,0.034482758620689655,-0.005573664844269431,-565.7059244072684
2025-01-17,PG,0.03916532301404816,0.034482758620689655,-0.004682564393358506,-475.26259521416296
2025-01-17,QCOM,0.0,0.034482758620689655,0.034482758620689655,3499.869724259827
2025-01-17,TSLA,0.0,0.034482758620689655,0.034482758620689655,3499.869724259827
2025-01-17,UNH,0.037731610112992225,0.034482758620689655,-0.0032488514923025708,-329.74615231925765
2025-01-17,UPS,0.0405570670475743,0.034482758620689655,-0.006074308426884646,-616.5193566130273
2025-01-17,XOM,0.040631534339124475,0.034482758620689655,-0.006148775718434821,-624.0775053682058
2025-01-24,AAPL,0.03269679085798413,0.03333333333333333,0.0006365424753492013,65.98427707340169
2025-01-24,ADBE,0.034176620571998106,0.03333333333333333,-0.0008432872386647736,-87.41553150556783
2025-01-24,AMGN,0.03416409910129818,0.03333333333333333,-0.0008307657679648486,-86.11755026468194
2025-01-24,AVGO,0.03478556587878479,0.03333333333333333,-0.0014522325454514595,-150.5390737696052
2025-01-24,BLK,0.03427377461749094,0.03333333333333333,-0.0009404412841576074,-97.48656321964818
2025-01-24,BRK-B,0.03341017086891908,0.03333333333333333,-7.683753558574563e-05,-7.965013230178879
2025-01-24,CAT,0.03577375964863821,0.03333333333333333,-0.002440426315304875,-252.97568096764977
2025-01-24,COST,0.03362790226854965,0.03333333333333333,-0.0002945689352163161,-30.53514728591741
2025-01-24,CRM,0.03472277282869256,0.03333333333333333,-0.0013894394953592251,-144.02991817351244
2025-01-24,DE,0.03548254404487709,0.03333333333333333,-0.00214921071154376,-222.7881415169166
2025-01-24,GS,0.03434453132060185,0.03333333333333333,-0.0010111979872685153,-104.82123464170732
2025-01-24,HD,0.03417565931942003,0.03333333333333333,-0.0008423259860866963,-87.31588763433273
2025-01-24,JNJ,0.03370530888712539,0.03333333333333333,-0.00037197555379205743,-38.55915191281186
2025-01-24,KO,0.0333282966565889,0.03333333333333333,5.0366767444312566e-06,0.5221041591158412
2025-01-24,LLY,0.036529717033743254,0.03333333333333333,-0.0031963837004099216,-331.33856087930246
2025-01-24,LMT,0.034210606949983076,0.03333333333333333,-0.000877273616649743,-90.93857461506548
2025-01-24,MA,0.03431896763806095,0.03333333333333333,-0.0009856343047276173,-102.17129190085608
2025-01-24,MCD,0.03429534443674028,0.03333333333333333,-0.0009620111034069484,-99.72250030929945
2025-01-24,MRK,0.0,0.03333333333333333,0.03333333333333333,3455.3482094656933
2025-01-24,MSFT,0.03493598751869247,0.03333333333333333,-0.0016026541853591397,-166.13184809320208
2025-01-24,NKE,0.03505429082840241,0.03333333333333333,-0.0017209574950690781,-178.3952219746051
2025-01-24,NVDA,0.03495697950655081,0.03333333333333333,-0.0016236461732174745,-168.30788692298478
2025-01-24,ORCL,0.03848441625772582,0.03333333333333333,-0.0051510829243924874,-533.9635547882666
2025-01-24,PEP,0.033951591614153245,0.03333333333333333,-0.0006182582808199125,-64.08892930855266
2025-01-24,PG,0.034589492800802424,0.03333333333333333,-0.001256159467469091,-130.21405100168107
2025-01-24,QCOM,0.03530212221314375,0.03333333333333333,-0.001968788879810418,-204.0855339200669
2025-01-24,TSLA,0.032177029185266874,0.03333333333333333,0.0011563041480664588,119.86300402857577
2025-01-24,UNH,0.035259897279346836,0.03333333333333333,-0.0019265639460135028,-199.70847843836754
2025-01-24,UPS,0.03461212069612055,0.03333333333333333,-0.0012787873627872204,-132.55966872882533
2025-01-24,XOM,0.032653639170298315,0.03333333333333333,0.0006796941630350176,70.45740027681993
2025-01-31,AAPL,0.03556555891445217,0.029411764705882353,-0.006153794208569818,-633.300531235496
2025-01-31,ADBE,0.033732908085080573,0.029411764705882353,-0.004321143379198221,-444.69839335543514
2025-01-31,AMGN,0.03479226228685511,0.029411764705882353,-0.005380497580972761,-553.7188701559244
2025-01-31,AVGO,0.03035864852768114,0.029411764705882353,-0.0009468838217987878,-97.44590199788861
2025-01-31,BLK,0.03538445477752354,0.029411764705882353,-0.005972690071641189,-614.6627051661542
2025-01-31,BRK-B,0.03397049069488567,0.029411764705882353,-0.004558725989003316,-469.14854360458537
2025-01-31,CAT,0.030592599306517625,0.029411764705882353,-0.0011808346006352728,-121.52229251380378
2025-01-31,COP,0.0,0.029411764705882353,0.029411764705882353,3026.8295593748207
2025-01-31,COST,0.035009570017773134,0.029411764705882353,-0.005597805311890781,-576.0824879123178
2025-01-31,CRM,0.03435962757665721,0.029411764705882353,-0.004947862870774859,-509.19547816181307
2025-01-31,CSCO,0.0,0.029411764705882353,0.029411764705882353,3026.8295593748207
2025-01-31,CVX,0.0,0.029411764705882353,0.029411764705882353,3026.8295593748207
2025-01-31,DE,0.03341831128905919,0.029411764705882353,-0.00400654658317684,-412.3225433850428
2025-01-31,EOG,0.0,0.029411764705882353,0.029411764705882353,3026.8295593748207
2025-01-31,GS,0.03375778077977383,0.029411764705882353,-0.004346016073891477,-447.2580972110762
2025-01-31,HD,0.03336917377302418,0.029411764705882353,-0.003957409067141829,-407.26569326073593
2025-01-31,JNJ,0.03479209487528815,0.029411764705882353,-0.0053803301694057976,-553.7016414624226
2025-01-31,KO,0.03441912349603687,0.029411764705882353,-0.005007358790154515,-515.3183344147908
2025-01-31,LLY,0.03467058094504342,0.029411764705882353,-0.0052588162391610654,-541.1963749604433
2025-01-31,LMT,0.03127566357926514,0.029411764705882353,-0.0018638988733827855,-191.817942991775
2025-01-31,MA,0.03495400323882158,0.029411764705882353,-0.005542238532939225,-570.363988164624
2025-01-31,MCD,0.03395434908886909,0.029411764705882353,-0.004542584382986735,-467.4873753368751
2025-01-31,MRK,0.03472225600277687,0.029411764705882353,-0.005310491296894516,-546.5143690962636
2025-01-31,MSFT,0.03138073009423762,0.029411764705882353,-0.0019689653883552677,-202.63056972122803
2025-01-31,NKE,0.03509291082799882,0.029411764705882353,-0.005681146122116468,-584.6592744606918
2025-01-31,NVDA,0.028264931595294952,0.0,-0.028264931595294952,-2908.806435175766
2025-01-31,ORCL,0.031097345049522926,0.029411764705882353,-0.0016855803436405734,-173.4667899003035
2025-01-31,PEP,0.03392675842483891,0.029411764705882353,-0.004514993718956556,-464.64795926359807
2025-01-31,PG,0.03395582409880524,0.029411764705882353,-0.004544059392922885,-467.63917186182886
2025-01-31,QCOM,0.033733241699782784,0.029411764705882353,-0.004321476993900432,-444.7327263800663
2025-01-31,RTX,0.0,0.029411764705882353,0.029411764705882353,3026.8295593748207
2025-01-31,TSLA,0.03340978783201642,0.029411764705882353,-0.003998023126134065,-411.4453756263883
2025-01-31,UNH,0.034202491871707534,0.029411764705882353,-0.0047907271658251815,-493.024296278267
2025-01-31,UPS,0.02882865956725504,0.029411764705882353,0.0005831051386273114,60.00863557389696
2025-01-31,XOM,0.03300786168315521,0.029411764705882353,-0.00359609697727286,-370.0822693923898
2025-02-07,AAPL,0.028657014213726257,0.02702702702702703,-0.0016299871866992284,-166.00856336309892
2025-02-07,ABT,0.0,0.02702702702702703,0.02702702702702703,2752.6093243825667
2025-02-07,ADBE,0.029413254518701706,0.02702702702702703,-0.002386227491674678,-243.02902561622443
2025-02-07,AMGN,0.030555987989057995,0.02702702702702703,-0.0035289609620309664,-359.4124814303349
2025-02-07,AVGO,0.030194119677994034,0.02702702702702703,-0.003167092650967006,-322.5574442027054
2025-02-07,BA,0.0,0.02702702702702703,0.02702702702702703,2752.6093243825667
2025-02-07,BLK,0.027405145759277338,0.02702702702702703,-0.0003781187322503092,-38.5100864802889
2025-02-07,BRK-B,0.02996874671994661,0.02702702702702703,-0.0029417196929195817,-299.60398708865966
2025-02-07,CAT,0.029106026048489143,0.02702702702702703,-0.002078999021462115,-211.73886739877742
2025-02-07,COP,0.029569444033302777,0.02702702702702703,-0.002542417006275749,-258.9363880439072
2025-02-07,COST,0.03168411423398732,0.02702702702702703,-0.004657087206960293,-474.3082418026417
2025-02-07,CRM,0.028330839324392596,0.02702702702702703,-0.0013038122973655676,-132.78877781800534
2025-02-07,CSCO,0.030529498500642533,0.02702702702702703,-0.0035024714736155045,-356.7146185563455
2025-02-07,CVX,0.03039380450738268,0.02702702702702703,-0.0033667774803556524,-342.89465416528384
2025-02-07,DE,0.029027443494572938,0.02702702702702703,-0.0020004164675459096,-203.73550578496634
2025-02-07,EOG,0.02987843380078047,0.02702702702702703,-0.0028514067737534406,-290.4059283025293
2025-02-07,GS,0.0304298418227028,0.02702702702702703,-0.0034028147956757723,-346.5649302217913
2025-02-07,HD,0.029378272376325752,0.02702702702702703,-0.0023512453492987237,-239.46621527846003
2025-02-07,HON,0.0,0.02702702702702703,0.02702702702702703,2752.6093243825667
2025-02-07,JNJ,0.029900142767426134,0.02702702702702703,-0.0028731157403991056,-292.6169115509573
2025-02-07,KO,0.029879227014038494,0.02702702702702703,-0.0028521999870114653,-290.486714332309
2025-02-07,LLY,0.03217344435177846,0.02702702702702703,-0.005146417324751434,-524.1448236651669
2025-02-07,LMT,0.02851960823634288,0.02702702702702703,-0.0014925812093158526,-152.01423930395785
2025-02-07,MA,0.030102294153827175,0.02702702702702703,-0.0030752671268001464,-313.2053318232989
2025-02-07,MCD,0.03028704439649433,0.02702702702702703,-0.003260017369467301,-332.02150572725833
2025-02-07,MRK,0.026241177257581186,0.02702702702702703,0.000785849769445842,80.03608390879906
2025-02-07,MSFT,0.029330634361959904,0.02702702702702703,-0.0023036073349328758,-234.6144481045354
2025-02-07,NKE,0.026534890744151975,0.02702702702702703,0.0004921362828750539,50.122380081027444
2025-02-07,ORCL,0.030479451032059974,0.02702702702702703,-0.0034524240050329454,-351.61745679510796
2025-02-07,PEP,0.028506061824533354,0.02702702702702703,-0.0014790347975063255,-150.63458406398112
2025-02-07,PG,0.030065133344078093,0.02702702702702703,-0.0030381063170510647,-309.4206317408725
2025-02-07,QCOM,0.028856853378887357,0.02702702702702703,-0.0018298263518603287,-186.361491890872
2025-02-07,RTX,0.029480327444663813,0.02702702702702703,-0.002453300417636785,-249.86017138865037
2025-02-07,TSLA,0.02655461184938375,0.02702702702702703,0.0004724151776432789,48.11385364954724
2025-02-07,UNH,0.028864034645169824,0.02702702702702703,-0.0018370076181427955,-187.0928790504817
2025-02-07,UPS,0.029419427912629602,0.02702702702702703,-0.0023924008856025733,-243.65776445871788
2025-02-07,XOM,0.030283648263710737,0.02702702702702703,-0.0032566212366837086,-331.67562133688085
2025-02-14,AAPL,0.028812551431546877,0.024390243902439015,-0.004422307529107862,-454.4060042669952
2025-02-14,ABT,0.027103701712318774,0.024390243902439015,-0.0027134578098797595,-278.81632225230527
2025-02-14,ADBE,0.028459565401778547,0.024390243902439015,-0.004069321499339532,-418.1355797672645
2025-02-14,AMGN,0.02678159831942342,0.024390243902439015,-0.0023913544169844037,-245.71918579966513
2025-02-14,AVGO,0.02775724814718668,0.024390243902439015,-0.0033670042447476664,-345.9702734681711
2025-02-14,BA,0.027216533089401,0.024390243902439015,-0.0028262891869619867,-290.4101010382462
2025-02-14,BLK,0.026294908428097497,0.024390243902439015,-0.0019046645256584824,-195.7102691020141
2025-02-14,BRK-B,0.027172229688651225,0.024390243902439015,-0.0027819857862122106,-285.857787302117
2025-02-14,CAT,0.02600683497265495,0.024390243902439015,-0.0016165910702159343,-166.1098157275193
2025-02-14,COP,0.02642499448474234,0.024390243902439015,-0.0020347505823033255,-209.0770204692032
2025-02-14,COST,0.027503627947137656,0.024390243902439015,-0.003113384044698641,-319.9100004213251
2025-02-14,CRM,0.0268424905246535,0.024390243902439015,-0.0024522466222144865,-251.97605135853541
2025-02-14,CSCO,0.02790246076411414,0.024390243902439015,-0.0035122168616751256,-360.89132646885923
2025-02-14,CVX,0.02756385475104534,0.024390243902439015,-0.0031736108486063244,-326.0984939020088
2025-02-14,DE,0.02762515974186753,0.024390243902439015,-0.003234915839428514,-332.39777447844483
2025-02-14,EOG,0.027379096088127775,0.024390243902439015,-0.0029888521856887597,-307.1139603259325
2025-02-14,GS,0.026974011521940032,0.024390243902439015,-0.002583767619501017,-265.4902473887331
2025-02-14,HD,0.026924174651055666,0.024390243902439015,-0.0025339307486166515,-260.36935219664696
2025-02-14,HON,0.026423131370661747,0.024390243902439015,-0.002032887468222732,-208.8855796389842
2025-02-14,JNJ,0.027314145121500884,0.024390243902439015,-0.002923901219061869,-300.44004427103556
2025-02-14,KO,0.028894471805688385,0.024390243902439015,-0.004504227903249371,-462.82358030318954
2025-02-14,LLY,0.025790447827342664,0.024390243902439015,-0.0014002039249036494,-143.87535613173148
2025-02-14,LMT,0.025506367011627323,0.024390243902439015,-0.0011161231091883078,-114.68515904379656
2025-02-14,MA,0.026879793815813163,0.024390243902439015,-0.0024895499133741478,-255.8090818229024
2025-02-14,MCD,0.028081013245486165,0.024390243902439015,-0.0036907693430471497,-379.23815537620715
2025-02-14,MRK,0.025473768423715765,0.024390243902439015,-0.0010835245212767498,-111.33555163179784
2025-02-14,MS,0.0,0.024390243902439015,0.024390243902439015,2506.1742544713097
2025-02-14,MSFT,0.026697845740623425,0.024390243902439015,-0.00230760183818441,-237.11334497356606
2025-02-14,NKE,0.028484463143675812,0.024390243902439015,-0.0040942192412367975,-420.69390103649783
2025-02-14,NVDA,0.0,0.024390243902439015,0.024390243902439015,2506.1742544713097
2025-02-14,ORCL,0.026738063962538406,0.024390243902439015,-0.002347820060099391,-241.24589373884757
2025-02-14,PEP,0.026563676558736187,0.024390243902439015,-0.0021734326562971723,-223.32703964860582
2025-02-14,PG,0.025974083970999942,0.024390243902439015,-0.0015838400685609273,-162.74454732412636
2025-02-14,QCOM,0.02746505021251612,0.024390243902439015,-0.0030748063100771057,-315.9460168838481
2025-02-14,RTX,0.025624426960845617,0.024390243902439015,-0.0012341830584066023,-126.81619005761483
2025-02-14,TMO,0.0,0.024390243902439015,0.024390243902439015,2506.1742544713097
2025-02-14,TSLA,0.02635601999700449,0.024390243902439015,-0.001965776094565476,-201.98967496846143
2025-02-14,UNH,0.02660523530880014,0.024390243902439015,-0.002214991406361125,-227.59733189639553
2025-02-14,UPS,0.02752056616946516,0.024390243902439015,-0.0031303222670261456,-321.65045602658694
2025-02-14,WFC,0.0,0.024390243902439015,0.024390243902439015,2506.1742544713097
2025-02-14,XOM,0.02686238768721553,0.024390243902439015,-0.002472143784776514,-254.02054737708477
2025-02-21,AAPL,0.024549396474796516,0.023255813953488358,-0.0012935825213081578,-132.5449694952712
2025-02-21,ABT,0.025261392351382875,0.023255813953488358,-0.002005578397894517,-205.49854623922957
2025-02-21,ADBE,0.023612632428183605,0.023255813953488358,-0.0003568184746952467,-36.56086338891105
2025-02-21,AMGN,0.025449697696101562,0.023255813953488358,-0.002193883742613204,-224.7929675539941
2025-02-21,AMZN,0.0,0.023255813953488358,0.023255813953488358,2382.871676354783
2025-02-21,AVGO,0.022945435877157236,0.023255813953488358,0.000310378076331122,31.8024184631893
2025-02-21,BA,0.02349040655006609,0.023255813953488358,-0.0002345925965777304,-24.037174316306718
2025-02-21,BAC,0.0,0.023255813953488358,0.023255813953488358,2382.871676354783
2025-02-21,BLK,0.02446195389791348,0.023255813953488358,-0.0012061399444251233,-123.58529858550268
2025-02-21,BRK-B,0.02441108010212592,0.023255813953488358,-0.0011552661486375626,-118.37259232231675
2025-02-21,CAT,0.02353527173266197,0.023255813953488358,-0.00027945777917361136,-28.634217149381765
2025-02-21,COP,0.024881217317014617,0.023255813953488358,-0.0016254033635262587,-166.5444884167364
2025-02-21,COST,0.023614371573742136,0.023255813953488358,-0.0003585576202537778,-36.73906229868778
2025-02-21,CRM,0.023200770363161705,0.023255813953488358,5.504359032665329e-05,5.639957931233108
2025-02-21,CSCO,0.02411891360587149,0.023255813953488358,-0.0008630996523831327,-88.43619576802337
2025-02-21,CVX,0.024703156620645365,0.023255813953488358,-0.0014473426671570075,-148.2997694445736
2025-02-21,DE,0.024951434078299712,0.023255813953488358,-0.001695620124811354,-173.73914227861601
2025-02-21,EOG,0.025167382606329374,0.023255813953488358,-0.0019115686528410163,-195.86598041128877
2025-02-21,GS,0.023160528359983872,0.023255813953488358,9.528559350448565e-05,9.763293702839254
2025-02-21,HD,0.023009252268203533,0.023255813953488358,0.0002465616852848247,25.263568822598977
2025-02-21,HON,0.025562863007911406,0.023255813953488358,-0.002307049054423048,-236.38827945306804
2025-02-21,JNJ,0.0256210246352822,0.023255813953488358,-0.002365210681793843,-242.34772231710852
2025-02-21,KO,0.025335019152620306,0.023255813953488358,-0.0020792051991319477,-213.04260466866847
2025-02-21,LLY,0.025306286373147018,0.023255813953488358,-0.0020504724196586596,-210.09854403390509
2025-02-21,LMT,0.025467410801864057,0.023255813953488358,-0.0022115968483756993,-226.6079140489283
2025-02-21,MA,0.02414049094478666,0.023255813953488358,-0.0008846769912983013,-90.64708504736208
2025-02-21,MCD,0.024158006340247083,0.023255813953488358,-0.0009021923867587253,-92.44177345630237
2025-02-21,MRK,0.02636635072156707,0.023255813953488358,-0.0031105367680787123,-318.71642840534133
2025-02-21,MS,0.02317670389733364,0.023255813953488358,7.911005615471658e-05,8.105891821414158
2025-02-21,MSFT,0.02449025443236181,0.023255813953488358,-0.0012344404788734512,-126.48506988989548
2025-02-21,NKE,0.02561285674708208,0.023255813953488358,-0.002357042793593722,-241.5108120508574
2025-02-21,NVDA,0.02367596358479175,0.023255813953488358,-0.0004201496313033931,-43.04999421934172
2025-02-21,ORCL,0.02356279991016129,0.023255813953488358,-0.00030698595667293105,-31.45485007136799
2025-02-21,PEP,0.026178630447264543,0.023255813953488358,-0.002922816493776185,-299.48195544268043
2025-02-21,PG,0.025556365678499664,0.023255813953488358,-0.002300551725011306,-235.722540457299
2025-02-21,QCOM,0.023488913117789674,0.023255813953488358,-0.0002330991643013161,-23.884152045009788
2025-02-21,RTX,0.02475487780514117,0.023255813953488358,-0.0014990638516528126,-153.5993021054843
2025-02-21,TMO,0.02448661185903966,0.023255813953488358,-0.0012307979055513028,-126.1118391435646
2025-02-21,TSLA,0.023214657108803112,0.0,-0.023214657108803112,-2378.654602736773
2025-02-21,UNH,0.021787611882591287,0.023255813953488358,0.0014682020708970712,150.43709658596103
2025-02-21,UPS,0.024827916663258225,0.023255813953488358,-0.0015721027097698667,-161.0831178355425
2025-02-21,WFC,0.023696142812689006,0.023255813953488358,-0.0004403288592006484,-45.11762817544607
2025-02-21,WMT,0.0,0.023255813953488358,0.023255813953488358,2382.871676354783
2025-02-21,XOM,0.025007948172125972,0.023255813953488358,-0.001752134218637614,-179.52977311883444
2025-02-28,AAPL,0.022783335170821786,0.022727272727272728,-5.606244354905768e-05,-5.77405598904166
2025-02-28,ABT,0.02366264761099002,0.022727272727272728,-0.000935374883717293,-96.3373447074403
2025-02-28,ADBE,0.022832962932060743,0.022727272727272728,-0.00010569020478801497,-10.88538282148308
2025-02-28,AMGN,0.023518383625951697,0.022727272727272728,-0.0007911108986789692,-81.479121018267
2025-02-28,AMZN,0.02267356701075427,0.022727272727272728,5.370571651845679e-05,5.5313288982456665
2025-02-28,AVGO,0.021098435134667155,0.022727272727272728,0.0016288375926055733,167.7593565562394
2025-02-28,BA,0.022803780386125756,0.022727272727272728,-7.650765885302765e-05,-7.879776153911611
2025-02-28,BAC,0.0237987995339272,0.022727272727272728,-0.0010715268066544721,-110.36008036231833
2025-02-28,BLK,0.02321738294857966,0.022727272727272728,-0.000490110221306933,-50.47806837301862
2025-02-28,BRK-B,0.02482840895970319,0.022727272727272728,-0.0021011362324304637,-216.40295139902923
2025-02-28,CAT,0.023398847389851516,0.022727272727272728,-0.0006715746625787881,-69.16768975933911
2025-02-28,COP,0.023418643827201338,0.022727272727272728,-0.0006913710999286102,-71.20659014264838
2025-02-28,COST,0.02343636031419028,0.022727272727272728,-0.0007090875869175534,-73.03126957735357
2025-02-28,CRM,0.02224054222186491,0.022727272727272728,0.0004867305054078175,50.12998028421687
2025-02-28,CSCO,0.02317985426525511,0.022727272727272728,-0.0004525815379823814,-46.61286548507533
2025-02-28,CVX,0.02338345329086739,0.022727272727272728,-0.0006561805635946633,-67.58220072589364
2025-02-28,DE,0.02269897196971933,0.022727272727272728,2.830075755339695e-05,2.91478837347885
2025-02-28,EOG,0.022065552543417306,0.022727272727272728,0.0006617201838554215,68.15274448957491
2025-02-28,GS,0.02312455861863886,0.022727272727272728,-0.0003972858913661309,-40.91778444150461
2025-02-28,HD,0.023811285169221347,0.022727272727272728,-0.0010840124419486188,-111.64601712645656
2025-02-28,HON,0.02336089914425782,0.022727272727272728,-0.0006336264169850905,-65.25927476932577
2025-02-28,JNJ,0.02352053456828012,0.022727272727272728,-0.0007932618410073922,-81.70065366378299
2025-02-28,KO,0.023087456040489365,0.022727272727272728,-0.0003601833132166367,-37.09646753109366
2025-02-28,LLY,0.024375966636763908,0.022727272727272728,-0.00164869390949118,-169.80442413045813
2025-02-28,LMT,0.023639366814592135,0.022727272727272728,-0.0009120940873194074,-93.93957869224258
2025-02-28,MA,0.02391292064409682,0.022727272727272728,-0.0011856479168240938,-122.1137899392899
2025-02-28,MCD,0.023399985659044966,0.022727272727272728,-0.0006727129317722381,-69.28492385827435
2025-02-28,MRK,0.023843634890931872,0.022727272727272728,-0.0011163621636591445,-114.97782167441639
2025-02-28,MS,0.02338229226482909,0.022727272727272728,-0.0006550195375563637,-67.46262282444148
2025-02-28,MSFT,0.02249702485682896,0.022727272727272728,0.00023024787044376854,23.713987674058068
2025-02-28,NKE,0.0240188537269175,0.022727272727272728,-0.0012915809996447737,-133.02418757051612
2025-02-28,NVDA,0.021496359548566574,0.022727272727272728,0.0012309131787061542,126.77580857279705
2025-02-28,ORCL,0.022891609329240815,0.022727272727272728,-0.00016433660196808753,-16.925568718428448
2025-02-28,PEP,0.02312832973169562,0.022727272727272728,-0.0004010570044228924,-41.30618381463741
2025-02-28,PG,0.023623417271543077,0.022727272727272728,-0.000896144544270349,-92.29688264235838
2025-02-28,QCOM,0.021977812744580022,0.022727272727272728,0.0007494599826927059,77.18935579087179
2025-02-28,RTX,0.02495285800879402,0.022727272727272728,-0.002225585281521291,-229.2203694732992
2025-02-28,TMO,0.022976903812444764,0.022727272727272728,-0.00024963108517203625,-25.710328896514753
2025-02-28,TSLA,0.0,0.022727272727272728,0.022727272727272728,2340.75678650468
2025-02-28,UNH,0.023556401102811077,0.022727272727272728,-0.0008291283755383488,-85.3946663646996
2025-02-28,UPS,0.02366976096490912,0.022727272727272728,-0.0009424882376363915,-97.06997249172163
2025-02-28,WFC,0.02337760860768613,0.022727272727272728,-0.0006503358804134038,-66.98023752574753
2025-02-28,WMT,0.024067633761440926,0.022727272727272728,-0.0013403610341681978,-138.04820423220818
2025-02-28,XOM,0.02326659694544617,0.022727272727272728,-0.0005393242181734419,-55.546780247895846
2025-03-07,AAPL,0.02302611500512405,0.022727272727272728,-0.00029884227785132236,-30.029667023876303
2025-03-07,ABT,0.023146070751190972,0.022727272727272728,-0.00041879802391824386,-42.08362116279658
2025-03-07,ADBE,0.023868642184110292,0.022727272727272728,-0.001141369456837564,-114.69242232555463
2025-03-07,AMGN,0.024563181067589195,0.022727272727272728,-0.0018359083403164667,-184.48432578702793
2025-03-07,AMZN,0.02186315940228004,0.022727272727272728,0.0008641133249926887,86.83187535243928
2025-03-07,AVGO,0.022770822932617216,0.022727272727272728,-4.355020534448778e-05,-4.376215355870937
2025-03-07,BA,0.020565194539646996,0.022727272727272728,0.0021620781876257322,217.26004941740004
2025-03-07,BAC,0.021050150295905734,0.022727272727272728,0.0016771224313669938,168.52845766783065
2025-03-07,BLK,0.022680889676774767,0.022727272727272728,4.6383050497960515e-05,4.660878547774832
2025-03-07,BRK-B,0.02246741023628522,0.022727272727272728,0.0002598624909875072,26.11271782713514
2025-03-07,CAT,0.023722934200846382,0.022727272727272728,-0.0009956614735736544,-100.05071148197499
2025-03-07,COP,0.021291336172652504,0.022727272727272728,0.0014359365546202235,144.2924907168274
2025-03-07,COST,0.02142033835735094,0.022727272727272728,0.0013069343699217868,131.3294900339924
2025-03-07,CRM,0.02212298192196748,0.022727272727272728,0.0006042908053052465,60.723174108366266
2025-03-07,CSCO,0.023231136615111243,0.022727272727272728,-0.0005038638878385147,-50.63160703344037
2025-03-07,CVX,0.02295809814256289,0.022727272727272728,-0.00023082541529016037,-23.194878621759273
2025-03-07,DE,0.02420516252435967,0.022727272727272728,-0.0014778897970869412,-148.50823258208737
2025-03-07,EOG,0.02298463379699379,0.022727272727272728,-0.00025736106972106335,-25.861358319846403
2025-03-07,GS,0.020948977066482164,0.022727272727272728,0.0017782956607905638,178.6950191502444
2025-03-07,HD,0.02213002053664101,0.022727272727272728,0.0005972521906317182,60.01588711913852
2025-03-07,HON,0.02347124652134363,0.022727272727272728,-0.0007439737940709013,-74.75945328443167
2025-03-07,JNJ,0.023528629541685903,0.022727272727272728,-0.0008013568144131754,-80.52568223333601
2025-03-07,JPM,0.0,0.022727272727272728,0.022727272727272728,2283.7880813516394
2025-03-07,KO,0.023364871297496967,0.022727272727272728,-0.000637598570224239,-64.07016067605839
2025-03-07,LLY,0.022001288744958894,0.022727272727272728,0.0007259839823138339,72.95171690666346
2025-03-07,LMT,0.024677758049690298,0.022727272727272728,-0.0019504853224175701,-195.9977858162965
2025-03-07,MA,0.022098979267559996,0.022727272727272728,0.0006282934597127317,63.135121054857414
2025-03-07,MCD,0.024412114251640433,0.022727272727272728,-0.001684841524367705,-169.30412366196086
2025-03-07,MRK,0.023898899085017765,0.022727272727272728,-0.001171626357745037,-117.7328377110841
2025-03-07,MS,0.020874543280949134,0.022727272727272728,0.0018527294463235935,186.17462280925398
2025-03-07,MSFT,0.023076986285385084,0.022727272727272728,-0.00034971355811235644,-35.14155285977924
2025-03-07,NKE,0.02316321875818987,0.022727272727272728,-0.0004359460309171434,-43.80676737892952
2025-03-07,NVDA,0.021012470959505116,0.0,-0.021012470959505116,-2111.4733524308704
2025-03-07,ORCL,0.021763980098223744,0.022727272727272728,0.000963292629048984,96.79807390334206
2025-03-07,PEP,0.02364737355147621,0.022727272727272728,-0.0009201008242034833,-92.45787302214036
2025-03-07,PG,0.023575623767517397,0.022727272727272728,-0.0008483510402446694,-85.2479757585738
2025-03-07,QCOM,0.024021955366082325,0.022727272727272728,-0.0012946826388095974,-130.0983543044349
2025-03-07,RTX,0.02248897501139451,0.022727272727272728,0.00023829771587821624,23.945745266783543
2025-03-07,TMO,0.023414005494687022,0.022727272727272728,-0.0006867327674142942,-69.00749280895329
2025-03-07,TSLA,0.02088315793241975,0.022727272727272728,0.0018441147948529794,185.30896512169616
2025-03-07,UNH,0.024201163618358154,0.022727272727272728,-0.0014738908910854262,-148.10639581204032
2025-03-07,UPS,0.023799740884848472,0.022727272727272728,-0.0010724681575757442,-107.768759819628
2025-03-07,WFC,0.021130758838549056,0.022727272727272728,0.0015965138887236718,160.4283731942971
2025-03-07,WMT,0.021665404428107157,0.022727272727272728,0.0010618682991655713,106.70361528637663
2025-03-07,XOM,0.022809599538420607,0.022727272727272728,-8.232681114787865e-05,-8.272747563309352
2025-03-14,AAPL,0.020875103854941884,0.022727272727272728,0.0018521688723308442,180.93533251673207
2025-03-14,ABBV,0.0,0.022727272727272728,0.022727272727272728,2220.189913316398
2025-03-14,ABT,0.021598468971461105,0.022727272727272728,0.0011288037558116228,110.27098336173175
2025-03-14,ADBE,0.020533087601618982,0.022727272727272728,0.0021941851256537456,214.346338092714
2025-03-14,AMGN,0.022573988689876347,0.022727272727272728,0.0001532840373963812,14.974065642793796
2025-03-14,AMZN,0.023223804423901664,0.022727272727272728,-0.0004965316966289365,-48.50536523788747
2025-03-14,AVGO,0.023445864402145997,0.022727272727272728,-0.0007185916748732694,-70.19803948725784
2025-03-14,BA,0.024533162009309373,0.022727272727272728,-0.0018058892820366455,-176.41435541593387
2025-03-14,BAC,0.023088352250128334,0.022727272727272728,-0.0003610795228556063,-35.27326504016105
2025-03-14,BLK,0.022926532347143442,0.022727272727272728,-0.00019925961987071403,-19.46534471940163
2025-03-14,BRK-B,0.02427152914024464,0.022727272727272728,-0.001544256412971911,-150.85587051279353
2025-03-14,CAT,0.022664959015860124,0.022727272727272728,6.231371141260378e-05,6.087324035741159
2025-03-14,COP,0.02552230983139948,0.022727272727272728,-0.0027950371041267526,-273.04258018080077
2025-03-14,COST,0.021912378827801577,0.022727272727272728,0.0008148938994711509,79.60564550527229
2025-03-14,CRM,0.023087928668980635,0.022727272727272728,-0.0003606559417079075,-35.231886094131006
2025-03-14,CSCO,0.022118669433292142,0.022727272727272728,0.0006086032939805856,59.453455358300545
2025-03-14,CVX,0.023477998738690106,0.022727272727272728,-0.0007507260114173776,-73.33719000137695
2025-03-14,DE,0.02234136971005219,0.022727272727272728,0.00038590301722053744,37.69823139946166
2025-03-14,EOG,0.023126248598784392,0.022727272727272728,-0.00039897587151166425,-38.97529704581991
2025-03-14,GS,0.022613639309804697,0.022727272727272728,0.00011363341746803077,11.100661760240504
2025-03-14,HD,0.02193325793566838,0.022727272727272728,0.0007940147916043472,77.5659997791357
2025-03-14,HON,0.022826024677173744,0.022727272727272728,-9.875194990101657e-05,-9.646915655984783
2025-03-14,JNJ,0.02283219652868272,0.022727272727272728,-0.00010492380140999374,-10.249833684520361
2025-03-14,JPM,0.02242691286800386,0.022727272727272728,0.0003003598592688679,29.341660916210422
2025-03-14,KO,0.02280046396581333,0.022727272727272728,-7.31912385406007e-05,-7.149931780242945
2025-03-14,LLY,0.021868224632950354,0.022727272727272728,0.000859048094322374,83.91899621900116
2025-03-14,LMT,0.023007158986771584,0.022727272727272728,-0.00027988625949885645,-27.34162860946954
2025-03-14,MA,0.02255844714201325,0.022727272727272728,0.00016882558525947722,16.49229390612447
2025-03-14,MCD,0.021814940639431027,0.022727272727272728,0.000912332087841701,89.12422195692551
2025-03-14,MRK,0.023356568501897296,0.022727272727272728,-0.0006292957746245678,-61.47486977782016
2025-03-14,MS,0.02260227096973374,0.022727272727272728,0.00012500175753898946,12.211216214335
2025-03-14,MSFT,0.023094007317552758,0.022727272727272728,-0.0003667345902800302,-35.82569928097357
2025-03-14,NKE,0.0213150211000531,0.022727272727272728,0.0014122516272196267,137.96053998397812
2025-03-14,ORCL,0.022488939842028866,0.0,-0.022488939842028866,-2196.907565531877
2025-03-14,PEP,0.02249085175603924,0.022727272727272728,0.00023642097123348707,23.095576047678385
2025-03-14,PG,0.022316118044920164,0.022727272727272728,0.0004111546823525637,40.16502505716666
2025-03-14,QCOM,0.022703540245984893,0.022727272727272728,2.3732481287834506e-05,2.318387085221694
2025-03-14,RTX,0.023665798891969556,0.022727272727272728,-0.0009385261646968276,-91.68307826671052
2025-03-14,TMO,0.022971035335595694,0.022727272727272728,-0.00024376260832296645,-23.812768506663218
2025-03-14,TSLA,0.022246974457220244,0.022727272727272728,0.0004802982700524844,46.91954848036901
2025-03-14,UNH,0.023246447890669115,0.022727272727272728,-0.0005191751633963869,-50.717368284750236
2025-03-14,UPS,0.022442194505593895,0.022727272727272728,0.00028507822167883265,27.84882286021089
2025-03-14,WFC,0.023310520252830723,0.022727272727272728,-0.000583247525557995,-56.976492021266765
2025-03-14,WMT,0.02175282609119356,0.022727272727272728,0.0009744466360791688,95.19209006947487
2025-03-14,XOM,0.023993861594771675,0.022727272727272728,-0.0012665888674989467,-123.73098442936003
2025-03-21,AAPL,0.023029781303080282,0.022222222222222213,-0.0008075590808580696,-79.59009011427263
2025-03-21,ABBV,0.022338233006300067,0.022222222222222213,-0.00011601078407785445,-11.433601550456263
2025-03-21,ABT,0.022459663515851155,0.022222222222222213,-0.00023744129362894204,-23.401351560181794
2025-03-21,ADBE,0.02209860199097855,0.022222222222222213,0.000123620231243661,12.183561027108823
2025-03-21,AMGN,0.022692742980758684,0.022222222222222213,-0.0004705207585364718,-46.372817122881706
2025-03-21,AMZN,0.022327439810247093,0.022222222222222213,-0.00010521758802487999,-10.369863346231641
2025-03-21,AVGO,0.022145286046396505,0.022222222222222213,7.693617582570783e-05,7.582550072385111
2025-03-21,BA,0.024794549841016655,0.022222222222222213,-0.002572327618794442,-253.51926792247173
2025-03-21,BAC,0.02339583476470973,0.022222222222222213,-0.0011736125424875177,-115.66698985858943
2025-03-21,BLK,0.023084025142613946,0.022222222222222213,-0.0008618029203917334,-84.93616593579783
2025-03-21,BRK-B,0.022845417995099527,0.022222222222222213,-0.0006231957728773142,-61.41991205081448
2025-03-21,CAT,0.02226943652059858,0.022222222222222213,-4.7214298376369035e-05,-4.6532697749674705
2025-03-21,COP,0.02320154474446082,0.022222222222222213,-0.0009793225222386077,-96.51847108584053
2025-03-21,COST,0.022658511357917906,0.022222222222222213,-0.0004362891356956937,-42.99907269818845
2025-03-21,CRM,0.022623797877840933,0.022222222222222213,-0.0004015756556187203,-39.5778381743061
2025-03-21,CSCO,0.02245097313851888,0.022222222222222213,-0.0002287509162966668,-22.544859532046974
2025-03-21,CVX,0.023634349944890144,0.022222222222222213,-0.0014121277226679316,-139.1741797771404
2025-03-21,DE,0.022286267723382342,0.022222222222222213,-6.404550116012944e-05,-6.312091993730341
2025-03-21,EOG,0.022752658818229982,0.022222222222222213,-0.0005304365960077696,-52.27790446156376
2025-03-21,GS,0.02351273058680522,0.022222222222222213,-0.0012905083645830089,-127.18781754178067
2025-03-21,HD,0.022515181449416125,0.022222222222222213,-0.0002929592271939119,-28.87299746217462
2025-03-21,HON,0.02259533837354844,0.022222222222222213,-0.00037311615132622905,-36.77297279053736
2025-03-21,INTC,0.0,0.022222222222222213,0.022222222222222213,2190.141515499725
2025-03-21,JNJ,0.0226388927165346,0.022222222222222213,-0.0004166704943123871,-41.06553065448081
2025-03-21,JPM,0.02341603244747784,0.022222222222222213,-0.0011938102252556267,-117.65760011821924
2025-03-21,KO,0.02236584514648438,0.022222222222222213,-0.0001436229242621663,-14.154953805181947
2025-03-21,LLY,0.023192497307221265,0.022222222222222213,-0.0009702750849990525,-95.62678853001526
2025-03-21,LMT,0.02124640160341309,0.022222222222222213,0.0009758206188091242,96.17333620205231
2025-03-21,MA,0.022869101466536135,0.022222222222222213,-0.0006468792443139228,-63.75406898191555
2025-03-21,MCD,0.02294690870813023,0.022222222222222213,-0.0007246864859080174,-71.42246813289402
2025-03-21,MRK,0.022369276795943055,0.022222222222222213,-0.0001470545737208423,-14.493164712755927
2025-03-21,MS,0.023462863683288884,0.022222222222222213,-0.0012406414610666716,-122.27311663795595
2025-03-21,MSFT,0.022681962729368958,0.022222222222222213,-0.0004597405071467449,-45.3103546976543
2025-03-21,NKE,0.021356102909596067,0.022222222222222213,0.0008661193126261457,85.36157387813735
2025-03-21,PEP,0.02204943474318024,0.022222222222222213,0.0001727874790419734,17.029306404376413
2025-03-21,PG,0.022353786183989498,0.022222222222222213,-0.00013156396176728508,-12.966466257456737
2025-03-21,QCOM,0.022559969986310484,0.022222222222222213,-0.0003377477640882712,-33.287192995361856
2025-03-21,RTX,0.02293785765735519,0.022222222222222213,-0.0007156354351329774,-70.53042944013502
2025-03-21,TMO,0.02233860806798255,0.022222222222222213,-0.00011638584576033686,-11.470566267731769
2025-03-21,TSLA,0.022411002134621848,0.022222222222222213,-0.00018877991239963504,-18.6054625547479
2025-03-21,UNH,0.023825379299950208,0.022222222222222213,-0.001603157077727995,-158.00133923096863
2025-03-21,UPS,0.022205188974153155,0.022222222222222213,1.7033248069057982e-05,1.6787350682932243
2025-03-21,WFC,0.023056380620505454,0.022222222222222213,-0.0008341583982832412,-82.21162223622969
2025-03-21,WMT,0.02275402215085598,0.022222222222222213,-0.0005317999286337666,-52.41226957382716
2025-03-21,XOM,0.0232501177344392,0.022222222222222213,-0.0010278955122169885,-101.3056485706027
2025-03-28,AAPL,0.02243040991499646,0.021739130434782608,-0.0006912794802138508,-67.37991416961651
2025-03-28,ABBV,0.02196352206076646,0.021739130434782608,-0.00022439162598385243,-21.87174497714785
2025-03-28,ABT,0.023265233074149554,0.021739130434782608,-0.0015261026393669462,-148.75121828114945
2025-03-28,ADBE,0.022378572768007556,0.021739130434782608,-0.0006394423332249481,-62.327279721636735
2025-03-28,AMGN,0.021822259920976306,0.021739130434782608,-8.312948619369764e-05,-8.10273963717669
2025-03-28,AMZN,0.022068854195084392,0.021739130434782608,-0.00032972376030178385,-32.138605737211435
2025-03-28,AVGO,0.019826117642938096,0.021739130434782608,0.0019130127918445122,186.46385638408685
2025-03-28,BA,0.021862985123992356,0.021739130434782608,-0.00012385468920974793,-12.07227838713754
2025-03-28,BAC,0.02182306419697449,0.021739130434782608,-8.393376219188037e-05,-8.181133469595192
2025-03-28,BLK,0.02234975791132576,0.021739130434782608,-0.0006106274765431512,-59.51865799106164
2025-03-28,BRK-B,0.022657926945495118,0.021739130434782608,-0.00091879651071251,-89.55629640850958
2025-03-28,CAT,0.022060994423211865,0.021739130434782608,-0.0003218639884292572,-31.372503503134155
2025-03-28,COP,0.022567708353722973,0.021739130434782608,-0.0008285779189403653,-80.76257238790038
2025-03-28,COST,0.022972601017771592,0.021739130434782608,-0.0012334705829889839,-120.2279893898105
2025-03-28,CRM,0.021615784672988407,0.021739130434782608,0.00012334576179420104,12.022672566974173
2025-03-28,CSCO,0.022677169612467865,0.021739130434782608,-0.000938039177685257,-91.431904301018
2025-03-28,CVX,0.02265125356252018,0.021739130434782608,-0.0009121231277375713,-88.90583305042864
2025-03-28,DE,0.022129881738288545,0.021739130434782608,-0.00039075130350593734,-38.08704011256183
2025-03-28,EOG,0.02272339758838677,0.021739130434782608,-0.0009842671536041611,-95.93780551580201
2025-03-28,GS,0.021593043435909037,0.021739130434782608,0.0001460869988735708,14.23929065904427
2025-03-28,HD,0.022916403963617334,0.021739130434782608,-0.0011772735288347255,-114.7503890937221
2025-03-28,HON,0.022492025486622515,0.021739130434782608,-0.0007528950518399073,-73.38566444357403
2025-03-28,INTC,0.021032963315085418,0.021739130434782608,0.0007061671196971903,68.8310318424068
2025-03-28,JNJ,0.022479484855429208,0.021739130434782608,-0.0007403544206465995,-72.16331273543929
2025-03-28,JPM,0.022581946579232286,0.021739130434782608,-0.0008428161444496776,-82.150390832111
2025-03-28,KO,0.02302473837029787,0.021739130434782608,-0.0012856079355152636,-125.30988526377018
2025-03-28,LLY,0.022064504649989963,0.021739130434782608,-0.0003253742152073552,-31.71464989369527
2025-03-28,LMT,0.022559970482102332,0.021739130434782608,-0.0008208400473197243,-80.00835193065058
2025-03-28,MA,0.02267486328797179,0.021739130434782608,-0.0009357328531891806,-91.20710383891715
2025-03-28,MCD,0.02258987875133918,0.021739130434782608,-0.000850748316556571,-82.92355001163094
2025-03-28,MRK,0.02153221724795461,0.021739130434782608,0.00020691318682799706,20.16809867511083
2025-03-28,MS,0.021568938417030722,0.021739130434782608,0.00017019201775188633,16.58883834498952
2025-03-28,MSFT,0.021752975251529715,0.021739130434782608,-1.3844816747106414e-05,-1.3494723781263025
2025-03-28,NKE,0.020930698300653056,0.021739130434782608,0.0008084321341295525,78.79893641969227
2025-03-28,NVDA,0.0,0.021739130434782608,0.021739130434782608,2118.9414480589135
2025-03-28,PEP,0.023058601718883014,0.021739130434782608,-0.0013194712841004055,-128.6105900965779
2025-03-28,PG,0.022649128794208207,0.021739130434782608,-0.0009099983594255991,-88.69872910681568
2025-03-28,QCOM,0.021881070535642234,0.021739130434782608,-0.00014194010085962633,-13.835087091243745
2025-03-28,RTX,0.02235817336324798,0.021739130434782608,-0.0006190429284653708,-60.33892308563999
2025-03-28,TMO,0.021706419859276096,0.021739130434782608,3.271057550651227e-05,3.1883425346080387
2025-03-28,TSLA,0.02380914990960474,0.021739130434782608,-0.0020700194748221323,-201.767502920529
2025-03-28,UNH,0.022433293363538505,0.021739130434782608,-0.0006941629287558967,-67.66096766655447
2025-03-28,UPS,0.02140657029349258,0.021739130434782608,0.0003325601412900274,32.41507149818131
2025-03-28,WFC,0.021901529927740998,0.021739130434782608,-0.00016239949295838996,-15.829290771571072
2025-03-28,WMT,0.02225160484735914,0.021739130434782608,-0.0005124744125765308,-49.95155059839055
2025-03-28,XOM,0.02290231026817643,0.021739130434782608,-0.001163179833393823,-113.37665818412393
2025-04-04,AAPL,0.02072061970411223,0.0,-0.02072061970411223,-1831.7825201358737
2025-04-04,ABBV,0.021827599210481035,0.029411764705882353,0.0075841654954013175,670.4694156196804
2025-04-04,ABT,0.02279874465501472,0.029411764705882353,0.006613020050867634,584.6164211045918
2025-04-04,ADBE,0.021690856082176184,0.029411764705882353,0.007720908623706169,682.5580343846786
2025-04-04,AMGN,0.022986905553450624,0.0,-0.022986905553450624,-2032.130910470236
2025-04-04,AMZN,0.02126641905374577,0.029411764705882353,0.008145345652136583,720.0799010411545
2025-04-04,AVGO,0.020732166050317,0.0,-0.020732166050317,-1832.8032615736956
2025-04-04,BA,0.018889493978211616,0.0,-0.018889493978211616,-1669.9039593218756
2025-04-04,BAC,0.019981741035749213,0.0,-0.019981741035749213,-1766.462802456772
2025-04-04,BLK,0.02082628819897993,0.029411764705882353,0.008585476506902421,758.989162339576
2025-04-04,BRK-B,0.022475315206092274,0.029411764705882353,0.006936449499790078,613.2088290293284
2025-04-04,CAT,0.020942685017032822,0.029411764705882353,0.00846907968884953,748.699235698704
2025-04-04,COP,0.020202856083014968,0.029411764705882353,0.009208908622867384,814.102960518561
2025-04-04,COST,0.02362783226370947,0.029411764705882353,0.005783932442172884,511.32188595288056
2025-04-04,CRM,0.021374397989887176,0.029411764705882353,0.008037366715995177,710.53414755544
2025-04-04,CSCO,0.021622110810427465,0.029411764705882353,0.007789653895454888,688.6353809568134
2025-04-04,CVX,0.020676028292869807,0.029411764705882353,0.008735736413012545,772.2727162786099
2025-04-04,DE,0.02221899050506979,0.029411764705882353,0.0071927742008125635,635.8689190033198
2025-04-04,EOG,0.020930733687456262,0.0,-0.020930733687456262,-1850.3574048363218
2025-04-04,GS,0.020776622321164534,0.029411764705882353,0.008635142384717819,763.3798170655731
2025-04-04,HD,0.0236832129330894,0.029411764705882353,0.005728551772792953,506.42602166058583
2025-04-04,HON,0.021762754334677066,0.029411764705882353,0.0076490103712052865,676.201952180569
2025-04-04,INTC,0.020949248551456336,0.0,-0.020949248551456336,-1851.9941900639035
2025-04-04,JNJ,0.022434789953347533,0.029411764705882353,0.0069769747525348196,616.7914173235952
2025-04-04,JPM,0.020881021253398614,0.0,-0.020881021253398614,-1845.9626343593493
2025-04-04,KO,0.023817761746300452,0.029411764705882353,0.005594002959581901,494.53138879417025
2025-04-04,LLY,0.021511160224227156,0.029411764705882353,0.007900604481655197,698.4438397434113
2025-04-04,LMT,0.02346057725651185,0.029411764705882353,0.005951187449370503,526.1078722295841
2025-04-04,MA,0.02171366691022922,0.029411764705882353,0.007698097795653131,680.5414694028366
2025-04-04,MCD,0.02342285558903849,0.029411764705882353,0.005988909116843862,529.442612796941
2025-04-04,MRK,0.0218832504268873,0.029411764705882353,0.007528514278995053,665.549633929123
2025-04-04,MS,0.020746450787790416,0.0,-0.020746450787790416,-1834.066087337702
2025-04-04,MSFT,0.02276798187790103,0.029411764705882353,0.006643782827981323,587.3359689845478
2025-04-04,NKE,0.021680307030390922,0.029411764705882353,0.007731457675491431,683.4906111579696
2025-04-04,NVDA,0.020610808548118236,0.0,-0.020610808548118236,-1822.0747913643354
2025-04-04,ORCL,0.0,0.029411764705882353,0.029411764705882353,2600.1131840613943
2025-04-04,PEP,0.023540519020244777,0.029411764705882353,0.005871245685637575,519.0407126790545
2025-04-04,PG,0.023357130649667886,0.029411764705882353,0.006054634056214467,535.252950363832
2025-04-04,QCOM,0.020003365444933793,0.0,-0.020003365444933793,-1768.3744834449963
2025-04-04,RTX,0.021371072789282637,0.0,-0.021371072789282637,-1889.2850759762832
2025-04-04,TMO,0.02098461176585996,0.029411764705882353,0.008427152940022394,744.9927497574349
2025-04-04,TSLA,0.02177411932261749,0.0,-0.02177411932261749,-1924.9159405501657
2025-04-04,UNH,0.024386098047605685,0.029411764705882353,0.005025666658276667,444.28827265401975
2025-04-04,UPS,0.021355797349043387,0.029411764705882353,0.008055967356838965,712.1785157860974
2025-04-04,V,0.0,0.029411764705882353,0.029411764705882353,2600.1131840613943
2025-04-04,WFC,0.020675424958090192,0.029411764705882353,0.00873633974779216,772.3260533949158
2025-04-04,WMT,0.023415934791305687,0.029411764705882353,0.0059958299145766655,530.0544379495367
2025-04-04,XOM,0.021241672739021444,0.0,-0.021241672739021444,-1877.8456135684037
2025-04-11,ABBV,0.026732540109175314,0.03225806451612903,0.005525524406953718,502.9042874164238
2025-04-11,ABT,0.02911119390713698,0.03225806451612903,0.0031468706089920508,286.41167872052273
2025-04-11,ADBE,0.02882945926242583,0.03225806451612903,0.003428605253703202,312.05369028428913
2025-04-11,AMZN,0.03086719681531776,0.03225806451612903,0.0013908677008112706,126.58949240849326
2025-04-11,BLK,0.030500562476068752,0.03225806451612903,0.001757502040060279,159.95862944286677
2025-04-11,BRK-B,0.030319842532267008,0.03225806451612903,0.0019382219838620235,176.40681207059643
2025-04-11,CAT,0.02908358343250506,0.0,-0.02908358343250506,-2647.035416807377
2025-04-11,COP,0.02858445694028087,0.03225806451612903,0.0036736075758481597,334.352518261344
2025-04-11,COST,0.03001339240740581,0.03225806451612903,0.002244672108723221,204.29829717163864
2025-04-11,CRM,0.030287580409376114,0.03225806451612903,0.001970484106752917,179.3431414989069
2025-04-11,CSCO,0.030011916204836772,0.03225806451612903,0.0022461483112922592,204.43265339674736
2025-04-11,CVX,0.027026950938593728,0.0,-0.027026950938593728,-2459.8515003765096
2025-04-11,DE,0.03049548397523133,0.03225806451612903,0.0017625805408977013,160.42084798660778
2025-04-11,GS,0.029984361339303225,0.03225806451612903,0.002273703176825806,206.94055291820536
2025-04-11,HD,0.028548136650310894,0.03225806451612903,0.0037099278658181377,337.65820079947974
2025-04-11,HON,0.029681520544063377,0.03225806451612903,0.0025765439720656542,234.5035357437004
2025-04-11,JNJ,0.028270026280554843,0.03225806451612903,0.003988038235574188,362.9703498417084
2025-04-11,KO,0.029163793849686565,0.03225806451612903,0.003094270666442467,281.6243074815588
2025-04-11,LLY,0.02832704097788687,0.03225806451612903,0.003931023538242161,357.7811707480568
2025-04-11,LMT,0.03137578045244268,0.03225806451612903,0.0008822840636863519,80.30087384803909
2025-04-11,MA,0.029763238690497407,0.03225806451612903,0.0024948258256316247,227.06597811574423
2025-04-11,MCD,0.029482749363504607,0.03225806451612903,0.002775315152624424,252.59464738407772
2025-04-11,MRK,0.02774882728155515,0.03225806451612903,0.00450923723457388,410.40715255752514
2025-04-11,MSFT,0.030821416765152074,0.03225806451612903,0.001436647750976957,130.75615276700853
2025-04-11,NKE,0.027125044467792844,0.03225806451612903,0.005133020048336188,467.1805967328795
2025-04-11,ORCL,0.0295653484887901,0.03225806451612903,0.002692716027338931,245.07690767585302
2025-04-11,PEP,0.02812682352685189,0.03225806451612903,0.004131240989277141,376.0039143512455
2025-04-11,PG,0.029102341861576758,0.03225806451612903,0.003155722654552273,287.2173455381444
2025-04-11,TMO,0.028567013230599465,0.03225806451612903,0.003691051285529566,335.9401533419504
2025-04-11,UNH,0.03259820840624198,0.03225806451612903,-0.0003401438901129497,-30.95811511773061
2025-04-11,UPS,0.028367276686739797,0.0,-0.028367276686739797,-2581.8409290050404
2025-04-11,V,0.030399590236642713,0.03225806451612903,0.0018584742794863184,169.14859375711146
2025-04-11,WFC,0.029267720053260907,0.03225806451612903,0.0029903444628681247,272.1654888241523
2025-04-11,WMT,0.031849581435924576,0.03225806451612903,0.00040848308020445534,37.17799022177194
2025-04-17,ABBV,0.03231776179992158,0.030303030303030304,-0.002014731496891277,-182.51829923641802
2025-04-17,ABT,0.03360517440510531,0.030303030303030304,-0.003302144102075008,-299.14741804268493
2025-04-17,ADBE,0.03206575930296962,0.030303030303030304,-0.001762728999939317,-159.68892111929793
2025-04-17,AMGN,0.0,0.030303030303030304,0.030303030303030304,2745.2082628145836
2025-04-17,AMZN,0.03025427509947146,0.030303030303030304,4.875520355884441e-05,4.41682519294324
2025-04-17,BLK,0.03229253134675985,0.030303030303030304,-0.0019895010437295454,-180.23262523611135
2025-04-17,BRK-B,0.03203838390526898,0.030303030303030304,-0.0017353536022386776,-157.20893257643212
2025-04-17,CAT,0.0,0.030303030303030304,0.030303030303030304,2745.2082628145836
2025-04-17,COP,0.033374606998627446,0.030303030303030304,-0.003071576695597142,-278.25988491252565
2025-04-17,COST,0.03344882460105328,0.030303030303030304,-0.0031457942980229747,-284.9833965015732
2025-04-17,CRM,0.031419618977461414,0.0,-0.031419618977461414,-2846.362121836628
2025-04-17,CSCO,0.031515776374408326,0.030303030303030304,-0.0012127460713780222,-109.86493768281476
2025-04-17,DE,0.03190489162497993,0.030303030303030304,-0.0016018613219496228,-145.1156169176735
2025-04-17,GS,0.033389450887439664,0.030303030303030304,-0.0030864205844093606,-279.60462059777257
2025-04-17,HD,0.03251303675399589,0.030303030303030304,-0.002210006450965585,-200.20862301212046
2025-04-17,HON,0.03208491059471104,0.030303030303030304,-0.0017818802916807347,-161.42387250225764
2025-04-17,JNJ,0.03362897185293369,0.030303030303030304,-0.0033259415499033856,-301.3032734062929
2025-04-17,KO,0.03311535371012504,0.030303030303030304,-0.0028123234070947384,-254.77364401049016
2025-04-17,LLY,0.037161357385227946,0.030303030303030304,-0.006858327082197642,-621.308693779422
2025-04-17,LMT,0.031664883863948654,0.030303030303030304,-0.0013618535609183496,-123.37286438982507
2025-04-17,MA,0.032884988241926295,0.030303030303030304,-0.0025819579388959915,-233.9044048472006
2025-04-17,MCD,0.032549531892014164,0.030303030303030304,-0.0022465015889838597,-203.51478590865125
2025-04-17,MRK,0.03192025317278247,0.030303030303030304,-0.0016172228697521676,-146.50724830026002
2025-04-17,MSFT,0.030678924513630572,0.030303030303030304,-0.000375894210600268,-34.052960465172696
2025-04-17,NKE,0.03321933267849243,0.030303030303030304,-0.0029163023754621292,-264.1932934734864
2025-04-17,ORCL,0.03148993495311166,0.030303030303030304,-0.0011869046500813593,-107.5239149350212
2025-04-17,PEP,0.03204643333205919,0.030303030303030304,-0.001743403029028888,-157.93814522330052
2025-04-17,PG,0.03312533413205044,0.030303030303030304,-0.0028223038290201355,-255.67778912277737
2025-04-17,QCOM,0.0,0.030303030303030304,0.030303030303030304,2745.2082628145836
2025-04-17,TMO,0.031615533702341526,0.030303030303030304,-0.0013125033993112226,-118.90214083312611
2025-04-17,UNH,0.024546003157496072,0.0,-0.024546003157496072,-2223.6683926720257
2025-04-17,UPS,0.0,0.030303030303030304,0.030303030303030304,2745.2082628145836
2025-04-17,V,0.03203479668491337,0.030303030303030304,-0.0017317663818830695,-156.8839595667273
2025-04-17,WFC,0.03354356227904567,0.030303030303030304,-0.0032405319760153636,-293.56586016358415
2025-04-17,WMT,0.03254980177572698,0.030303030303030304,-0.002246771472696675,-203.5392351795991
2025-04-25,ABBV,0.03173535529984266,0.028571428571428564,-0.003163926728414094,-294.2964227513193
2025-04-25,ABT,0.029026242816255845,0.028571428571428564,-0.0004548142448272813,-42.305090085352106
2025-04-25,ADBE,0.031106574225694322,0.028571428571428564,-0.0025351456542657587,-235.80960029941576
2025-04-25,AMGN,0.029883828664788968,0.028571428571428564,-0.0013124000933604045,-122.074461846992
2025-04-25,AMZN,0.03230608091720636,0.028571428571428564,-0.003734652345777797,-347.38314756522374
2025-04-25,BLK,0.03058115272303436,0.028571428571428564,-0.002009724151605795,-186.93689181322472
2025-04-25,BRK-B,0.030232036814241532,0.028571428571428564,-0.0016606082428129686,-154.46345867060435
2025-04-25,CAT,0.03087739393043411,0.028571428571428564,-0.0023059653590055476,-214.49212146703496
2025-04-25,COP,0.030414664252547678,0.028571428571428564,-0.0018432356811191146,-171.4507679237097
2025-04-25,COST,0.028991604651317192,0.028571428571428564,-0.00042017607988862823,-39.083179811461086
2025-04-25,CSCO,0.030008776972642502,0.028571428571428564,-0.0014373484012139386,-133.69667790524989
2025-04-25,DE,0.02997796254847945,0.028571428571428564,-0.0014065339770508861,-130.83043744560632
2025-04-25,GS,0.03155445042723649,0.028571428571428564,-0.0029830218558079234,-277.46934000374716
2025-04-25,HD,0.029715487387223505,0.028571428571428564,-0.001144058815794942,-106.41599689457023
2025-04-25,HON,0.02989027702611722,0.028571428571428564,-0.0013188484546886557,-122.6742638760559
2025-04-25,JNJ,0.028964556285021807,0.028571428571428564,-0.0003931277135932436,-36.56724372150331
2025-04-25,KO,0.02906550765295476,0.028571428571428564,-0.000494079081526197,-45.95735575782479
2025-04-25,LLY,0.03107207144597605,0.028571428571428564,-0.0025006428745474873,-232.60028304346474
2025-04-25,LMT,0.030368212340004728,0.028571428571428564,-0.0017967837685761642,-167.1299878093738
2025-04-25,MA,0.030427189578521644,0.028571428571428564,-0.0018557610070930805,-172.6158260759192
2025-04-25,MCD,0.030021695401173835,0.028571428571428564,-0.0014502668297452712,-134.89830096124444
2025-04-25,MRK,0.03129913593445082,0.028571428571428564,-0.0027277073630222574,-253.72095758117075
2025-04-25,MSFT,0.031437149664548206,0.028571428571428564,-0.002865721093119642,-266.5584694911212
2025-04-25,NKE,0.03049031540864257,0.028571428571428564,-0.001918886837214008,-178.4875505444275
2025-04-25,ORCL,0.03177030141534754,0.028571428571428564,-0.0031988728439189783,-297.54697741485825
2025-04-25,PEP,0.02755194879555404,0.028571428571428564,0.0010194797758745246,94.82812873406137
2025-04-25,PG,0.028017829668552905,0.028571428571428564,0.0005535989028756585,51.49366301444834
2025-04-25,QCOM,0.03207538129551943,0.028571428571428564,-0.003503952724090865,-325.92434677100357
2025-04-25,TMO,0.029281065162215552,0.028571428571428564,-0.0007096365907869884,-66.00769488322965
2025-04-25,TSLA,0.0,0.028571428571428564,0.028571428571428564,2657.6055462829813
2025-04-25,UNH,0.0,0.028571428571428564,0.028571428571428564,2657.6055462829813
2025-04-25,UPS,0.02995892834842115,0.028571428571428564,-0.0013874997769925852,-129.0599485980663
2025-04-25,V,0.030003798267952582,0.028571428571428564,-0.0014323696965240183,-133.2335777433466
2025-04-25,WFC,0.03179505892975363,0.028571428571428564,-0.0032236303583250657,-299.8498271807812
2025-04-25,WMT,0.030097965748326648,0.028571428571428564,-0.0015265371768980844,-141.992678377603
2025-05-02,ABBV,0.02988137340991543,0.02702702702702703,-0.002854346382888402,-270.7619025026518
2025-05-02,ABT,0.028876044612144873,0.02702702702702703,-0.0018490175851178445,-175.39690421200729
2025-05-02,ADBE,0.029014703957938818,0.02702702702702703,-0.0019876769309117893,-188.550061968898
2025-05-02,AMGN,0.028050837219271818,0.02702702702702703,-0.0010238101922447895,-97.11813433564033
2025-05-02,AMZN,0.028159677206968912,0.02702702702702703,-0.0011326501799418832,-107.44264236097992
2025-05-02,BLK,0.028676774540506694,0.02702702702702703,-0.001649747513479665,-156.4942426317422
2025-05-02,BRK-B,0.02847932449968665,0.02702702702702703,-0.0014522974726596215,-137.76422828514373
2025-05-02,CAT,0.029587951588830545,0.02702702702702703,-0.002560924561803516,-242.92805199697455
2025-05-02,COP,0.027918255651374128,0.02702702702702703,-0.0008912286243470992,-84.54151161880077
2025-05-02,COST,0.02894330829658967,0.02702702702702703,-0.0019162812695626419,-181.77750443586015
2025-05-02,CSCO,0.029307134944804702,0.02702702702702703,-0.0022801079177776733,-216.28992242494078
2025-05-02,DE,0.02937729590069063,0.02702702702702703,-0.0023502688736636024,-222.94535640133688
2025-05-02,GS,0.029104954586594227,0.02702702702702703,-0.0020779275595671984,-197.11119248315288
2025-05-02,HD,0.02855661687426395,0.02702702702702703,-0.0015295898472369208,-145.09614515233196
2025-05-02,HON,0.03011854963117527,0.02702702702702703,-0.003091522604148241,-293.2603229051958
2025-05-02,JNJ,0.02829201161392463,0.02702702702702703,-0.0012649845868976002,-119.9958195116912
2025-05-02,KO,0.02791165266560547,0.02702702702702703,-0.0008846256385784401,-83.91515561672686
2025-05-02,LLY,0.026083635535083208,0.02702702702702703,0.0009433914919438208,89.48965573864302
2025-05-02,LMT,0.027729076208007773,0.02702702702702703,-0.000702049180980744,-66.59604210348802
2025-05-02,MA,0.029373467717491428,0.02702702702702703,-0.002346440690464399,-222.5822168145093
2025-05-02,MCD,0.027590186529266175,0.02702702702702703,-0.0005631595022391467,-53.421035075783735
2025-05-02,MRK,0.028161906038405883,0.02702702702702703,-0.0011348790113788546,-107.65406822150263
2025-05-02,MS,0.0,0.02702702702702703,0.02702702702702703,2563.7705713289174
2025-05-02,MSFT,0.03111770282891044,0.02702702702702703,-0.004090675801883412,-388.0395067954925
2025-05-02,NKE,0.028484518653326553,0.02702702702702703,-0.0014574916262995244,-138.25694316020665
2025-05-02,NVDA,0.0,0.02702702702702703,0.02702702702702703,2563.7705713289174
2025-05-02,ORCL,0.03048876722194071,0.02702702702702703,-0.0034617401949136803,-328.3789825803266
2025-05-02,PEP,0.02809064069277513,0.02702702702702703,-0.0010636136657481005,-100.89387237380531
2025-05-02,PG,0.027925949799716073,0.02702702702702703,-0.0008989227726890446,-85.27137476914996
2025-05-02,QCOM,0.02636301451284622,0.02702702702702703,0.0006640125141808076,62.98790248548256
2025-05-02,TMO,0.02796737611189784,0.02702702702702703,-0.0009403490848708118,-89.20105449101104
2025-05-02,TSLA,0.028235111065870892,0.02702702702702703,-0.0012080840388438638,-114.59826133976291
2025-05-02,UNH,0.0267603057595979,0.02702702702702703,0.00026672126742912847,25.30104903874694
2025-05-02,UPS,0.027580911449330243,0.02702702702702703,-0.0005538844223032142,-52.54120552728446
2025-05-02,V,0.029051814386736884,0.02702702702702703,-0.0020247873597098558,-192.07033910284756
2025-05-02,WFC,0.029647997906862813,0.02702702702702703,-0.0026209708798357843,-248.62401637122264
2025-05-02,WMT,0.029091150381647425,0.02702702702702703,-0.0020641233546203966,-195.80173235023435
2025-05-09,ABBV,0.02541891789954042,0.02777777777777777,0.0023588598782373488,221.2648638679726
2025-05-09,ABT,0.027415199484533623,0.02777777777777777,0.00036257829324414653,34.01042912141795
2025-05-09,ADBE,0.027501707680750723,0.02777777777777777,0.0002760700970270459,25.895820688744173
2025-05-09,AMGN,0.025836105630322855,0.02777777777777777,0.0019416721474549148,182.13198136375988
2025-05-09,AMZN,0.027771842157730566,0.02777777777777777,5.935620047203133e-06,0.5567707407435336
2025-05-09,BLK,0.02715937276700649,0.02777777777777777,0.0006184050107712787,58.007388139487915
2025-05-09,BRK-B,0.026009426018456027,0.02777777777777777,0.0017683517593217422,165.87424921118824
2025-05-09,CAT,0.02749257618279609,0.02777777777777777,0.0002852015949816808,26.75236993547296
2025-05-09,COP,0.026485686278998465,0.02777777777777777,0.0012920914987793047,121.2002680701837
2025-05-09,COST,0.027323092763029615,0.02777777777777777,0.0004546850147481539,42.65018826223573
2025-05-09,CSCO,0.02753145379416037,0.02777777777777777,0.000246323983617399,23.105587239564056
2025-05-09,DE,0.027948920962339426,0.02777777777777777,-0.00017114318456165623,-16.05350694347428
2025-05-09,GS,0.027377056416270442,0.02777777777777777,0.00040072136150732726,37.58831048886315
2025-05-09,HD,0.027193084817698835,0.02777777777777777,0.0005846929600789343,54.84514337201758
2025-05-09,HON,0.027188395497399633,0.02777777777777777,0.0005893822803781368,55.28500918482359
2025-05-09,JNJ,0.026996190109596252,0.02777777777777777,0.0007815876681815173,73.31418478756649
2025-05-09,KO,0.02689777139324534,0.02777777777777777,0.0008800063845324294,82.546019232823
2025-05-09,LLY,0.024373983705125068,0.0,-0.024373983705125068,-2286.3190120748773
2025-05-09,LMT,0.02737039890581422,0.02777777777777777,0.0004073788719635499,38.212795715131215
2025-05-09,MA,0.0277806836601713,0.02777777777777777,-2.9058823935307343e-06,-0.2725764587175791
2025-05-09,MCD,0.027479458360308358,0.02777777777777777,0.0002983194174694115,27.98284285748512
2025-05-09,MRK,0.02495993404020825,0.02777777777777777,0.0028178437375695198,264.3182906906873
2025-05-09,MS,0.02766521811633067,0.02777777777777777,0.00011255966144710014,10.558277919300682
2025-05-09,MSFT,0.0275453856450026,0.02777777777777777,0.00023239213277517073,21.79875714402738
2025-05-09,NKE,0.027193514075317442,0.02777777777777777,0.0005842637024603275,54.804878314554195
2025-05-09,NVDA,0.02784194570662804,0.02777777777777777,-6.41679288502714e-05,-6.019055295626354
2025-05-09,ORCL,0.027258071800058983,0.02777777777777777,0.0005197059777187867,48.74925953518141
2025-05-09,PEP,0.02665245736376071,0.02777777777777777,0.0011253204140170593,105.55687114462904
2025-05-09,PG,0.026841864276817163,0.02777777777777777,0.0009359135009606064,87.79019698999234
2025-05-09,QCOM,0.02837845586689185,0.02777777777777777,-0.000600678089114081,-56.344574276118884
2025-05-09,TMO,0.026011218158911827,0.02777777777777777,0.001766559618865942,165.7061435438515
2025-05-09,TSLA,0.02838021943944157,0.02777777777777777,-0.0006024416616638023,-56.510000227755725
2025-05-09,UNH,0.0260112694512448,0.02777777777777777,0.0017665083265329708,165.70133224023104
2025-05-09,UPS,0.027184202804003212,0.02777777777777777,0.000593574973774557,55.67829059257397
2025-05-09,V,0.02771716901250462,0.02777777777777777,6.0608765273150594e-05,5.68520000746742
2025-05-09,WFC,0.026976048767775197,0.02777777777777777,0.0008017290100025727,75.2034751592711
2025-05-09,WMT,0.026831700989808815,0.02777777777777777,0.0009460767879689545,88.7435297153061
2025-05-16,ABBV,0.026624678251235455,0.02777777777777777,0.0011530995265423144,112.48669569686005
2025-05-16,ABT,0.027021306434644402,0.02777777777777777,0.0007564713431333671,73.79498457830255
2025-05-16,ADBE,0.029067407252545346,0.02777777777777777,-0.0012896294747675764,-125.80540963786306
2025-05-16,AMGN,0.0276084648342698,0.02777777777777777,0.000169312943507971,16.516747354003787
2025-05-16,AMZN,0.02844203744085418,0.02777777777777777,-0.0006642596630764101,-64.799588295931
2025-05-16,BLK,0.02862531537252188,0.02777777777777777,-0.0008475375947441105,-82.67864249108332
2025-05-16,BRK-B,0.026738227540295506,0.02777777777777777,0.0010395502374822632,101.40978166551596
2025-05-16,CAT,0.029001978286900782,0.02777777777777777,-0.0012242005091230128,-119.422709811171
2025-05-16,COP,0.027866299182772267,0.02777777777777777,-8.85214049944974e-05,-8.635404071436096
2025-05-16,COST,0.027178601140579215,0.02777777777777777,0.0005991766371985542,58.45063544456185
2025-05-16,CSCO,0.028428988517589286,0.02777777777777777,-0.0006512107398115169,-63.52664504456122
2025-05-16,DE,0.02881665236582275,0.02777777777777777,-0.0010388745880449794,-101.34387098660224
2025-05-16,GS,0.029154329564635886,0.02777777777777777,-0.001376551786858117,-134.28481964916998
2025-05-16,HD,0.028039197991165457,0.02777777777777777,-0.0002614202133876878,-25.501958257260593
2025-05-16,HON,0.028086309904110582,0.02777777777777777,-0.0003085321263328125,-30.097800414135104
2025-05-16,JNJ,0.026208089708008392,0.02777777777777777,0.0015696880697693774,153.1255717124433
2025-05-16,KO,0.027269128062636986,0.02777777777777777,0.0005086497151407833,49.619589988823236
2025-05-16,LMT,0.026415293697940604,0.02777777777777777,0.0013624840798371653,132.91249241947847
2025-05-16,MA,0.02739622583155705,0.02777777777777777,0.00038155194622072064,37.22100016446406
2025-05-16,MCD,0.027128363297357287,0.02777777777777777,0.0006494144804204821,63.35141707953218
2025-05-16,MRK,0.026740232809657764,0.02777777777777777,0.0010375449681200057,101.21416444484215
2025-05-16,MS,0.029008557593658856,0.02777777777777777,-0.0012307798158810862,-120.06453166622883
2025-05-16,MSFT,0.027705393244645642,0.02777777777777777,7.238453313212698e-05,7.061226515293396
2025-05-16,NKE,0.028912166548121298,0.02777777777777777,-0.0011343887703435286,-110.6614316235132
2025-05-16,NVDA,0.031001656185413406,0.02777777777777777,-0.0032238784076356365,-314.49447428949225
2025-05-16,ORCL,0.028511786175142276,0.02777777777777777,-0.0007340083973645072,-71.60368843517288
2025-05-16,PEP,0.027023920382655553,0.02777777777777777,0.0007538573951222163,73.5399897858067
2025-05-16,PG,0.02766065509638053,0.02777777777777777,0.000117122681397238,11.425504146235497
2025-05-16,QCOM,0.02805524625218553,0.02777777777777777,-0.00027746847440775907,-27.067491684580318
2025-05-16,TMO,0.027300234519958423,0.02777777777777777,0.00047754325781934615,46.5851055246624
2025-05-16,TSLA,0.03134001745778479,0.02777777777777777,-0.0035622396800070177,-347.5021554173929
2025-05-16,UNH,0.02048262210038729,0.02777777777777777,0.007295155677390478,711.6540574815078
2025-05-16,UPS,0.028221028772239098,0.02777777777777777,-0.00044325099446132846,-43.23984060665763
2025-05-16,V,0.027707600887841865,0.02777777777777777,7.01768899359044e-05,6.845867404735631
2025-05-16,WFC,0.028083654838827046,0.02777777777777777,-0.0003058770610492763,-29.838794566218404
2025-05-16,WMT,0.027128332457657167,0.02777777777777777,0.0006494453201206021,63.3544255414064
2025-05-23,ABBV,0.028297271852045502,0.02631578947368421,-0.0019814823783612934,-188.95740704243426
2025-05-23,ABT,0.027676851902500334,0.02631578947368421,-0.0013610624288161247,-129.79314385054766
2025-05-23,ADBE,0.027771579402969853,0.02631578947368421,-0.001455789929285644,-138.8265135437641
2025-05-23,AMGN,0.028336395795598473,0.02631578947368421,-0.002020606321914264,-192.68833041968767
2025-05-23,AMZN,0.027778860796346328,0.02631578947368421,-0.001463071322662119,-139.5208791495852
2025-05-23,BLK,0.027652949701234577,0.02631578947368421,-0.0013371602275503679,-127.51379076464286
2025-05-23,BRK-B,0.027815184548703006,0.02631578947368421,-0.0014993950750187973,-142.9847717051404
2025-05-23,CAT,0.02759573378677709,0.02631578947368421,-0.0012799443130928796,-122.05758739109088
2025-05-23,COP,0.026411809437765492,0.02631578947368421,-9.601996408128283e-05,-9.156621141446582
2025-05-23,COST,0.027934601832150862,0.02631578947368421,-0.001618812358466653,-154.37259956713706
2025-05-23,CSCO,0.028186843596441944,0.02631578947368421,-0.001871054122757735,-178.42678760774407
2025-05-23,DE,0.027269446793200695,0.02631578947368421,-0.0009536573195164863,-90.94232493346787
2025-05-23,GS,0.027474098417461942,0.02631578947368421,-0.0011583089437777333,-110.45823922557912
2025-05-23,HD,0.027066205960708342,0.02631578947368421,-0.0007504164870241331,-71.56094605657815
2025-05-23,HON,0.028306260495289434,0.02631578947368421,-0.001990471021605225,-189.81457879361957
2025-05-23,JNJ,0.0287169266234282,0.02631578947368421,-0.0024011371497439926,-228.97637381166675
2025-05-23,JPM,0.0,0.02631578947368421,0.02631578947368421,2509.5168130308157
2025-05-23,KO,0.02832385524311785,0.02631578947368421,-0.0020080657694336417,-191.49244278248463
2025-05-23,LLY,0.0,0.02631578947368421,0.02631578947368421,2509.5168130308157
2025-05-23,LMT,0.028448601851917867,0.02631578947368421,-0.0021328123782336575,-203.3884838442689
2025-05-23,MA,0.02745493453594048,0.02631578947368421,-0.0011391450622562707,-108.63074007609957
2025-05-23,MCD,0.02805432872932893,0.02631578947368421,-0.0017385392556447214,-165.7899527018713
2025-05-23,MRK,0.028982472901598017,0.02631578947368421,-0.002666683427913808,-254.29930210045333
2025-05-23,MS,0.02710116889194686,0.02631578947368421,-0.0007853794182626495,-74.89506848006224
2025-05-23,MSFT,0.028158795033088144,0.02631578947368421,-0.0018430055594039346,-175.75203063767063
2025-05-23,NKE,0.027023382322676898,0.02631578947368421,-0.0007075928489926886,-67.47721375044603
2025-05-23,NVDA,0.02755211233889848,0.02631578947368421,-0.0012363228652142698,-117.89777463040636
2025-05-23,ORCL,0.027614367904148594,0.02631578947368421,-0.0012985784304643845,-123.83456736300255
2025-05-23,PEP,0.02784624765360755,0.02631578947368421,-0.001530458179923342,-145.94700029801038
2025-05-23,PG,0.02886360769543135,0.02631578947368421,-0.002547818221747142,-242.96412123278765
2025-05-23,QCOM,0.02708798876676832,0.02631578947368421,-0.0007721992930841103,-73.63819014219324
2025-05-23,TMO,0.02714580868909443,0.02631578947368421,-0.0008300192154102222,-79.15199269600276
2025-05-23,TSLA,0.027550771102741567,0.02631578947368421,-0.0012349816290573579,-117.76987215233778
2025-05-23,UNH,0.0287708908685475,0.02631578947368421,-0.0024551013948632926,-234.12249266798392
2025-05-23,UPS,0.027186028621774293,0.02631578947368421,-0.0008702391480900837,-82.9874313926078
2025-05-23,V,0.027513440757866603,0.02631578947368421,-0.0011976512841823939,-114.20998928453926
2025-05-23,WFC,0.02716510092534734,0.02631578947368421,-0.0008493114516631324,-80.9917319630331
2025-05-23,WMT,0.027865074223536634,0.02631578947368421,-0.0015492847498524247,-147.74233286122225
2025-05-30,ABBV,0.026232314704483135,0.02499999999999999,-0.0012323147044831437,-119.71027398751012
2025-05-30,ABT,0.02627915056986477,0.02499999999999999,-0.00127915056986478,-124.26003246793775
2025-05-30,ADBE,0.026299458305973644,0.02499999999999999,-0.0012994583059736525,-126.23277907626357
2025-05-30,AMGN,0.02740139724551671,0.02499999999999999,-0.0024013972455167176,-233.2780102094372
2025-05-30,AMZN,0.026347242571854532,0.02499999999999999,-0.0013472425718545414,-130.87466766209556
2025-05-30,BLK,0.026278735228903446,0.02499999999999999,-0.0012787352289034548,-124.21968516047025
2025-05-30,BRK-B,0.02585625925835219,0.02499999999999999,-0.0008562592583521988,-83.179264232407
2025-05-30,CAT,0.026179639985557075,0.02499999999999999,-0.0011796399855570835,-114.59331400000558
2025-05-30,COP,0.02587911469509215,0.02499999999999999,-0.0008791146950921577,-85.39950114452938
2025-05-30,COST,0.026642020548950436,0.02499999999999999,-0.001642020548950445,-159.51017146259193
2025-05-30,CSCO,0.025801956097926723,0.02499999999999999,-0.0008019560979267322,-77.90411317783378
2025-05-30,DE,0.025638166782975366,0.02499999999999999,-0.0006381667829753745,-61.99319066938471
2025-05-30,EOG,0.0,0.02499999999999999,0.02499999999999999,2428.565397134469
2025-05-30,GS,0.026042202550514315,0.02499999999999999,-0.0010422025505143241,-101.24228203937508
2025-05-30,HD,0.026227991379254783,0.02499999999999999,-0.001227991379254792,-119.29029486550479
2025-05-30,HON,0.02637041587088709,0.02499999999999999,-0.0013704158708870984,-133.12578254881228
2025-05-30,JNJ,0.026438725943174642,0.02499999999999999,-0.0014387259431746513,-139.7616016621445
2025-05-30,JPM,0.026156573057726364,0.02499999999999999,-0.0011565730577263733,-112.35253229009113
2025-05-30,KO,0.0259493742533666,0.02499999999999999,-0.0009493742533666083,-92.22469842626073
2025-05-30,LLY,0.026697766118902462,0.02499999999999999,-0.001697766118902471,-164.9254419517531
2025-05-30,LMT,0.02657432409702276,0.02499999999999999,-0.0015743240970227702,-152.9339610361788
2025-05-30,MA,0.02683984793205864,0.02499999999999999,-0.0018398479320586476,-178.72764095148173
2025-05-30,MCD,0.02577148021891233,0.02499999999999999,-0.0007714802189123376,-74.94360656896917
2025-05-30,MRK,0.02558422018011866,0.02499999999999999,-0.0005842201801186699,-56.75267654975477
2025-05-30,MS,0.02623219048050359,0.02499999999999999,-0.0012321904805035998,-119.69820654518153
2025-05-30,MSFT,0.026414716382239318,0.02499999999999999,-0.0014147163822393269,-137.42925010662768
2025-05-30,NKE,0.02607591907608473,0.02499999999999999,-0.0010759190760847373,-104.51759353185129
2025-05-30,NVDA,0.02658611423837206,0.02499999999999999,-0.0015861142383720682,-154.07928620850797
2025-05-30,ORCL,0.027413862504643654,0.02499999999999999,-0.002413862504643663,-234.48891808871775
2025-05-30,PEP,0.026251993833706536,0.02499999999999999,-0.0012519938337065446,-121.6219560786177
2025-05-30,PG,0.02645822622381776,0.02499999999999999,-0.0014582262238177698,-141.65590993431604
2025-05-30,QCOM,0.02579862672810181,0.02499999999999999,-0.0007986267281018186,-77.58068948379183
2025-05-30,TMO,0.026431653686015452,0.02499999999999999,-0.0014316536860154612,-139.07458410148666
2025-05-30,TSLA,0.026372581157247284,0.02499999999999999,-0.0013725811572472928,-133.3361241299825
2025-05-30,UNH,0.026384674320755478,0.02499999999999999,-0.001384674320755487,-134.5108856674981
2025-05-30,UPS,0.026418337700139065,0.02499999999999999,-0.0014183377001390739,-137.78103440036165
2025-05-30,V,0.02668178686164547,0.02499999999999999,-0.0016817868616454783,-163.3731751019034
2025-05-30,WFC,0.026522207098784716,0.02499999999999999,-0.0015222070987847246,-147.87117949524136
2025-05-30,WMT,0.026468732110554106,0.02499999999999999,-0.0014687321105541148,-142.6764792540801
2025-05-30,XOM,0.0,0.02499999999999999,0.02499999999999999,2428.565397134469
2025-06-06,ABBV,0.025245661565464695,0.024390243902439015,-0.0008554176630256802,-83.92531623508933
2025-06-06,ABT,0.024750934353699284,0.024390243902439015,-0.00036069045126026905,-35.38746216429996
2025-06-06,ADBE,0.024860054383708387,0.024390243902439015,-0.00046981048126937264,-46.09326521459486
2025-06-06,AMGN,0.02493559156662997,0.024390243902439015,-0.0005453476641909538,-53.50424377888851
2025-06-06,AMZN,0.025784387946142562,0.024390243902439015,-0.0013941440437035477,-136.77994364908724
2025-06-06,BLK,0.025114612195388516,0.024390243902439015,-0.000724368292949501,-71.06801821396766
2025-06-06,BRK-B,0.02423868721423397,0.024390243902439015,0.00015155668820504564,14.86927793864065
2025-06-06,CAT,0.025129273742850587,0.024390243902439015,-0.0007390298404115724,-72.50646759423627
2025-06-06,COP,0.025293225828760917,0.024390243902439015,-0.0009029819263219017,-88.59186219405979
2025-06-06,COST,0.024150354456816375,0.024390243902439015,0.00023988944562263956,23.535634644401643
2025-06-06,CSCO,0.025936652787543184,0.024390243902439015,-0.0015464088851041696,-151.71869873725436
2025-06-06,DE,0.025422191704737473,0.024390243902439015,-0.0010319478022984586,-101.24474790439719
2025-06-06,EOG,0.026000222637011215,0.024390243902439015,-0.0016099787345721997,-157.95555816888069
2025-06-06,GS,0.02530946955211943,0.024390243902439015,-0.0009192256496804163,-90.18553938664509
2025-06-06,HD,0.024839828515921786,0.024390243902439015,-0.00044958461348277093,-44.108898485346366
2025-06-06,HON,0.02498133275564812,0.024390243902439015,-0.0005910888532091041,-57.99192730384515
2025-06-06,JNJ,0.024722231312314866,0.024390243902439015,-0.0003319874098758509,-32.571397066256935
2025-06-06,JPM,0.024913128529457665,0.024390243902439015,-0.00052288462701865,-51.3003876045631
2025-06-06,KO,0.024493471681908803,0.024390243902439015,-0.0001032277794697882,-10.12771235703132
2025-06-06,LLY,0.02583167421136044,0.024390243902439015,-0.0014414303089214237,-141.41921512256792
2025-06-06,LMT,0.024885772064938732,0.024390243902439015,-0.0004955281624997171,-48.61643561822619
2025-06-06,MA,0.024941980039420043,0.024390243902439015,-0.0005517361369810278,-54.131019005004134
2025-06-06,MCD,0.024376594074468412,0.024390243902439015,1.3649827970602796e-05,1.3391892387812625
2025-06-06,MRK,0.025437029628204114,0.024390243902439015,-0.0010467857257650988,-102.70050159412718
2025-06-06,MS,0.02548362267181521,0.024390243902439015,-0.0010933787693761937,-107.27176086130817
2025-06-06,MSFT,0.02528965520683459,0.024390243902439015,-0.000899411304395574,-88.24154726922755
2025-06-06,NKE,0.025824199146639124,0.024390243902439015,-0.0014339552442001087,-140.68583399457583
2025-06-06,NVDA,0.025957981756424362,0.024390243902439015,-0.0015677378539853473,-153.81129108797776
2025-06-06,ORCL,0.026020407109273395,0.024390243902439015,-0.00163016320683438,-159.93586356922756
2025-06-06,PEP,0.02475221004267817,0.024390243902439015,-0.0003619661402391554,-35.51262044147648
2025-06-06,PG,0.023895749263451237,0.024390243902439015,0.0004944946389877775,48.515036276915964
2025-06-06,QCOM,0.025592413093276475,0.024390243902439015,-0.0012021691908374599,-117.94522590549596
2025-06-06,RTX,0.0,0.024390243902439015,0.024390243902439015,2392.935078430456
2025-06-06,TMO,0.0246944037706725,0.024390243902439015,-0.00030415986823348687,-29.84122754401455
2025-06-06,TSLA,0.02108466001235379,0.024390243902439015,0.003305583890085225,324.31195345646125
2025-06-06,UNH,0.024858332944257183,0.024390243902439015,-0.0004680890418181684,-45.92437420781945
2025-06-06,UPS,0.024931099020515244,0.024390243902439015,-0.0005408551180762292,-53.06347856012347
2025-06-06,V,0.0250918427993041,0.024390243902439015,-0.0007015988968650869,-68.83410506315973
2025-06-06,WFC,0.025263964683388183,0.024390243902439015,-0.0008737207809491679,-85.72104132496361
2025-06-06,WMT,0.02443753515567376,0.024390243902439015,-4.729125323474359e-05,-4.639760849502586
2025-06-06,XOM,0.025227560574692855,0.024390243902439015,-0.0008373166722538405,-82.1494219084258
2025-06-13,ABBV,0.024281826519818764,0.024390243902439015,0.000108417382620251,10.75409835434936
2025-06-13,ABT,0.024491378771538137,0.024390243902439015,-0.00010113486909912178,-10.031733870164938
2025-06-13,ADBE,0.02266259496898417,0.024390243902439015,0.0017276489334548464,171.36833691362153
2025-06-13,AMGN,0.02452928590476303,0.024390243902439015,-0.00013904200232401492,-13.79180471101717
2025-06-13,AMZN,0.023956943607362804,0.024390243902439015,0.00043330029507621104,42.979768350797556
2025-06-13,BLK,0.023702742856971777,0.024390243902439015,0.0006875010454672377,68.19435853353355
2025-06-13,BRK-B,0.023830200518097262,0.024390243902439015,0.0005600433843417525,55.55162366361085
2025-06-13,CAT,0.024375579914648185,0.024390243902439015,1.4663987790829863e-05,1.454545047650934
2025-06-13,COP,0.02681683026048438,0.024390243902439015,-0.0024265863580453656,-240.697088686846
2025-06-13,COST,0.023535203117320633,0.024390243902439015,0.0008550407851183814,84.81290064297885
2025-06-13,CRM,0.0,0.024390243902439015,0.024390243902439015,2419.3083754117993
2025-06-13,CSCO,0.023403601381467208,0.024390243902439015,0.0009866425209718067,97.8666930955047
2025-06-13,DE,0.023640508806822908,0.024390243902439015,0.0007497350956161067,74.36745624273277
2025-06-13,EOG,0.02649826582544152,0.024390243902439015,-0.002108021923002506,-209.09815884873774
2025-06-13,GS,0.02410491160883377,0.024390243902439015,0.00028533229360524354,28.302579115479606
2025-06-13,HD,0.023290931876272007,0.024390243902439015,0.0010993120261670077,109.04256647596708
2025-06-13,HON,0.023649548387277904,0.024390243902439015,0.0007406955151611112,73.47080540182861
2025-06-13,JNJ,0.02444507569625668,0.024390243902439015,-5.483179381766609e-05,-5.4388557388992345
2025-06-13,JPM,0.024052176402564962,0.024390243902439015,0.0003380674998740528,33.53347088989277
2025-06-13,KO,0.024182128571708896,0.024390243902439015,0.00020811533073011868,20.64330167016589
2025-06-13,LLY,0.025673360156670436,0.024390243902439015,-0.0012831162542314214,-127.27440992005289
2025-06-13,LMT,0.02436136440266385,0.024390243902439015,2.8879499775164713e-05,2.864605043034127
2025-06-13,MA,0.02297471721608042,0.0,-0.02297471721608042,-2278.8999571268228
2025-06-13,MCD,0.023695243031680604,0.024390243902439015,0.000695000870758411,68.93827852931703
2025-06-13,MRK,0.024959972543951697,0.024390243902439015,-0.0005697286415126818,-56.512320239068345
2025-06-13,MS,0.02369659431245112,0.024390243902439015,0.0006936495899878964,68.80424276900584
2025-06-13,MSFT,0.024357862140941988,0.024390243902439015,3.238176149702662e-05,3.2120001388140986
2025-06-13,NKE,0.02325102273769087,0.024390243902439015,0.001139221164748145,113.00121951818451
2025-06-13,NVDA,0.024167213337222535,0.024390243902439015,0.00022303056521648032,22.122768290443403
2025-06-13,ORCL,0.02983419963608396,0.024390243902439015,-0.005443955733644944,-539.9949157729105
2025-06-13,PEP,0.024275110239322537,0.024390243902439015,0.0001151336631164783,11.420297254251002
2025-06-13,PG,0.023572926428788846,0.024390243902439015,0.0008173174736501691,81.07106338426297
2025-06-13,QCOM,0.02500876002970412,0.024390243902439015,-0.0006185161272651042,-61.35163112780924
2025-06-13,RTX,0.025265833231348865,0.024390243902439015,-0.0008755893289098503,-86.85114447096474
2025-06-13,TMO,0.024199657053778023,0.024390243902439015,0.0001905868486609917,18.904622727564018
2025-06-13,TSLA,0.02658889616508042,0.024390243902439015,-0.002198652262641404,-218.0879311786846
2025-06-13,UNH,0.02494320487015814,0.024390243902439015,-0.0005529609677191252,-54.849107119626446
2025-06-13,UPS,0.024552652430135963,0.024390243902439015,-0.00016240852769694794,-16.109568763116545
2025-06-13,V,0.022991181447608488,0.024390243902439015,0.001399062454830527,138.7753041025232
2025-06-13,WFC,0.022868318035269827,0.024390243902439015,0.0015219258671691875,150.96232788512958
2025-06-13,WMT,0.023373086144679752,0.024390243902439015,0.0010171577577592628,100.89354958094493
2025-06-13,XOM,0.025939089412052266,0.024390243902439015,-0.001548845509613251,-153.63253145867816
2025-06-20,ABBV,0.02384915345395494,0.02380952380952379,-3.962964443115016e-05,-3.8981899943934053
2025-06-20,ABT,0.024116155995840986,0.02380952380952379,-0.00030663218631719544,-30.162029910142557
2025-06-20,ADBE,0.023666309951145287,0.02380952380952379,0.00014321385837850337,14.087303527526332
2025-06-20,AMGN,0.02410240219466431,0.02380952380952379,-0.00029287838514052006,-28.809130309316235
2025-06-20,AMZN,0.024313628795026833,0.02380952380952379,-0.000504104985503042,-49.58654156046785
2025-06-20,BLK,0.024659371105326476,0.02380952380952379,-0.0008498472958026852,-83.59565857361822
2025-06-20,BRK-B,0.02445737727508692,0.02380952380952379,-0.00064785346556313,-63.726433419781
2025-06-20,CAT,0.02483207528701927,0.02380952380952379,-0.0010225514774954807,-100.58379265174214
2025-06-20,COP,0.024017307345498715,0.02380952380952379,-0.00020778353597492374,-20.43873248331393
2025-06-20,COST,0.02434669117872757,0.02380952380952379,-0.0005371673692037802,-52.838739635495415
2025-06-20,CRM,0.02484464787273513,0.02380952380952379,-0.0010351240632113408,-101.82050139704434
2025-06-20,CSCO,0.02544878467868726,0.02380952380952379,-0.0016392608691634704,-161.24672350960626
2025-06-20,DE,0.0251620622928536,0.02380952380952379,-0.0013525384833298106,-133.04313118196902
2025-06-20,EOG,0.024600921495695285,0.02380952380952379,-0.0007913976861714939,-77.84623319493845
2025-06-20,GS,0.025685752279777447,0.02380952380952379,-0.001876228470253656,-184.55616130105605
2025-06-20,HD,0.02424357959879387,0.02380952380952379,-0.000434055789270079,-42.69611698587846
2025-06-20,HON,0.024320044223400332,0.02380952380952379,-0.0005105204138765411,-50.217598413343985
2025-06-20,JNJ,0.023448732768923054,0.02380952380952379,0.00036079104060073725,35.48939297146654
2025-06-20,JPM,0.025525919370768417,0.02380952380952379,-0.0017163955612446262,-168.83411646272165
2025-06-20,KO,0.023838175105160602,0.02380952380952379,-2.8651295636811236e-05,-2.8182991692460027
2025-06-20,LLY,0.02289331836389217,0.02380952380952379,0.0009162054456316217,90.12301150404953
2025-06-20,LMT,0.023789729861121767,0.02380952380952379,1.979394840202417e-05,1.9470417339818291
2025-06-20,MA,0.0,0.02380952380952379,0.02380952380952379,2342.0358375106284
2025-06-20,MCD,0.023415995642579474,0.02380952380952379,0.00039352816694431664,38.70959694224514
2025-06-20,MRK,0.02403371802293842,0.02380952380952379,-0.0002241942134146302,-22.05297705994196
2025-06-20,MS,0.025204620274429084,0.02380952380952379,-0.0013950964649052933,-137.2293685388887
2025-06-20,MSFT,0.024719410432941537,0.02380952380952379,-0.0009098866234177466,-89.50145736486787
2025-06-20,NKE,0.024292408805325516,0.02380952380952379,-0.0004828849958017252,-47.49922655368005
2025-06-20,NVDA,0.024918735984813895,0.02380952380952379,-0.0011092121752901037,-109.10821596916693
2025-06-20,ORCL,0.023444661026531075,0.02380952380952379,0.0003648627829927163,35.88991196879785
2025-06-20,PEP,0.024258520511730965,0.02380952380952379,-0.00044899670220717447,-44.165787434718226
2025-06-20,PG,0.024408945520131023,0.02380952380952379,-0.0005994217106072321,-58.96241937701067
2025-06-20,QCOM,0.024052634034543125,0.02380952380952379,-0.00024311022501933427,-23.913660097343282
2025-06-20,RTX,0.024753434486091085,0.02380952380952379,-0.0009439106765672944,-92.84825054103939
2025-06-20,TMO,0.02429509016035143,0.02380952380952379,-0.00048556635082763755,-47.76297939535864
2025-06-20,TSLA,0.024354933566695606,0.02380952380952379,-0.000545409757171815,-53.64950629182318
2025-06-20,UNH,0.023857612950358875,0.02380952380952379,-4.808914083508434e-05,-4.730312631696263
2025-06-20,UPS,0.02441354175905742,0.02380952380952379,-0.0006040179495336306,-59.414530740912916
2025-06-20,V,0.023597777045166145,0.02380952380952379,0.0002117467643576454,20.828577445306014
2025-06-20,WFC,0.025626280859512914,0.02380952380952379,-0.0018167570499891227,-178.70622500323393
2025-06-20,WMT,0.025030556160666823,0.02380952380952379,-0.0012210323511430317,-120.10746405574747
2025-06-20,XOM,0.025158982262035074,0.02380952380952379,-0.0013494584525112832,-132.74016239454863
2025-06-27,ABBV,0.02284677446934811,0.02380952380952379,0.0009627493401756816,97.09439750616507
2025-06-27,ABT,0.023464187041183877,0.02380952380952379,0.00034533676833991417,34.827617178705616
2025-06-27,ADBE,0.02377040602242795,0.02380952380952379,3.91177870958416e-05,3.9450746018191
2025-06-27,AMGN,0.02224231541356806,0.02380952380952379,0.0015672083959557305,158.0548005820058
2025-06-27,AMZN,0.024728673718197123,0.02380952380952379,-0.0009191499086733321,-92.69734382180786
2025-06-27,BLK,0.02497016505234626,0.02380952380952379,-0.0011606412428224674,-117.05202744889985
2025-06-27,BRK-B,0.023261227454561124,0.02380952380952379,0.0005482963549626671,55.29632898030554
2025-06-27,CAT,0.024779581515596165,0.02380952380952379,-0.000970057706072374,-97.83145475864208
2025-06-27,COP,0.02211300213218545,0.02380952380952379,0.0016965216773383411,171.09619632380776
2025-06-27,COST,0.02333636724721793,0.02380952380952379,0.0004731565623058605,47.7183929669508
2025-06-27,CRM,0.024361034651333276,0.02380952380952379,-0.0005515108418094848,-55.62051374019985
2025-06-27,CSCO,0.024037309272454562,0.02380952380952379,-0.0002277854629307713,-22.97243047696122
2025-06-27,DE,0.022863386906643645,0.02380952380952379,0.0009461369028801458,95.41901376606855
2025-06-27,EOG,0.02238393082112201,0.02380952380952379,0.0014255929884017804,143.77272102064074
2025-06-27,GS,0.025033752495572503,0.02380952380952379,-0.0012242286860487117,-123.46489550434099
2025-06-27,HD,0.024491412281217845,0.02380952380952379,-0.0006818884716940539,-68.76925027385877
2025-06-27,HON,0.02395957913604468,0.02380952380952379,-0.00015005532652088982,-15.133255265049607
2025-06-27,JNJ,0.023627645055392586,0.02380952380952379,0.0001818787541312053,18.34268517734724
2025-06-27,JPM,0.024244063651743898,0.02380952380952379,-0.0004345398422201073,-43.823851559416596
2025-06-27,KO,0.023724089016704468,0.02380952380952379,8.54347928193229e-05,8.616198826313905
2025-06-27,LLY,0.023608741967087583,0.02380952380952379,0.00020078184243620817,20.249083752125973
2025-06-27,LMT,0.02263077304762724,0.02380952380952379,0.001178750761896552,118.87839363815507
2025-06-27,MA,0.023977413941699974,0.02380952380952379,-0.0001678901321761836,-16.93191628456721
2025-06-27,MCD,0.02355187311778405,0.02380952380952379,0.00025765069173974003,25.984373748780488
2025-06-27,MRK,0.02323322411702463,0.02380952380952379,0.000576299692499161,58.12049833862626
2025-06-27,MS,0.02461781119832413,0.02380952380952379,-0.0008082873888003404,-81.51672896818548
2025-06-27,MSFT,0.02412329166369057,0.02380952380952379,-0.0003137678541667785,-31.643855244363372
2025-06-27,NKE,0.027979181065947253,0.02380952380952379,-0.0041696572564234625,-420.51481338410326
2025-06-27,NVDA,0.025465328324186964,0.02380952380952379,-0.0016558045146631735,-166.98982282332372
2025-06-27,ORCL,0.023795307692017636,0.02380952380952379,1.4216117506155035e-05,1.4337120853129768
2025-06-27,PEP,0.023575900945756414,0.02380952380952379,0.00023362286376737637,23.561139181896536
2025-06-27,PG,0.023335331822672382,0.02380952380952379,0.0004741919868514084,47.82281674395877
2025-06-27,QCOM,0.024329451919258106,0.02380952380952379,-0.0005199281097343147,-52.435358254268586
2025-06-27,RTX,0.022907930910825634,0.02380952380952379,0.0009015928986981572,90.9266988216895
2025-06-27,TMO,0.023828452490373037,0.02380952380952379,-1.8928680849246426e-05,-1.9089796128125043
2025-06-27,TSLA,0.02332743448076723,0.02380952380952379,0.0004820893287565617,48.61927291607219
2025-06-27,UNH,0.02376739460163804,0.02380952380952379,4.212920788575214e-05,4.248779912259041
2025-06-27,UPS,0.023668266511455503,0.02380952380952379,0.0001412572980682876,14.245963800698533
2025-06-27,V,0.023910084041896623,0.02380952380952379,-0.00010056023237283232,-10.14161710413472
2025-06-27,WFC,0.024484179923707775,0.02380952380952379,-0.0006746561141839844,-68.03985855611296
2025-06-27,WMT,0.023499302608007155,0.02380952380952379,0.0003102212015166361,31.286171174523993
2025-06-27,XOM,0.02214442025338999,0.02380952380952379,0.0016651035561337998,167.9276420367968
2025-07-03,ABBV,0.024152427683442664,0.02380952380952379,-0.00034290387391887334,-35.39359586795566
2025-07-03,ABT,0.023273425072806945,0.02380952380952379,0.000536098736716846,55.3346388765696
2025-07-03,ADBE,0.022869931061131193,0.02380952380952379,0.0009395927483925974,96.98218231543565
2025-07-03,AMGN,0.025035073498011907,0.02380952380952379,-0.0012255496884881166,-126.49787211418236
2025-07-03,AMZN,0.023274503773783477,0.02380952380952379,0.0005350200357403141,55.223298325092564
2025-07-03,BLK,0.02402521802550337,0.02380952380952379,-0.00021569421597958036,-22.26336443560554
2025-07-03,BRK-B,0.023230473872236843,0.02380952380952379,0.0005790499372869476,59.76794380733087
2025-07-03,CAT,0.024058211366718762,0.02380952380952379,-0.0002486875571949716,-25.668846479204145
2025-07-03,COP,0.024168595255158833,0.02380952380952379,-0.00035907144563504176,-37.06236820624554
2025-07-03,COST,0.023307437021934406,0.02380952380952379,0.0005020867875893849,51.8240189225249
2025-07-03,CRM,0.023154990548211195,0.02380952380952379,0.0006545332613125954,67.55912515153989
2025-07-03,CSCO,0.023648386427930317,0.02380952380952379,0.00016113738159347427,16.632157864420325
2025-07-03,DE,0.0236835534229918,0.02380952380952379,0.00012597038653199,13.002317242115069
2025-07-03,EOG,0.023715595974152223,0.02380952380952379,9.392783537156765e-05,9.694973136056365
2025-07-03,GS,0.024369940201270427,0.02380952380952379,-0.0005604163917466362,-57.84464042523796
2025-07-03,HD,0.023448521845648596,0.02380952380952379,0.0003610019638751946,37.26163099562963
2025-07-03,HON,0.024437123030559723,0.02380952380952379,-0.0006275992210359321,-64.77906750521245
2025-07-03,JNJ,0.023812531941087258,0.02380952380952379,-3.0081315634672423e-06,-0.3104910762839334
2025-07-03,JPM,0.024098899236113927,0.02380952380952379,-0.0002893754265901362,-29.86853658372983
2025-07-03,KO,0.02360043087535946,0.02380952380952379,0.00020909293416433022,21.581998261146033
2025-07-03,LLY,0.023419638778818013,0.02380952380952379,0.00038988503070577774,40.24286180864363
2025-07-03,LMT,0.02346240202321576,0.02380952380952379,0.0003471217863080314,35.828957197654795
2025-07-03,MA,0.024062826777943386,0.02380952380952379,-0.0002533029684195949,-26.145236546723158
2025-07-03,MCD,0.02346491535325372,0.02380952380952379,0.00034460845627007006,35.56953817555461
2025-07-03,MRK,0.023801240608490683,0.02380952380952379,8.283201033108117e-06,0.8549692556935717
2025-07-03,MS,0.02383349799502731,0.02380952380952379,-2.397418550351832e-05,-2.4745495677184457
2025-07-03,MSFT,0.023399074243696454,0.02380952380952379,0.0004104495658273366,42.365476630653596
2025-07-03,NKE,0.02466773602771094,0.02380952380952379,-0.0008582122181871495,-88.5823075496783
2025-07-03,NVDA,0.02349751713568195,0.02380952380952379,0.00031200667384184005,32.204471754307974
2025-07-03,ORCL,0.026259447026047607,0.02380952380952379,-0.002449923216523816,-252.87434417751962
2025-07-03,PEP,0.02403351364729995,0.02380952380952379,-0.0002239898377761583,-23.119615728383145
2025-07-03,PG,0.023404200970741605,0.02380952380952379,0.0004053228387821857,41.83630994878543
2025-07-03,QCOM,0.023801555616626672,0.02380952380952379,7.968192897118975e-06,0.8224549812617947
2025-07-03,RTX,0.023438324457666027,0.02380952380952379,0.0003711993518577643,38.314177369746155
2025-07-03,TMO,0.024462432742130027,0.02380952380952379,-0.000652908932606236,-67.39146640469468
2025-07-03,TSLA,0.02266786448348914,0.02380952380952379,0.0011416593260346504,117.8389393585939
2025-07-03,UNH,0.023220898225399668,0.02380952380952379,0.0005886255841241229,60.756315768417075
2025-07-03,UPS,0.023941301287156443,0.02380952380952379,-0.00013177747763265177,-13.601709232751638
2025-07-03,V,0.02394703981911459,0.02380952380952379,-0.00013751600959079763,-14.194024737037877
2025-07-03,WFC,0.02446277363398847,0.02380952380952379,-0.0006532498244646787,-67.42665232585243
2025-07-03,WMT,0.02352372514397039,0.02380952380952379,0.0002857986655534009,29.499353135308336
2025-07-03,XOM,0.023862803868477167,0.02380952380952379,-5.32800589533762e-05,-5.499421318473642
2025-07-11,ABBV,0.02440749615008037,0.023255813953488358,-0.0011516821965920111,-117.90100523163292
2025-07-11,ABT,0.023573353189595643,0.023255813953488358,-0.00031753923610728513,-32.507401128817136
2025-07-11,ADBE,0.022995398827599902,0.023255813953488358,0.00026041512588845586,26.659442344968312
2025-07-11,AMGN,0.023766402962032432,0.023255813953488358,-0.000510589008544074,-52.27045928616963
2025-07-11,AMZN,0.02417845672469573,0.023255813953488358,-0.0009226427712073736,-94.45358321674644
2025-07-11,BLK,0.024437811066733848,0.023255813953488358,-0.00118199711324549,-121.00443008054937
2025-07-11,BRK-B,0.02355306943591465,0.023255813953488358,-0.0002972554824262931,-30.43089516568208
2025-07-11,CAT,0.024491776381451696,0.023255813953488358,-0.0012359624279633386,-126.52901392121609
2025-07-11,COP,0.024500021573896122,0.023255813953488358,-0.001244207620407764,-127.3730978884795
2025-07-11,COST,0.023599541233104242,0.023255813953488358,-0.00034372727961588453,-35.18834615327809
2025-07-11,CRM,0.022763510404484807,0.023255813953488358,0.0004923035490035504,50.398524417913784
2025-07-11,CSCO,0.023514072657388266,0.023255813953488358,-0.0002582587038999079,-26.438683249355176
2025-07-11,DE,0.023611029201176588,0.023255813953488358,-0.00035521524768823004,-36.3644023498629
2025-07-11,EOG,0.0239840183599404,0.023255813953488358,-0.0007282044064520418,-74.54837088639587
2025-07-11,GS,0.023384163069002133,0.023255813953488358,-0.00012834911551377545,-13.139466585872608
2025-07-11,HD,0.023901478116064512,0.023255813953488358,-0.0006456641625761546,-66.09848970057192
2025-07-11,HON,0.023559105521376175,0.023255813953488358,-0.0003032915678878173,-31.048826523554634
2025-07-11,INTC,0.0,0.023255813953488358,0.023255813953488358,2380.764286110987
2025-07-11,JNJ,0.024142407379179918,0.023255813953488358,-0.0008865934256915599,-90.76310846005228
2025-07-11,JPM,0.023264213029817446,0.023255813953488358,-8.399076329088095e-06,-0.8598375013063642
2025-07-11,KO,0.023507523526476552,0.023255813953488358,-0.00025170957298819435,-25.76822995922923
2025-07-11,LLY,0.024384916216232035,0.023255813953488358,-0.0011291022627436774,-115.58943272781187
2025-07-11,LMT,0.024264451294839243,0.023255813953488358,-0.0010086373413508848,-103.25709367682336
2025-07-11,MA,0.023233076850679858,0.023255813953488358,2.2737102808499665e-05,2.327662340452724
2025-07-11,MCD,0.024481359914160398,0.023255813953488358,-0.00122554596067204,-125.46265032868972
2025-07-11,MRK,0.024726250382635494,0.023255813953488358,-0.0014704364291471365,-150.53278902693316
2025-07-11,MS,0.023695693697246598,0.023255813953488358,-0.0004398797437582397,-45.03174931730061
2025-07-11,MSFT,0.024221049807441476,0.023255813953488358,-0.0009652358539531183,-98.81395909691332
2025-07-11,NKE,0.022823886916293678,0.023255813953488358,0.00043192703719468,44.217607967429544
2025-07-11,NVDA,0.02484612163765974,0.023255813953488358,-0.0015903076841713819,-162.80435275133328
2025-07-11,ORCL,0.02337122537577867,0.023255813953488358,-0.00011541142229031312,-11.8149978731162
2025-07-11,PEP,0.023984180190689073,0.023255813953488358,-0.0007283662372007151,-74.56493796366982
2025-07-11,PG,0.023441263838105526,0.023255813953488358,-0.00018544988461716844,-18.985035872878203
2025-07-11,QCOM,0.02330250679049912,0.023255813953488358,-4.669283701076374e-05,-4.78007946721439
2025-07-11,RTX,0.02418993003460345,0.023255813953488358,-0.0009341160811150925,-95.628138815033
2025-07-11,TMO,0.02431466351971855,0.023255813953488358,-0.0010588495662301918,-108.39746296073295
2025-07-11,TSLA,0.02386539528084478,0.023255813953488358,-0.0006095813273564211,-62.40458650696285
2025-07-11,UNH,0.023659248291160714,0.023255813953488358,-0.0004034343376723565,-41.30072870561105
2025-07-11,UPS,0.023346134504794502,0.023255813953488358,-9.032055130614447e-05,-9.24637354261553
2025-07-11,V,0.023274310906857255,0.023255813953488358,-1.8496953368897506e-05,-1.8935860972488552
2025-07-11,WFC,0.02370395969282878,0.023255813953488358,-0.0004481457393404227,-45.87796296136275
2025-07-11,WMT,0.023038997437613975,0.023255813953488358,0.00021681651587438303,22.196127758208135
2025-07-11,XOM,0.02469652860930504,0.023255813953488358,-0.0014407146558166814,-147.49008595893673
2025-07-18,ABBV,0.023168901206235725,0.023255813953488358,8.691274725263279e-05,8.858268410466353
2025-07-18,ABT,0.021978559934919605,0.023255813953488358,0.0012772540185687527,130.17951085979567
2025-07-18,ADBE,0.023514528284386375,0.023255813953488358,-0.0002587143308980175,-26.368525413968257
2025-07-18,AMGN,0.023317332361980213,0.023255813953488358,-6.151840849185491e-05,-6.270041988450155
2025-07-18,AMZN,0.023472895625344433,0.023255813953488358,-0.00021708167185607516,-22.125266742567984
2025-07-18,BLK,0.023399017974045984,0.023255813953488358,-0.000143204020557626,-14.595553490790909
2025-07-18,BRK-B,0.023256559253505952,0.023255813953488358,-7.453000175940139e-07,-0.07596201720539997
2025-07-18,CAT,0.023805929178373243,0.023255813953488358,-0.0005501152248848853,-56.06851092337042
2025-07-18,COP,0.022387796774410086,0.023255813953488358,0.0008680171790782718,88.46952144799735
2025-07-18,COST,0.022891163404019935,0.023255813953488358,0.00036465054946842324,37.16569255170429
2025-07-18,CRM,0.02374777069120004,0.023255813953488358,-0.0004919567377116817,-50.14091680153926
2025-07-18,CSCO,0.023392045917962106,0.023255813953488358,-0.00013623196447374794,-13.884951811335359
2025-07-18,DE,0.02278377579569164,0.023255813953488358,0.0004720381577967177,48.110787357705235
2025-07-18,EOG,0.022525008950607852,0.023255813953488358,0.0007308050028805059,74.4846650907247
2025-07-18,GS,0.023467347942043526,0.023255813953488358,-0.00021153398855516814,-21.55983912361526
2025-07-18,HD,0.022684217084158975,0.023255813953488358,0.0005715968693293834,58.25795008393961
2025-07-18,HON,0.023418064458680377,0.023255813953488358,-0.00016225050519201936,-16.53679776738543
2025-07-18,INTC,0.023028693359079512,0.023255813953488358,0.00022712059440884586,23.14844772965424
2025-07-18,JNJ,0.024369985751162362,0.023255813953488358,-0.0011141717976740038,-113.55794346805857
2025-07-18,JPM,0.023716762298198517,0.023255813953488358,-0.00046094834471015894,-46.98049814181966
2025-07-18,KO,0.023350986589555863,0.023255813953488358,-9.517263606750523e-05,-9.70012779790543
2025-07-18,LLY,0.022730294790588954,0.023255813953488358,0.0005255191628994044,53.561645983587276
2025-07-18,LMT,0.023180309970330874,0.023255813953488358,7.550398315748358e-05,7.695471262968963
2025-07-18,MA,0.023462962849713335,0.023255813953488358,-0.00020714889622497693,-21.11290439777348
2025-07-18,MCD,0.023136489827576028,0.023255813953488358,0.00011932412591232969,12.16168132510252
2025-07-18,MRK,0.02240498644598244,0.023255813953488358,0.0008508275075059177,86.71752614823927
2025-07-18,MS,0.023119629038772738,0.023255813953488358,0.00013618491471562022,13.880156434370328
2025-07-18,MSFT,0.023669995073481897,0.023255813953488358,-0.000414181119993539,-42.213917376075116
2025-07-18,NKE,0.0233062218530414,0.023255813953488358,-5.040789955304201e-05,-5.137643422439931
2025-07-18,NVDA,0.02441848616369809,0.023255813953488358,-0.0011626722102097316,-118.5011731534694
2025-07-18,ORCL,0.024866158648225643,0.023255813953488358,-0.0016103446947372847,-164.12857711066377
2025-07-18,PEP,0.024735722689444635,0.023255813953488358,-0.001479908735956277,-150.8343622827728
2025-07-18,PG,0.02322540578229193,0.023255813953488358,3.040817119642769e-05,3.0992432162614514
2025-07-18,QCOM,0.022963089637300226,0.023255813953488358,0.0002927243161881324,29.834870545829496
2025-07-18,RTX,0.02409401629176849,0.023255813953488358,-0.0008382023382801328,-85.43075129340144
2025-07-18,TMO,0.02227750572096711,0.023255813953488358,0.0009783082325212494,99.71053942929687
2025-07-18,TSLA,0.02456016411981209,0.023255813953488358,-0.0013043501663237318,-132.94118802788208
2025-07-18,UNH,0.0217101182562961,0.023255813953488358,0.0015456956971922585,157.53946111992428
2025-07-18,UPS,0.022884850036724306,0.023255813953488358,0.000370963916764052,37.80915975123923
2025-07-18,V,0.023432865883907698,0.023255813953488358,-0.00017705193041933978,-18.045379668955462
2025-07-18,WFC,0.022817234127902958,0.023255813953488358,0.0004385798255854001,44.700667476982844
2025-07-18,WMT,0.023518504902064686,0.023255813953488358,-0.00026269094857632805,-26.77382783362239
2025-07-18,XOM,0.021807645054545587,0.023255813953488358,0.0014481688989427706,147.59939382926348
2025-07-25,ABBV,0.022986884799896887,0.02380952380952379,0.0008226390096269035,85.28065004342838
2025-07-25,ABT,0.02339425968952092,0.02380952380952379,0.00041526412000287075,43.049252076702025
2025-07-25,ADBE,0.023173059896949254,0.02380952380952379,0.0006364639125745371,65.9804064217151
2025-07-25,AMGN,0.023780502271032004,0.02380952380952379,2.9021538491786486e-05,3.0085804816895574
2025-07-25,AMZN,0.023400547668694153,0.02380952380952379,0.000408976140829638,42.39739513206718
2025-07-25,BLK,0.02327159151184484,0.02380952380952379,0.0005379322976789523,55.765913710100065
2025-07-25,BRK-B,0.02335925127293609,0.02380952380952379,0.00045027253658769945,46.67847520909321
2025-07-25,CAT,0.024058984953472373,0.02380952380952379,-0.00024946114394858165,-25.860928387241117
2025-07-25,COP,0.023689489537099987,0.02380952380952379,0.00012003427242380377,12.443612155512325
2025-07-25,COST,0.02249171362608887,0.02380952380952379,0.0013178101834349192,136.61363947249424
2025-07-25,CRM,0.023450105791876157,0.02380952380952379,0.0003594180176476336,37.25984523419589
2025-07-25,CSCO,0.023078692910134094,0.02380952380952379,0.0007308308993896964,75.76316396671207
2025-07-25,DE,0.023666923537607205,0.02380952380952379,0.00014260027191658614,14.782965241256411
2025-07-25,EOG,0.023001604266493086,0.02380952380952379,0.0008079195430307044,83.75472474092456
2025-07-25,GS,0.023532532356800168,0.02380952380952379,0.0002769914527236232,28.714917318907094
2025-07-25,HD,0.023877705405851116,0.02380952380952379,-6.818159632732482e-05,-7.068192472941452
2025-07-25,HON,0.02167475998420442,0.02380952380952379,0.0021347638253193697,221.30490358705424
2025-07-25,INTC,0.02048821689603882,0.0,-0.02048821689603882,-2123.9552643113575
2025-07-25,JNJ,0.02350613868863348,0.02380952380952379,0.0003033851208903114,31.451073946473983
2025-07-25,JPM,0.023440611383898708,0.02380952380952379,0.0003689124256250828,38.24410354752534
2025-07-25,KO,0.022641081483156182,0.02380952380952379,0.0011684423263676087,121.12909789687487
2025-07-25,LLY,0.024077787336145334,0.02380952380952379,-0.00026826352662154274,-27.810118004984446
2025-07-25,LMT,0.020754997390475864,0.02380952380952379,0.0030545264190479267,316.6540797881385
2025-07-25,MA,0.023507379204012743,0.02380952380952379,0.00030214460551104827,31.32247323985248
2025-07-25,MCD,0.0229714104276095,0.02380952380952379,0.0008381133819142898,86.88483427519833
2025-07-25,MRK,0.02422186876030558,0.02380952380952379,-0.0004123449507817886,-42.74663009324714
2025-07-25,MS,0.023217589470192635,0.02380952380952379,0.0005919343393311557,61.36415201618391
2025-07-25,MSFT,0.023027730393490178,0.02380952380952379,0.0007817934160336132,81.04630334666122
2025-07-25,NKE,0.024062525340653597,0.02380952380952379,-0.00025300153112980603,-26.227950272523664
2025-07-25,NVDA,0.02300820812198729,0.02380952380952379,0.0008013156875365003,83.07012179510265
2025-07-25,ORCL,0.022832921171610773,0.02380952380952379,0.0009766026379130176,101.24162217048516
2025-07-25,PEP,0.02289717780387368,0.02380952380952379,0.0009123460056501102,94.58031957620679
2025-07-25,PG,0.023335380689788618,0.02380952380952379,0.00047414311973517295,49.15307077763488
2025-07-25,QCOM,0.023395373051583266,0.02380952380952379,0.00041415075794052486,42.93383299336241
2025-07-25,RTX,0.02367558715017456,0.02380952380952379,0.00013393665934922916,13.88483312884454
2025-07-25,TMO,0.026368044718669967,0.02380952380952379,-0.0025585209091461766,-265.2345971055365
2025-07-25,TSLA,0.021921095246538007,0.02380952380952379,0.001888428562985784,195.76802647013466
2025-07-25,UNH,0.022735049104717915,0.02380952380952379,0.0010744747048058757,111.38774141360533
2025-07-25,UPS,0.02386374494258648,0.02380952380952379,-5.422113306268947e-05,-5.620950890445303
2025-07-25,V,0.0233870275454691,0.02380952380952379,0.0004224962640546892,43.79898791311284
2025-07-25,WFC,0.023907042940892926,0.02380952380952379,-9.751913136913509e-05,-10.109531419622515
2025-07-25,WMT,0.023445777293705797,0.02380952380952379,0.0003637465158179941,37.70856834768835
2025-07-25,XOM,0.023421623963286925,0.02380952380952379,0.0003878998462368659,40.21247552292588
2025-08-01,AAPL,0.0,0.02380952380952379,0.02380952380952379,2393.6457895535655
2025-08-01,ABBV,0.025187939935381473,0.02380952380952379,-0.0013784161258576823,-138.57647814830324
2025-08-01,ABT,0.02469607442636859,0.02380952380952379,-0.0008865506168448008,-89.12770235194037
2025-08-01,ADBE,0.023031468416255124,0.02380952380952379,0.0007780553932686674,78.22033867775362
2025-08-01,AMGN,0.023773802488406406,0.02380952380952379,3.572132111738513e-05,3.591175975376634
2025-08-01,AMZN,0.022780132570527464,0.0,-0.022780132570527464,-2290.1578733424362
2025-08-01,BLK,0.023862531297938024,0.02380952380952379,-5.300748841423342e-05,-5.329008361216652
2025-08-01,BRK-B,0.023981013320417216,0.02380952380952379,-0.00017148951089342515,-17.240376119511208
2025-08-01,CAT,0.024264167337846795,0.02380952380952379,-0.0004546435283230045,-45.70673382736179
2025-08-01,COP,0.023984313909737605,0.02380952380952379,-0.000174790100213814,-17.572194672162563
2025-08-01,COST,0.02503239460203554,0.02380952380952379,-0.001222870792511748,-122.93901999387877
2025-08-01,CRM,0.02287469532500415,0.02380952380952379,0.0009348284845196418,93.98122716885769
2025-08-01,CSCO,0.023985852081010717,0.02380952380952379,-0.0001763282714869266,-17.726831834205488
2025-08-01,DE,0.02377235729222453,0.02380952380952379,3.7166517299260654e-05,3.736466061121294
2025-08-01,EOG,0.024179372609305475,0.02380952380952379,-0.00036984879978168433,-37.1820549394925
2025-08-01,GS,0.023896879539458106,0.02380952380952379,-8.735572993431515e-05,-8.782144356327384
2025-08-01,HD,0.024440674905809465,0.02380952380952379,-0.0006311510962856738,-63.4515908962455
2025-08-01,HON,0.023835638352541218,0.02380952380952379,-2.6114543017426856e-05,-2.625376569470731
2025-08-01,JNJ,0.024409065350733124,0.02380952380952379,-0.0005995415412093329,-60.27378360268341
2025-08-01,JPM,0.02379008965077502,0.02380952380952379,1.9434158748769803e-05,1.9537766750253556
2025-08-01,KO,0.024440537695159834,0.02380952380952379,-0.0006310138856360434,-63.437796681107166
2025-08-01,LLY,0.0230292396260842,0.02380952380952379,0.0007802841834395925,78.44440591450781
2025-08-01,LMT,0.0245412403451654,0.02380952380952379,-0.0007317165356416078,-73.56174859678082
2025-08-01,MA,0.024190662723347287,0.02380952380952379,-0.00038113891382349566,-38.31708536496248
2025-08-01,MCD,0.024914134956832715,0.02380952380952379,-0.0011046111473089239,-111.05000851769753
2025-08-01,MRK,0.022979749324956472,0.02380952380952379,0.0008297744845673187,83.41982045306885
2025-08-01,MS,0.02404350259137189,0.02380952380952379,-0.00023397878184809942,-23.522617692654187
2025-08-01,MSFT,0.025047586648044243,0.02380952380952379,-0.0012380628385204526,-124.46632382634323
2025-08-01,NKE,0.024019447103416115,0.02380952380952379,-0.00020992329389232442,-21.104244359292295
2025-08-01,NVDA,0.02458169664400546,0.02380952380952379,-0.0007721728344816693,-77.62894667071704
2025-08-01,ORCL,0.024480455692475766,0.02380952380952379,-0.000670931882951975,-67.45087762162017
2025-08-01,PEP,0.0238368977249342,0.02380952380952379,-2.7373915410407873e-05,-2.7519852093601695
2025-08-01,PG,0.023364134604297784,0.02380952380952379,0.0004453892052260072,44.77636782367736
2025-08-01,QCOM,0.0229681086244219,0.02380952380952379,0.0008414151851018903,84.59009643359417
2025-08-01,RTX,0.024539610033873602,0.02380952380952379,-0.0007300862243498109,-73.39784831089142
2025-08-01,TMO,0.02376629469525719,0.02380952380952379,4.322911426660192e-05,4.345957868716034
2025-08-01,TSLA,0.023507365088145982,0.02380952380952379,0.00030215872137780847,30.376959950520995
2025-08-01,UNH,0.020769186682450883,0.02380952380952379,0.0030403371270729083,305.6545868477412
2025-08-01,UPS,0.020032085246680688,0.02380952380952379,0.003777438562843103,379.75769627236025
2025-08-01,V,0.02333417380349189,0.02380952380952379,0.00047535000603190006,47.78842070110586
2025-08-01,WFC,0.022646385599302196,0.02380952380952379,0.0011631382102215947,116.93391694176329
2025-08-01,WMT,0.024807480701366142,0.02380952380952379,-0.0009979568918423512,-100.32772311720518
2025-08-01,XOM,0.0243815604331415,0.02380952380952379,-0.0005720366236177075,-57.50862833490451
2025-08-08,AAPL,0.02663660130199507,0.02380952380952379,-0.00282707749247128,-287.88399047689023
2025-08-08,ABBV,0.02384504796142396,0.02380952380952379,-3.552415190016811e-05,-3.617458182367632
2025-08-08,ABT,0.02479503457174176,0.02380952380952379,-0.0009855107622179678,-100.35549843991852
2025-08-08,ADBE,0.023048154048093204,0.02380952380952379,0.0007613697614305866,77.53100710284187
2025-08-08,AMGN,0.022819492183972286,0.02380952380952379,0.0009900316255515053,100.81586225390147
2025-08-08,BLK,0.02421840412272168,0.02380952380952379,-0.0004088803131978881,-41.63667126363517
2025-08-08,BRK-B,0.02313448521324498,0.02380952380952379,0.0006750385962788104,68.73982242799686
2025-08-08,CAT,0.022837055726524527,0.02380952380952379,0.0009724680829992643,99.02735000748623
2025-08-08,COP,0.023795717070888473,0.02380952380952379,1.3806738635317728e-05,1.4059533296811817
2025-08-08,COST,0.024206594700892384,0.02380952380952379,-0.0003970708913685929,-40.43410660437267
2025-08-08,CRM,0.0225453600425117,0.02380952380952379,0.0012641637670120914,128.73099900265143
2025-08-08,CSCO,0.025143427904676715,0.02380952380952379,-0.001333904095152924,-135.83272296169307
2025-08-08,CVX,0.0,0.02380952380952379,0.02380952380952379,2424.546459689899
2025-08-08,DE,0.02394486376552137,0.02380952380952379,-0.00013533995599757792,-13.78179646907761
2025-08-08,EOG,0.02343981148932904,0.02380952380952379,0.0003697123201947504,37.64815727534069
2025-08-08,GS,0.023891879928581376,0.02380952380952379,-8.235611905758541e-05,-8.386401949584485
2025-08-08,HD,0.02439691377339286,0.02380952380952379,-0.0005873899638690686,-59.81447880895742
2025-08-08,HON,0.023353175115522446,0.02380952380952379,0.00045634869400134476,46.47042163785296
2025-08-08,JNJ,0.024347122741722176,0.02380952380952379,-0.0005375989321983847,-54.74421068737592
2025-08-08,JPM,0.023454774400536744,0.02380952380952379,0.00035474940898704704,36.124469792738445
2025-08-08,KO,0.024009489127132702,0.02380952380952379,-0.00019996531760891126,-20.362658520517
2025-08-08,LLY,0.01929017287404277,0.02380952380952379,0.004519350935481021,460.20980505010357
2025-08-08,LMT,0.02376224257750416,0.02380952380952379,4.7281232019632385e-05,4.814692835525013
2025-08-08,MA,0.024110093910899896,0.02380952380952379,-0.00030057010137610543,-30.607339357562985
2025-08-08,MCD,0.02370297078211803,0.02380952380952379,0.0001065530274057605,10.85039614536686
2025-08-08,MRK,0.023919326594615216,0.02380952380952379,-0.00010980278509142502,-11.181322062015234
2025-08-08,MS,0.024195469132717615,0.02380952380952379,-0.0003859453231938245,-39.3011794133054
2025-08-08,MSFT,0.0234114844133681,0.02380952380952379,0.0003980393961556909,40.532730368188226
2025-08-08,NKE,0.023368879258118307,0.02380952380952379,0.0004406445514054842,44.871253857856075
2025-08-08,NVDA,0.024719311878627342,0.02380952380952379,-0.0009097880691035509,-92.64458456455127
2025-08-08,ORCL,0.024045722242971385,0.02380952380952379,-0.00023619843344759375,-24.052311175185892
2025-08-08,PEP,0.024505043000535232,0.02380952380952379,-0.0006955191910114414,-70.82538087295332
2025-08-08,PG,0.023950530386797397,0.02380952380952379,-0.00014100657727360646,-14.358833904311947
2025-08-08,QCOM,0.023404393936531893,0.02380952380952379,0.0004051298729918981,41.254760369639285
2025-08-08,RTX,0.02321203016020942,0.02380952380952379,0.0005974936493143707,60.84334670955898
2025-08-08,TMO,0.023386553128660337,0.02380952380952379,0.0004229706808634541,43.07150680728481
2025-08-08,TSLA,0.02560287637975449,0.02380952380952379,-0.0017933525702306975,-182.61879825540214
2025-08-08,UNH,0.024801272411691094,0.0,-0.024801272411691094,-2525.537163305959
2025-08-08,UPS,0.024107918419163283,0.02380952380952379,-0.0002983946096394921,-30.385806964463185
2025-08-08,V,0.023326313329811645,0.02380952380952379,0.0004832104797121463,49.20578283058801
2025-08-08,WFC,0.023663674884164165,0.02380952380952379,0.00014584892535962624,14.851934816470854
2025-08-08,WMT,0.02475482835331571,0.02380952380952379,-0.0009453045437919187,-96.26126096913788
2025-08-08,XOM,0.022895486753956397,0.02380952380952379,0.0009140370555673939,93.07726289825486
2025-08-15,AAPL,0.02376301986294953,0.02380952380952379,4.650394657425977e-05,4.796221110186421
2025-08-15,ABBV,0.02453198131377755,0.02380952380952379,-0.0007224575042537595,-74.51122299010238
2025-08-15,ABT,0.02306361042937365,0.02380952380952379,0.0007459133801501414,76.93036320119167
2025-08-15,ADBE,0.024457652381365,0.02380952380952379,-0.0006481285718412076,-66.8452500782028
2025-08-15,AMGN,0.024178508144398193,0.02380952380952379,-0.0003689843348744018,-38.055489622299255
2025-08-15,BLK,0.023716290725182852,0.02380952380952379,9.32330843409386e-05,9.615667491139565
2025-08-15,BRK-B,0.0241024983710749,0.02380952380952379,-0.0002929745615511091,-30.216161860912067
2025-08-15,CAT,0.02301382213352555,0.02380952380952379,0.0007957016759982394,82.06531825722189
2025-08-15,COP,0.023861936636577524,0.02380952380952379,-5.2412827053732736e-05,-5.405638146393478
2025-08-15,COST,0.02329227741764532,0.02380952380952379,0.0005172463918784696,53.346613495131365
2025-08-15,CRM,0.023695131783106085,0.02380952380952379,0.00011439202641770618,11.797911625962648
2025-08-15,CSCO,0.021676138499068433,0.02380952380952379,0.0021333853104553574,220.02837212597302
2025-08-15,CVX,0.023740036304855116,0.02380952380952379,6.948750466867493e-05,7.166648453242189
2025-08-15,DE,0.022513034421862105,0.02380952380952379,0.0012964893876616854,133.71445282189197
2025-08-15,EOG,0.02405433904063371,0.02380952380952379,-0.0002448152311099183,-25.24921143347602
2025-08-15,GS,0.023814476919868478,0.02380952380952379,-4.953110344686762e-06,-0.5108429315420425
2025-08-15,HD,0.02420530057632156,0.02380952380952379,-0.0003957767667977681,-40.81874816378418
2025-08-15,HON,0.023679115671425045,0.02380952380952379,0.00013040813809874624,13.449745902544805
2025-08-15,JNJ,0.023955392261172447,0.02380952380952379,-0.00014586845164865636,-15.044257501679128
2025-08-15,JPM,0.0236473278544034,0.02380952380952379,0.00016219595512038942,16.728207415536836
2025-08-15,KO,0.023366144068971993,0.02380952380952379,0.00044337974055179766,45.728318306656746
2025-08-15,LLY,0.026404008075653195,0.02380952380952379,-0.0025944842661294043,-267.5841756222912
2025-08-15,LMT,0.02416536675276392,0.02380952380952379,-0.0003558429432401304,-36.700141859010564
2025-08-15,MA,0.02380855379601166,0.02380952380952379,9.700135121318287e-07,0.10004310659147114
2025-08-15,MCD,0.02377431227340724,0.02380952380952379,3.521153611655073e-05,3.631569474960855
2025-08-15,MRK,0.02453194301871703,0.02380952380952379,-0.0007224192091932376,-74.50727339891236
2025-08-15,MS,0.023744557289941747,0.02380952380952379,6.496651958204369e-05,6.700373100101715
2025-08-15,MSFT,0.02342229890763722,0.02380952380952379,0.0003872249018865709,39.936744849225725
2025-08-15,NKE,0.02438731988599258,0.02380952380952379,-0.0005777960764687881,-59.59145284405576
2025-08-15,NVDA,0.023217010700028375,0.02380952380952379,0.0005925131094954156,61.10930562175294
2025-08-15,ORCL,0.02334010760750519,0.02380952380952379,0.00046941620201860004,48.413609240453596
2025-08-15,PEP,0.024346652771558536,0.02380952380952379,-0.0005371289620347448,-55.39721800793357
2025-08-15,PG,0.023636660635400087,0.02380952380952379,0.00017286317412370383,17.828379438334508
2025-08-15,QCOM,0.025145716199948282,0.02380952380952379,-0.0013361923904244913,-137.80925324242574
2025-08-15,RTX,0.023492633185244725,0.02380952380952379,0.00031689062427906617,32.68276380286125
2025-08-15,TMO,0.02494989407250559,0.02380952380952379,-0.0011403702629817977,-117.61298409390321
2025-08-15,TSLA,0.023571391106526764,0.02380952380952379,0.00023813270299702718,24.560003640041064
2025-08-15,UPS,0.0239974080639294,0.02380952380952379,-0.00018788425440561043,-19.37759036887008
2025-08-15,V,0.02408555482863057,0.02380952380952379,-0.00027603101910677816,-28.46867628303597
2025-08-15,WFC,0.023280039325766312,0.02380952380952379,0.0005294844837574787,54.608798727620716
2025-08-15,WMT,0.022714166358013658,0.02380952380952379,0.001095357451510133,112.97055237545769
2025-08-15,XOM,0.02365637032725898,0.02380952380952379,0.00015315348226481104,15.795604864719824
2025-08-22,AAPL,0.023088896195955985,0.02380952380952379,0.0007206276135678057,75.37308059420096
2025-08-22,ABBV,0.023921281187023292,0.02380952380952379,-0.00011175737749950093,-11.68911329883952
2025-08-22,ABT,0.023626839733800874,0.02380952380952379,0.00018268407572291645,19.10759635558274
2025-08-22,ADBE,0.023956161221940973,0.02380952380952379,-0.0001466374124171818,-15.337343859923248
2025-08-22,AMGN,0.023448078093682014,0.02380952380952379,0.00036144571584177665,37.80493080981208
2025-08-22,BLK,0.023749366083974387,0.02380952380952379,6.015772554940346e-05,6.292116775472922
2025-08-22,BRK-B,0.024057690350816112,0.02380952380952379,-0.00024816654129232105,-25.956647185641334
2025-08-22,CAT,0.025082253405980488,0.02380952380952379,-0.0012727295964566968,-133.11944843941123
2025-08-22,COP,0.024030875422475277,0.02380952380952379,-0.00022135161295148628,-23.151975650845518
2025-08-22,COST,0.02315109797566725,0.02380952380952379,0.00065842583385654,68.86716870988094
2025-08-22,CRM,0.02404365267515772,0.02380952380952379,-0.00023412886563392923,-24.48839529127278
2025-08-22,CSCO,0.023874358312578864,0.02380952380952379,-6.483450305507302e-05,-6.781278058248009
2025-08-22,CVX,0.023985673686638034,0.02380952380952379,-0.0001761498771142428,-18.424160598920974
2025-08-22,DE,0.023822494555597734,0.02380952380952379,-1.2970746073943246e-05,-1.3566578226970076
2025-08-22,EOG,0.023895442057092233,0.02380952380952379,-8.591824756844224e-05,-8.986504092490442
2025-08-22,GS,0.02383603733221056,0.02380952380952379,-2.651352268676771e-05,-2.7731464138764688
2025-08-22,HD,0.024265452925275675,0.02380952380952379,-0.0004559291157518845,-47.6872955459902
2025-08-22,HON,0.024133483384217985,0.02380952380952379,-0.0003239595746941937,-33.88411805619906
2025-08-22,JNJ,0.02382936765246418,0.02380952380952379,-1.9843842940389655e-05,-2.0755401889743457
2025-08-22,JPM,0.023941867602447316,0.02380952380952379,-0.0001323437929235255,-13.842321862716881
2025-08-22,KO,0.023547672281464413,0.02380952380952379,0.0002618515280593779,27.388010057537297
2025-08-22,LLY,0.023827023906583877,0.02380952380952379,-1.7500097060085817e-05,-1.8303992260103366
2025-08-22,LMT,0.023940735582959914,0.02380952380952379,-0.0001312117734361233,-13.723919799776585
2025-08-22,MA,0.024173767485851136,0.02380952380952379,-0.00036424367632734503,-38.09757974139273
2025-08-22,MCD,0.023867772159909918,0.02380952380952379,-5.824835038612669e-05,-6.092408236198797
2025-08-22,MRK,0.02435814485844783,0.02380952380952379,-0.0005486210489240376,-57.382284216806106
2025-08-22,MS,0.024027440895655075,0.02380952380952379,-0.00021791708613128416,-22.792745915614617
2025-08-22,MSFT,0.022930763740645215,0.02380952380952379,0.0008787600688785757,91.91273307807856
2025-08-22,NKE,0.023907228138708724,0.02380952380952379,-9.770432918493333e-05,-10.219253522076414
2025-08-22,NVDA,0.02315710566959057,0.02380952380952379,0.0006524181399332196,68.2388020059937
2025-08-22,ORCL,0.0223509573549834,0.02380952380952379,0.0014585664545403894,152.55680584564013
2025-08-22,PEP,0.023358525794960956,0.02380952380952379,0.00045099801456283464,47.171533617994854
2025-08-22,PG,0.024132682773829083,0.02380952380952379,-0.00032315896430529234,-33.800379284285434
2025-08-22,QCOM,0.0235009506358782,0.02380952380952379,0.00030857317364559045,32.274798035072855
2025-08-22,RTX,0.023804732752295842,0.02380952380952379,4.791057227948592e-06,0.5011142173496795
2025-08-22,TMO,0.02400430016869484,0.02380952380952379,-0.00019477635917104774,-20.37237255586106
2025-08-22,TSLA,0.024148320085264807,0.02380952380952379,-0.0003387962757410157,-35.43594294147867
2025-08-22,UPS,0.024012451246242798,0.02380952380952379,-0.00020292743671900676,-21.22492360079002
2025-08-22,V,0.02385677866794993,0.02380952380952379,-4.7254858426139246e-05,-4.9425586607580305
2025-08-22,WFC,0.024086164317495117,0.02380952380952379,-0.00027664050797132633,-28.934843614595298
2025-08-22,WMT,0.022732932100041445,0.02380952380952379,0.0010765917094823461,112.60466870553277
2025-08-22,XOM,0.024533179527549482,0.02380952380952379,-0.0007236557180256911,-75.68980112649066
2025-08-29,AAPL,0.02427208970084596,0.024390243902439015,0.00011815420159305354,12.355618195118977
2025-08-29,ABBV,0.0237915051118921,0.024390243902439015,0.0005987387905469141,62.611297735178546
2025-08-29,ABT,0.023826697347958198,0.024390243902439015,0.000563546554480817,58.93117611104194
2025-08-29,ADBE,0.023459633206418064,0.024390243902439015,0.0009306106960209511,97.31579828139434
2025-08-29,AMGN,0.023326843078087012,0.024390243902439015,0.0010634008243520024,111.20192423898179
2025-08-29,BLK,0.023377941369461655,0.024390243902439015,0.0010123025329773598,105.85847499946576
2025-08-29,BRK-B,0.024494946023292528,0.024390243902439015,-0.00010470212085351288,-10.94890754660447
2025-08-29,CAT,0.02290511555406001,0.024390243902439015,0.001485128348379005,155.3028042669067
2025-08-29,COP,0.024353006502873496,0.024390243902439015,3.723739956551855e-05,3.893988410122573
2025-08-29,COST,0.02343599780050465,0.024390243902439015,0.0009542461019343661,99.78739935368309
2025-08-29,CRM,0.024577590823209563,0.024390243902439015,-0.00018734692077054804,-19.591237483409024
2025-08-29,CSCO,0.02444025053189523,0.024390243902439015,-5.000662945621459e-05,-5.2292919968586435
2025-08-29,CVX,0.024178456077284305,0.024390243902439015,0.00021178782515470992,22.147071121506816
2025-08-29,DE,0.02298109686751547,0.024390243902439015,0.0014091470349235462,147.3572882686462
2025-08-29,EOG,0.02454363182774146,0.024390243902439015,-0.00015338792530244366,-16.0400782640458
2025-08-29,GS,0.024050034545773154,0.024390243902439015,0.0003402093566658611,35.576364282398615
2025-08-29,HD,0.023466828183832306,0.024390243902439015,0.0009234157186067092,96.56340528432547
2025-08-29,HON,0.023458241578661367,0.024390243902439015,0.0009320023237776483,97.46132354414124
2025-08-29,JNJ,0.0237052671988618,0.024390243902439015,0.0006849767035772142,71.62936660602696
2025-08-29,JPM,0.02423053663547306,0.024390243902439015,0.0001597072669659548,16.700904301428476
2025-08-29,KO,0.02342701306300137,0.024390243902439015,0.0009632308394376433,100.7269510977354
2025-08-29,LLY,0.02451347804330886,0.024390243902439015,-0.00012323414086984688,-12.886837477312811
2025-08-29,LMT,0.024317413946097224,0.024390243902439015,7.282995634179043e-05,7.615972361487741
2025-08-29,MA,0.0236682082846669,0.024390243902439015,0.0007220356177721141,75.50469044846557
2025-08-29,MCD,0.023773937566612054,0.024390243902439015,0.0006163063358269605,64.44837063803907
2025-08-29,MRK,0.02292828226867734,0.024390243902439015,0.0014619616337616763,152.8802151690356
2025-08-29,MS,0.024209898253981205,0.024390243902439015,0.00018034564845781018,18.859100611339194
2025-08-29,MSFT,0.02378877087026996,0.024390243902439015,0.0006014730321690538,62.89722278126973
2025-08-29,NKE,0.023507260849438435,0.024390243902439015,0.00088298305300058,92.33528159422707
2025-08-29,NVDA,0.023304365211698232,0.024390243902439015,0.0010858786907407825,113.552479117235
2025-08-29,ORCL,0.02278244958930481,0.0,-0.02278244958930481,-2382.4057450323007
2025-08-29,PEP,0.02365657067556319,0.024390243902439015,0.0007336732268758243,76.72165821474717
2025-08-29,PG,0.02356948238518355,0.024390243902439015,0.0008207615172554639,85.82865272436722
2025-08-29,QCOM,0.02422406722191547,0.024390243902439015,0.00016617668052354428,17.377423653141495
2025-08-29,RTX,0.024173836356607806,0.024390243902439015,0.00021640754583120841,22.63016443581404
2025-08-29,TMO,0.023467861717658675,0.024390243902439015,0.0009223821847803397,96.45532661104777
2025-08-29,TSLA,0.023384081068205366,0.024390243902439015,0.0010061628342336489,105.21643457697093
2025-08-29,UPS,0.023444124610526574,0.024390243902439015,0.0009461192919124409,98.93756278061723
2025-08-29,V,0.023932499211213952,0.024390243902439015,0.0004577446912250628,47.86726632963015
2025-08-29,WFC,0.024741401932002863,0.024390243902439015,-0.0003511580295638486,-36.721288629115485
2025-08-29,WMT,0.0238510157914033,0.024390243902439015,0.0005392281110357146,56.38814845518121
2025-08-29,XOM,0.0244582711170209,0.024390243902439015,-6.802721458188526e-05,-7.113740171053045
2025-09-05,AAPL,0.02542233384684614,0.024390243902439015,-0.0010320899444071253,-106.90864717394311
2025-09-05,ABBV,0.024874328532911414,0.024390243902439015,-0.0004840846304723992,-50.1437236569835
2025-09-05,ABT,0.02467352683825748,0.024390243902439015,-0.00028328293581846367,-29.343755939035017
2025-09-05,ADBE,0.024087983552264318,0.024390243902439015,0.0003022603501746969,31.309524239248148
2025-09-05,AMGN,0.02427325906577606,0.024390243902439015,0.00011698483666295473,12.117830132223162
2025-09-05,BLK,0.02412348976687998,0.024390243902439015,0.00026675413555903374,27.631626405441846
2025-09-05,BRK-B,0.024464419916596886,0.024390243902439015,-7.41760141578715e-05,-7.683494417658185
2025-09-05,CAT,0.02485893026621895,0.024390243902439015,-0.00046868636377993614,-48.54870001603478
2025-09-05,COP,0.023123912744227527,0.024390243902439015,0.001266331158211488,131.17243485631624
2025-09-05,COST,0.0251477494448046,0.024390243902439015,-0.0007575055423655851,-78.46592557162177
2025-09-05,CRM,0.024094051576057478,0.024390243902439015,0.00029619232638153706,30.68097028592127
2025-09-05,CSCO,0.023841110241269656,0.024390243902439015,0.0005491336611693591,56.88180293919482
2025-09-05,CVX,0.02355758528109302,0.024390243902439015,0.0008326586213459955,86.25062887998268
2025-09-05,DE,0.024344803922578838,0.024390243902439015,4.543997986017692e-05,4.706883155666561
2025-09-05,EOG,0.023262456443045722,0.024390243902439015,0.0011277874593932924,116.8214381283752
2025-09-05,GS,0.02438897056126678,0.024390243902439015,1.2733411722358479e-06,0.13189856451204618
2025-09-05,HD,0.025502670560618907,0.024390243902439015,-0.0011124266581798922,-115.23029533492823
2025-09-05,HON,0.024032657782539043,0.024390243902439015,0.0003575861198999719,37.04042320521371
2025-09-05,JNJ,0.024796657730679357,0.024390243902439015,-0.0004064138282403422,-42.09822293629382
2025-09-05,JPM,0.02404649193260982,0.024390243902439015,0.0003437519698291959,35.60741799391155
2025-09-05,KO,0.02425396252041264,0.024390243902439015,0.00013628138202637433,14.116655497311731
2025-09-05,LLY,0.02444107183764649,0.024390243902439015,-5.082793520747378e-05,-5.264992475822769
2025-09-05,LMT,0.02525134126682841,0.024390243902439015,-0.0008610973643893953,-89.19644533965545
2025-09-05,MA,0.02416369208037647,0.024390243902439015,0.00022655182206254496,23.467284942313547
2025-09-05,MCD,0.02482767586085132,0.024390243902439015,-0.0004374319584123064,-45.31122423770159
2025-09-05,MRK,0.024794243538090673,0.024390243902439015,-0.0004039996356516584,-41.84814970859485
2025-09-05,MS,0.024230502799080688,0.024390243902439015,0.0001597411033583268,16.5467218730843
2025-09-05,MSFT,0.02405350484077947,0.024390243902439015,0.0003367390616595446,34.880988549234424
2025-09-05,NKE,0.023642706651806213,0.024390243902439015,0.0007475372506328022,77.43336383651138
2025-09-05,NVDA,0.023609438670110172,0.024390243902439015,0.0007808052323288427,80.87941515849597
2025-09-05,PEP,0.02448441612423781,0.024390243902439015,-9.417222179879461e-05,-9.754794035569272
2025-09-05,PG,0.025088774210637967,0.024390243902439015,-0.0006985303081989518,-72.35699820953697
2025-09-05,QCOM,0.02462455925924519,0.024390243902439015,-0.0002343153568061737,-24.271467757219312
2025-09-05,RTX,0.02445389396880816,0.024390243902439015,-6.365006636914472e-05,-6.5931680905639265
2025-09-05,TMO,0.024615558182896954,0.024390243902439015,-0.0002253142804579389,-23.339094662496507
2025-09-05,TSLA,0.025873023454702136,0.024390243902439015,-0.0014827795522631207,-153.59316002317686
2025-09-05,UPS,0.023945754011267348,0.024390243902439015,0.000444489891171667,46.042317537502456
2025-09-05,V,0.024022430234674166,0.024390243902439015,0.00036781366776484845,38.09983988887184
2025-09-05,WFC,0.0236568255112639,0.024390243902439015,0.0007334183911751162,75.97086711087249
2025-09-05,WMT,0.025517758977010866,0.024390243902439015,-0.0011275150745718512,-116.79322324949881
2025-09-05,XOM,0.023531475992730748,0.024390243902439015,0.0008587679097082669,88.95514965611355
2025-09-12,AAPL,0.023616681148740923,0.02380952380952379,0.00019284266078286802,20.14571085681967
2025-09-12,ABBV,0.02484132334772797,0.02380952380952379,-0.001031799538204179,-107.78909124400595
2025-09-12,ABT,0.02432742451270835,0.02380952380952379,-0.0005179007031845574,-54.10357737517061
2025-09-12,ADBE,0.02421074033676688,0.02380952380952379,-0.00040121652724308884,-41.913921515102054
2025-09-12,AMGN,0.02356556136278714,0.02380952380952379,0.0002439624467366515,25.486045939869527
2025-09-12,BA,0.0,0.02380952380952379,0.02380952380952379,2487.311574928458
2025-09-12,BLK,0.024717485818457785,0.02380952380952379,-0.0009079620089339942,-94.85214540550649
2025-09-12,BRK-B,0.023891924566782612,0.02380952380952379,-8.240075725882146e-05,-8.60816700713495
2025-09-12,CAT,0.024666156393591723,0.02380952380952379,-0.0008566325840679324,-89.4899099561479
2025-09-12,COP,0.024048419493884546,0.02380952380952379,-0.00023889568436075495,-24.956736038260388
2025-09-12,COST,0.024294660782901056,0.02380952380952379,-0.0004851369733772648,-50.68084599089529
2025-09-12,CRM,0.023412182070762174,0.02380952380952379,0.0003973417387616168,41.50913365300673
2025-09-12,CSCO,0.024049965163950474,0.02380952380952379,-0.0002404413544266834,-25.118207686192566
2025-09-12,CVX,0.024726689694864395,0.02380952380952379,-0.000917165885340604,-95.81364755496209
2025-09-12,DE,0.0240431888869605,0.02380952380952379,-0.00023366507743671078,-24.410309774125196
2025-09-12,EOG,0.024230880391215716,0.02380952380952379,-0.000421356581691925,-44.0178943182138
2025-09-12,GS,0.025554716555735314,0.02380952380952379,-0.0017451927462115227,-182.31520096159048
2025-09-12,HD,0.024399603605520463,0.02380952380952379,-0.0005900797959966717,-61.64391688198572
2025-09-12,HON,0.02386878941668679,0.02380952380952379,-5.926560716299975e-05,-6.191305289051077
2025-09-12,JNJ,0.024133565764549732,0.02380952380952379,-0.0003240419550259409,-33.851718830935745
2025-09-12,JPM,0.02521306879089863,0.02380952380952379,-0.0014035449813748387,-146.6242544804682
2025-09-12,KO,0.02384565492762279,0.02380952380952379,-3.6131118098997606e-05,-3.7745126270352443
2025-09-12,LLY,0.025120852626084076,0.02380952380952379,-0.0013113288165602852,-136.99070044664072
2025-09-12,LMT,0.0245700076214331,0.02380952380952379,-0.0007604838119093099,-79.44552789212526
2025-09-12,MA,0.024025998468603368,0.02380952380952379,-0.00021647465907957686,-22.614476858707597
2025-09-12,MCD,0.023492929116291247,0.02380952380952379,0.0003165946932325442,33.073725091605745
2025-09-12,MRK,0.023641287357572347,0.02380952380952379,0.0001682364519514437,17.575171919076308
2025-09-12,MS,0.025539141185798933,0.02380952380952379,-0.0017296173762751423,-180.68808744867528
2025-09-12,MSFT,0.02491166874237927,0.02380952380952379,-0.0011021449328554797,-115.13786964708775
2025-09-12,NKE,0.02388595867815262,0.02380952380952379,-7.643486862882881e-05,-7.984928005682129
2025-09-12,NVDA,0.025748960530502345,0.02380952380952379,-0.0019394367209785539,-202.6073030071127
2025-09-12,PEP,0.02371123804960473,0.02380952380952379,9.828575991906174e-05,10.267626948487521
2025-09-12,PG,0.023863321017286367,0.02380952380952379,-5.3797207762575766e-05,-5.620037537800807
2025-09-12,QCOM,0.0244848000530485,0.02380952380952379,-0.0006752762435247098,-70.54414150531524
2025-09-12,RTX,0.023927323734574638,0.02380952380952379,-0.00011779992505084672,-12.306214918396394
2025-09-12,TMO,0.02353861819946019,0.02380952380952379,0.00027090561006360217,28.300719704218647
2025-09-12,TSLA,0.027292498038187788,0.02380952380952379,-0.0034829742286639973,-363.85616879360634
2025-09-12,UPS,0.023987490088539266,0.02380952380952379,-0.00017796627901547554,-18.591618601169888
2025-09-12,V,0.023916664800951143,0.02380952380952379,-0.00010714099142735203,-11.19270718131567
2025-09-12,WFC,0.02494940729644127,0.02380952380952379,-0.0011398834869174798,-119.08030642534577
2025-09-12,WMT,0.024900731526225642,0.02380952380952379,-0.001091207716701851,-113.99529054495831
2025-09-12,XOM,0.024832419835747008,0.02380952380952379,-0.0010228960262232169,-106.85896729087997
2025-09-19,AAPL,0.02473383513609536,0.02380952380952379,-0.000924311326571569,-97.48561908022319
2025-09-19,ABBV,0.02402834872602226,0.02380952380952379,-0.00021882491649847027,-23.079109648214153
2025-09-19,ABT,0.023989626685653194,0.02380952380952379,-0.0001801028761294031,-18.99515874454033
2025-09-19,ADBE,0.024698751794419063,0.02380952380952379,-0.0008892279848952724,-93.78543583633436
2025-09-19,AMGN,0.024351888451664375,0.02380952380952379,-0.0005423646421405838,-57.20232067523475
2025-09-19,BA,0.02355060739354444,0.02380952380952379,0.0002589164159793496,27.307495187147982
2025-09-19,BLK,0.023990358680243008,0.02380952380952379,-0.00018083487071921672,-19.07236102877073
2025-09-19,BRK-B,0.023539770608958354,0.02380952380952379,0.00026975320056543683,28.450433311829652
2025-09-19,CAT,0.02549609992012251,0.02380952380952379,-0.0016865761105987198,-177.88045168447954
2025-09-19,COP,0.023452156196449896,0.02380952380952379,0.00035736761307389453,37.69098354442026
2025-09-19,COST,0.023174417710224035,0.02380952380952379,0.0006351060992997558,66.98361200604464
2025-09-19,CRM,0.024044701194269526,0.02380952380952379,-0.00023517738474573488,-24.803777998311286
2025-09-19,CSCO,0.024177770162318177,0.02380952380952379,-0.0003682463527943866,-38.83834660919892
2025-09-19,CVX,0.02344719365329736,0.02380952380952379,0.0003623301562264321,38.214374935967804
2025-09-19,DE,0.02353816938193886,0.02380952380952379,0.0002713544275849307,28.619312133062245
2025-09-19,EOG,0.02315118798260089,0.02380952380952379,0.0006583358269229012,69.43361376768803
2025-09-19,GS,0.02433624841448544,0.02380952380952379,-0.0005267246049616495,-55.55279127643205
2025-09-19,HD,0.023191742258965545,0.02380952380952379,0.0006177815505582461,65.15641990009482
2025-09-19,HON,0.023349196889922527,0.02380952380952379,0.0004603269196012637,48.54993490458612
2025-09-19,JNJ,0.023334618425839976,0.02380952380952379,0.00047490538368381505,50.08750190768426
2025-09-19,JPM,0.024186991111866882,0.02380952380952379,-0.0003774673023430909,-39.81086522865278
2025-09-19,KO,0.02355745445468976,0.02380952380952379,0.0002520693548340308,26.585346734085768
2025-09-19,LLY,0.02347613399449982,0.02380952380952379,0.00033338981502397183,35.16208400604996
2025-09-19,LMT,0.023663837368772624,0.02380952380952379,0.00014568644075116724,15.365313028133832
2025-09-19,MA,0.023734641193993922,0.02380952380952379,7.488261552986847e-05,7.897748219046982
2025-09-19,MCD,0.02334907843718622,0.02380952380952379,0.0004604453723375708,48.56242792290006
2025-09-19,MRK,0.02344136106602989,0.02380952380952379,0.00036816274349390013,38.8295284716467
2025-09-19,MS,0.024113066574094205,0.02380952380952379,-0.0003035427645704143,-32.01416391945302
2025-09-19,MSFT,0.023953654078978075,0.02380952380952379,-0.00014413026945428453,-15.201186161016254
2025-09-19,NKE,0.022900651791059202,0.02380952380952379,0.000908872018464589,95.85726025164325
2025-09-19,NVDA,0.023429763380981104,0.02380952380952379,0.00037976042854268727,40.05271753617118
2025-09-19,PEP,0.02329146519358649,0.02380952380952379,0.0005180586159372995,54.638803444956785
2025-09-19,PG,0.023304487976507193,0.02380952380952379,0.0005050358330165976,53.26531161522783
2025-09-19,QCOM,0.02431380728589326,0.02380952380952379,-0.0005042834763694694,-53.18596177778025
2025-09-19,RTX,0.023943915990645392,0.02380952380952379,-0.0001343921811216009,-14.174125751304768
2025-09-19,TMO,0.02360935601733428,0.02380952380952379,0.00020016779218950953,21.11137295471071
2025-09-19,TSLA,0.025376828605632895,0.02380952380952379,-0.0015673047961091043,-165.30109925496902
2025-09-19,UPS,0.023501203607301777,0.02380952380952379,0.00030832020222201426,32.518032533517136
2025-09-19,V,0.023733737586172168,0.02380952380952379,7.578622335162322e-05,7.9930502729947905
2025-09-19,WFC,0.02450287616800238,0.02380952380952379,-0.0006933523584785883,-73.12675065632706
2025-09-19,WMT,0.023317951042416,0.02380952380952379,0.0004915727671077896,51.845383851596374
2025-09-19,XOM,0.02372104740732109,0.02380952380952379,8.847640220270223e-05,9.331462890012963
2025-09-26,AAPL,0.024783142998549928,0.02380952380952379,-0.000973619189026137,-102.65235839393455
2025-09-26,ABBV,0.023617761137275817,0.02380952380952379,0.00019176267224797414,20.218264779546374
2025-09-26,ABT,0.023380953639707665,0.02380952380952379,0.0004285701698161261,45.18577608656124
2025-09-26,ADBE,0.023456930007817404,0.02380952380952379,0.00035259380170638704,37.17529985871333
2025-09-26,AMGN,0.022779627397835716,0.02380952380952379,0.0010298964116880749,108.58587911252982
2025-09-26,BA,0.02443646594092218,0.02380952380952379,-0.0006269421313983906,-66.1008832713517
2025-09-26,BLK,0.024100304316527533,0.02380952380952379,-0.00029078050700374197,-30.65809009862973
2025-09-26,BRK-B,0.024163856293065108,0.02380952380952379,-0.00035433248354131697,-37.358615669313544
2025-09-26,CAT,0.0237770639222464,0.02380952380952379,3.245988727739249e-05,3.4223688478844885
2025-09-26,COP,0.025516613608421678,0.02380952380952379,-0.0017070897988978873,-179.9849425958585
2025-09-26,COST,0.022935232560538928,0.02380952380952379,0.0008742912489848632,92.1798375001682
2025-09-26,CRM,0.023464098623173807,0.02380952380952379,0.00034542518634998395,36.41948559267589
2025-09-26,CSCO,0.023471205941810853,0.02380952380952379,0.0003383178677129374,35.670134071903426
2025-09-26,CVX,0.024419126228985885,0.02380952380952379,-0.0006096024194620943,-64.27269177287408
2025-09-26,DE,0.023530858467952016,0.02380952380952379,0.0002786653415717752,29.38074232452924
2025-09-26,EOG,0.024085849452688886,0.02380952380952379,-0.000276325643165095,-29.134059060596766
2025-09-26,GS,0.023743213481476975,0.02380952380952379,6.631032804681539e-05,6.991349016744092
2025-09-26,HD,0.023496032401393346,0.02380952380952379,0.0003134914081304452,33.052586415243475
2025-09-26,HON,0.023682655689023283,0.02380952380952379,0.0001268681205005076,13.376186419876909
2025-09-26,JNJ,0.024292707214022987,0.02380952380952379,-0.00048318340449919617,-50.94385625068182
2025-09-26,JPM,0.02391373020055336,0.02380952380952379,-0.00010420639102956888,-10.986874457153522
2025-09-26,KO,0.023544402381784083,0.02380952380952379,0.00026512142773970834,27.952756195643925
2025-09-26,LLY,0.022947493483932747,0.02380952380952379,0.0008620303255910435,90.88712191213435
2025-09-26,LMT,0.024547091400763544,0.02380952380952379,-0.0007375675912397531,-77.7645444636585
2025-09-26,MA,0.02304101316893339,0.02380952380952379,0.0007685106405904002,81.0269873443509
2025-09-26,MCD,0.02404215052461776,0.02380952380952379,-0.00023262671509396982,-24.526715577283923
2025-09-26,MRK,0.022954903627188866,0.02380952380952379,0.0008546201823349253,90.10584244491442
2025-09-26,MS,0.02384667082564476,0.02380952380952379,-3.7147016120970405e-05,-3.9165505929780435
2025-09-26,MSFT,0.023519364300646797,0.02380952380952379,0.00029015950887699427,30.59261591427986
2025-09-26,NKE,0.02328605103178899,0.02380952380952379,0.0005234727777348007,55.191717455004536
2025-09-26,NVDA,0.024021796463889095,0.02380952380952379,-0.00021227265436530446,-22.38070986967171
2025-09-26,PEP,0.023595112658331203,0.02380952380952379,0.00021441115119258738,22.606179689096813
2025-09-26,PG,0.023276565419662512,0.02380952380952379,0.0005329583898612787,56.19182146545141
2025-09-26,QCOM,0.024152331780383892,0.02380952380952379,-0.0003428079708601012,-36.143542651647444
2025-09-26,RTX,0.02458599886110352,0.02380952380952379,-0.0007764750515797288,-81.86670535780841
2025-09-26,TMO,0.02305506975796351,0.02380952380952379,0.000754454051560282,79.54494792772924
2025-09-26,TSLA,0.02461791631162625,0.02380952380952379,-0.0008083925021024584,-85.23188304432992
2025-09-26,UPS,0.023720553147348288,0.02380952380952379,8.897066217550265e-05,9.38051386324946
2025-09-26,V,0.023521273697210607,0.02380952380952379,0.00028825011231318337,30.39130100328215
2025-09-26,WFC,0.023920999680835123,0.02380952380952379,-0.00011147587131133188,-11.753323294267746
2025-09-26,WMT,0.02401006275106708,0.02380952380952379,-0.00020053894154328789,-21.143580088877286
2025-09-26,XOM,0.024745749201287706,0.02380952380952379,-0.0009362253917639153,-98.70978873062376
2025-10-03,AAPL,0.023696515187704208,0.02380952380952379,0.00011300862181958318,12.091483216036144
2025-10-03,ABBV,0.024875828193032058,0.02380952380952379,-0.0010663043835082674,-114.0904237993435
2025-10-03,ABT,0.02364410639514448,0.02380952380952379,0.00016541741437930968,17.699020281839378
2025-10-03,ADBE,0.022574040260655973,0.02380952380952379,0.0012354835488678183,132.19193681234026
2025-10-03,AMGN,0.02560230559842876,0.02380952380952379,-0.0017927817889049694,-191.82068201103598
2025-10-03,BA,0.022935468446431333,0.02380952380952379,0.0008740553630924575,93.52052597890719
2025-10-03,BLK,0.023547423814071197,0.02380952380952379,0.00026209999545259363,28.04368060516424
2025-10-03,BRK-B,0.023401345846901064,0.02380952380952379,0.0004081779626227272,43.67345521731926
2025-10-03,CAT,0.02507785027506703,0.02380952380952379,-0.0012683264655432396,-135.70600122045707
2025-10-03,COP,0.02243222606387469,0.02380952380952379,0.001377297745649101,147.36550456820666
2025-10-03,COST,0.02344680435025075,0.02380952380952379,0.00036271945927304067,38.809572077886024
2025-10-03,CRM,0.02316552207344347,0.02380952380952379,0.0006440017360803199,68.90568221728313
2025-10-03,CSCO,0.023848859690663304,0.02380952380952379,-3.93358811395135e-05,-4.208786364510807
2025-10-03,CVX,0.022493122990434104,0.02380952380952379,0.0013164008190896873,140.84977016188068
2025-10-03,DE,0.023487016365389156,0.02380952380952379,0.000322507444134635,34.507042781446394
2025-10-03,EOG,0.02216543633433128,0.02380952380952379,0.0016440874751925093,175.91096848984463
2025-10-03,GS,0.02309508783326221,0.02380952380952379,0.0007144359762615814,76.4418721050391
2025-10-03,HD,0.02260153149770427,0.02380952380952379,0.0012079923118195196,129.25048131978266
2025-10-03,HON,0.02355831918797255,0.02380952380952379,0.00025120462155124243,26.87791795325836
2025-10-03,JNJ,0.024627229136288935,0.02380952380952379,-0.0008177053267651446,-87.49129115147512
2025-10-03,JPM,0.02301379576569494,0.02380952380952379,0.0007957280438288493,85.13980731352035
2025-10-03,KO,0.02381152334458948,0.02380952380952379,-1.999535065688729e-06,-0.21394247887784895
2025-10-03,LLY,0.027195915703877995,0.02380952380952379,-0.0033863918943542043,-362.33076816807187
2025-10-03,LMT,0.02428205240523672,0.02380952380952379,-0.0004725285957129302,-50.5587227962276
2025-10-03,MA,0.024097412919118284,0.02380952380952379,-0.0002878891095944927,-30.80301556370434
2025-10-03,MCD,0.0231339713299817,0.02380952380952379,0.0006755524795420895,72.28148911483561
2025-10-03,MRK,0.02663598110403993,0.02380952380952379,-0.002826457294516138,-302.4199427194719
2025-10-03,MS,0.02309213751572093,0.02380952380952379,0.0007173862938028609,76.75754461265812
2025-10-03,MSFT,0.023731585415351024,0.02380952380952379,7.793839417276696e-05,8.339105192605
2025-10-03,NKE,0.024348274339059412,0.02380952380952379,-0.0005387505295356212,-57.64421227886961
2025-10-03,NVDA,0.024703004405806316,0.02380952380952379,-0.0008934805962825254,-95.59895041505577
2025-10-03,PEP,0.023718672308437973,0.02380952380952379,9.08515010858181e-05,9.720757432867797
2025-10-03,PG,0.023426020627030152,0.02380952380952379,0.00038350318249363857,41.03334966619966
2025-10-03,QCOM,0.023458630122844625,0.02380952380952379,0.00035089368667916634,37.54426038278567
2025-10-03,RTX,0.023925312119200303,0.02380952380952379,-0.00011578830967651221,-12.388899010749007
2025-10-03,TMO,0.02745788964137332,0.02380952380952379,-0.003648365831849531,-390.36096106185624
2025-10-03,TSLA,0.022898307990708716,0.02380952380952379,0.0009112158188150747,97.49655028073101
2025-10-03,UPS,0.024318927238068062,0.02380952380952379,-0.0005094034285442715,-54.50418655903793
2025-10-03,V,0.0243285950694253,0.02380952380952379,-0.0005190712599015095,-55.53860693076972
2025-10-03,WFC,0.02226362939318983,0.02380952380952379,0.0015458944163339594,165.40469291544719
2025-10-03,WMT,0.023213506949650096,0.02380952380952379,0.0005960168598736944,63.77148700337918
2025-10-03,XOM,0.0226688147505435,0.02380952380952379,0.0011407090589802896,122.05143482822652
2025-10-10,AAPL,0.02320935174009123,0.02380952380952379,0.0006001720694325599,62.61908402360572
2025-10-10,ABBV,0.02405991605641095,0.02380952380952379,-0.0002503922468871586,-26.124729798756935
2025-10-10,ABT,0.024049416707589172,0.02380952380952379,-0.00023989289806538097,-25.029277944948337
2025-10-10,ADBE,0.0237659242228913,0.02380952380952379,4.3599586632490916e-05,4.548972399391553
2025-10-10,AMGN,0.023779828105648836,0.02380952380952379,2.969570387495457e-05,3.0983077533814565
2025-10-10,BA,0.02378711739531818,0.02380952380952379,2.2406414205609904e-05,2.3377781227562764
2025-10-10,BAC,0.0,0.02380952380952379,0.02380952380952379,2484.1718699109574
2025-10-10,BLK,0.023819921749533537,0.02380952380952379,-1.039794000974592e-05,-1.084871343243765
2025-10-10,BRK-B,0.023944919380908557,0.02380952380952379,-0.00013539557138476585,-14.126526529271375
2025-10-10,CAT,0.02409462799686715,0.02380952380952379,-0.0002851041873433609,-29.746407692072452
2025-10-10,COP,0.022725209084787458,0.02380952380952379,0.0010843147247363329,113.13221376745021
2025-10-10,COST,0.02480607993051678,0.02380952380952379,-0.000996556120992989,-103.97590066745137
2025-10-10,CRM,0.02454994233721361,0.02380952380952379,-0.0007404185276898186,-77.25172889481331
2025-10-10,CSCO,0.0244230478257609,0.02380952380952379,-0.0006135240162371096,-64.01216231134293
2025-10-10,CVX,0.023676460823571107,0.02380952380952379,0.00013306298595268384,13.883155718460602
2025-10-10,DE,0.023543936808348633,0.02380952380952379,0.00026558700117515835,27.710077808000165
2025-10-10,EOG,0.023807830307654487,0.02380952380952379,1.6935018693035875e-06,0.17669188762535512
2025-10-10,GS,0.023624022702275888,0.02380952380952379,0.00018550110724790264,19.35429856342818
2025-10-10,HD,0.023222443081314423,0.02380952380952379,0.000587080728209368,61.25319607615125
2025-10-10,HON,0.023465151599523032,0.02380952380952379,0.0003443722100007589,35.9301497882441
2025-10-10,JNJ,0.024685072719536794,0.02380952380952379,-0.0008755489100130028,-91.35058686539114
2025-10-10,JPM,0.02381125639727672,0.02380952380952379,-1.7325877529304756e-06,-0.18076992183524931
2025-10-10,KO,0.024558724694488037,0.02380952380952379,-0.0007492008849642462,-78.16803806030423
2025-10-10,LLY,0.02423038425626102,0.02380952380952379,-0.00042086044673722914,-43.91056668359693
2025-10-10,LMT,0.024442958654111436,0.02380952380952379,-0.000633434844587645,-66.08956293853402
2025-10-10,MA,0.023480611007575734,0.02380952380952379,0.0003289128019480572,34.31718907062425
2025-10-10,MCD,0.02409380611466899,0.02380952380952379,-0.0002842823051451976,-29.660656433316024
2025-10-10,MRK,0.02353985369495405,0.02380952380952379,0.0002696701145697422,28.136090336332405
2025-10-10,MS,0.02352809785111112,0.02380952380952379,0.0002814259584126705,29.362638872762474
2025-10-10,MSFT,0.024114288562968378,0.02380952380952379,-0.000304764753444587,-31.797697152790473
2025-10-10,NKE,0.022138221401091836,0.02380952380952379,0.0016713024084319544,174.37570202392612
2025-10-10,NVDA,0.02383545908315256,0.02380952380952379,-2.5935273628770183e-05,-2.7059624418554455
2025-10-10,PEP,0.025808789985159813,0.02380952380952379,-0.0019992661756360226,-208.59387334713776
2025-10-10,PG,0.024002164773676265,0.02380952380952379,-0.000192640964152474,-20.09923709388426
2025-10-10,QCOM,0.02216592800166925,0.0,-0.02216592800166925,-2312.6869421131723
2025-10-10,RTX,0.023114306254480712,0.02380952380952379,0.0006952175550430789,72.53567553566421
2025-10-10,TMO,0.023583595224886008,0.02380952380952379,0.00022592858463778287,23.572308251771055
2025-10-10,TSLA,0.023487688227916595,0.02380952380952379,0.0003218355816071959,33.57878573973122
2025-10-10,UPS,0.023315765699102202,0.02380952380952379,0.0004937581104215889,51.51636035488742
2025-10-10,V,0.023983845277786672,0.02380952380952379,-0.00017432146826288145,-18.1878684867695
2025-10-10,WFC,0.023492736498656245,0.02380952380952379,0.0003167873108675459,33.05207330887963
2025-10-10,WMT,0.024360839718393344,0.02380952380952379,-0.0005513159088695527,-57.52166583442174
2025-10-10,XOM,0.02387045804485037,0.02380952380952379,-6.093423532657974e-05,-6.357586759138609
2025-10-17,AAPL,0.0240922676376048,0.02380952380952379,-0.0002827438280810085,-29.986456009262078
2025-10-17,ABBV,0.02349556790975492,0.02380952380952379,0.0003139558997688717,33.29665882068433
2025-10-17,ABT,0.022810875561981973,0.02380952380952379,0.0009986482475418182,105.91184941819363
2025-10-17,ADBE,0.023126964402894513,0.02380952380952379,0.0006825594066292781,72.38898107700781
2025-10-17,AMGN,0.024122625156812662,0.02380952380952379,-0.00031310134728887093,-33.206029078125255
2025-10-17,BA,0.023667532551423995,0.02380952380952379,0.00014199125809979604,15.058912668783035
2025-10-17,BAC,0.02468807396408701,0.02380952380952379,-0.0008785501545632186,-93.1748209697168
2025-10-17,BLK,0.02401759580006537,0.02380952380952379,-0.00020807199054157996,-22.06711861221267
2025-10-17,BRK-B,0.02357943951475865,0.02380952380952379,0.0002300842947651413,24.401638155016627
2025-10-17,CAT,0.02512765159198356,0.02380952380952379,-0.0013181277824597694,-139.7943185235206
2025-10-17,COP,0.02311189003104888,0.02380952380952379,0.0006976337784749091,73.98769674583141
2025-10-17,COST,0.02358106726958742,0.02380952380952379,0.0002284565399363718,24.229006275134264
2025-10-17,CRM,0.023557577879600975,0.02380952380952379,0.0002519459299228158,26.72017845842626
2025-10-17,CSCO,0.02417688545111741,0.02380952380952379,-0.0003673616415936186,-38.960615974900094
2025-10-17,CVX,0.02407941225257972,0.02380952380952379,-0.00026988844305592813,-28.623075453254845
2025-10-17,DE,0.02405946075100239,0.02380952380952379,-0.00024993694147859916,-26.507114767471503
2025-10-17,EOG,0.02324199080524119,0.02380952380952379,0.0005675330042826006,60.18983184258459
2025-10-17,GS,0.023005469804951946,0.02380952380952379,0.0008040540045718449,85.27411615243713
2025-10-17,HD,0.024428588717637693,0.02380952380952379,-0.0006190649081139026,-65.65505871525794
2025-10-17,HON,0.023660886457239582,0.02380952380952379,0.00014863735228420882,15.763765581919683
2025-10-17,JNJ,0.0237289172759178,0.02380952380952379,8.060653360598968e-05,8.548742833539745
2025-10-17,JPM,0.023162683233552955,0.02380952380952379,0.0006468405759708362,68.60081299740335
2025-10-17,KO,0.023911020029177645,0.02380952380952379,-0.00010149621965385366,-10.764202870184993
2025-10-17,LLY,0.02256032349243663,0.02380952380952379,0.001249200317087161,132.48420172184288
2025-10-17,LMT,0.022962781474012754,0.02380952380952379,0.0008467423355110366,89.80143604657871
2025-10-17,MA,0.02356852893915698,0.02380952380952379,0.0002409948703668112,25.558761539586015
2025-10-17,MCD,0.02429565487318511,0.02380952380952379,-0.00048613106366132003,-51.556731951154816
2025-10-17,MRK,0.023095046156272947,0.02380952380952379,0.0007144776532508439,75.77407741918557
2025-10-17,MS,0.024472223001967223,0.02380952380952379,-0.000662699192443432,-70.28270189468107
2025-10-17,MSFT,0.023541998302002272,0.02380952380952379,0.00026752550752151896,28.372473829388515
2025-10-17,NKE,0.024194009809600424,0.02380952380952379,-0.000384486000076633,-40.77674340665653
2025-10-17,NVDA,0.023429569187818126,0.02380952380952379,0.00037995462170566444,40.296167122800604
2025-10-17,PEP,0.02398840429454288,0.02380952380952379,-0.00017888048501909018,-18.97120736939157
2025-10-17,PG,0.02368945773151653,0.02380952380952379,0.00012006607800726238,12.733633093974627
2025-10-17,RTX,0.023459027685911255,0.02380952380952379,0.0003504961236125356,37.171939926883
2025-10-17,TMO,0.024052079387163958,0.02380952380952379,-0.0002425555776401668,-25.7242826769118
2025-10-17,TSLA,0.02488445725291806,0.02380952380952379,-0.0010749334433942694,-114.00229186962734
2025-10-17,UPS,0.02442242392967529,0.02380952380952379,-0.0006129001201514994,-65.00125083447878
2025-10-17,V,0.023301945377514153,0.02380952380952379,0.000507578432009638,53.83133710118134
2025-10-17,WFC,0.025129807320054723,0.02380952380952379,-0.001320283510530932,-140.02294471639837
2025-10-17,WMT,0.024776524002684642,0.02380952380952379,-0.000967000193160851,-102.55540837078124
2025-10-17,XOM,0.02374129373154257,0.02380952380952379,6.823007798122116e-05,7.236155235566166
2025-10-24,AAPL,0.02437892658352402,0.022727272727272728,-0.0016516538562512915,-178.21178213327903
2025-10-24,ABBV,0.023241107942312773,0.022727272727272728,-0.0005138352150400455,-55.44230048477603
2025-10-24,ABT,0.02309448943907389,0.022727272727272728,-0.0003672167118011632,-39.62231213974853
2025-10-24,ADBE,0.024824868599894766,0.022727272727272728,-0.002097595872622038,-226.32847508607125
2025-10-24,AMGN,0.02285003423502481,0.022727272727272728,-0.00012276150775208244,-13.245842638918159
2025-10-24,AVGO,0.0,0.022727272727272728,0.022727272727272728,2452.249761913862
2025-10-24,BA,0.024326435067933947,0.022727272727272728,-0.0015991623406612192,-172.54800064251592
2025-10-24,BAC,0.023990878448949673,0.022727272727272728,-0.0012636057216769449,-136.3417805259524
2025-10-24,BLK,0.022907795146138422,0.022727272727272728,-0.00018052241886569453,-19.47818658207461
2025-10-24,BRK-B,0.02338696473795848,0.022727272727272728,-0.0006596920106857508,-71.18010135018682
2025-10-24,CAT,0.023275715559938286,0.022727272727272728,-0.0005484428326655577,-59.17642745640903
2025-10-24,COP,0.023821612335074835,0.022727272727272728,-0.001094339607802107,-118.07813787816754
2025-10-24,COST,0.023297448307394164,0.022727272727272728,-0.0005701755801214362,-61.52136894648316
2025-10-24,CRM,0.024533387391802806,0.022727272727272728,-0.0018061146645300778,-194.8779472676528
2025-10-24,CSCO,0.023569023603093233,0.022727272727272728,-0.0008417508758205051,-90.82406893215122
2025-10-24,CVX,0.023781304991262294,0.022727272727272728,-0.0010540322639895662,-113.72901621038947
2025-10-24,DE,0.024130016088995045,0.022727272727272728,-0.0014027433617223167,-151.35459129163127
2025-10-24,EOG,0.02343742461304474,0.022727272727272728,-0.0007101518857720104,-76.62467088351208
2025-10-24,GS,0.024434240326919175,0.022727272727272728,-0.0017069675996464473,-184.1800791524178
2025-10-24,HD,0.02309046340167658,0.022727272727272728,-0.00036319067440385155,-39.18790677279192
2025-10-24,HON,0.024921884144631774,0.022727272727272728,-0.0021946114173590457,-236.79635433133518
2025-10-24,JNJ,0.023060620932346385,0.022727272727272728,-0.00033334820507365664,-35.96793448715666
2025-10-24,JPM,0.023628674826364895,0.022727272727272728,-0.0009014020990921676,-97.26037564704663
2025-10-24,KO,0.023836431994784458,0.022727272727272728,-0.00110915926751173,-119.67716418592852
2025-10-24,LLY,0.02406153630869206,0.022727272727272728,-0.0013342635814193315,-143.9656921940993
2025-10-24,LMT,0.022941833571070304,0.022727272727272728,-0.000214560843797576,-23.150898237220296
2025-10-24,MA,0.023931985253274835,0.022727272727272728,-0.0012047125260021066,-129.9872642227858
2025-10-24,MCD,0.023227471213636056,0.022727272727272728,-0.0005001984863633284,-53.970911240142435
2025-10-24,MRK,0.0241473761700412,0.022727272727272728,-0.0014201034427684736,-153.22772649457
2025-10-24,MS,0.024167643633492834,0.022727272727272728,-0.0014403709062201057,-155.41456532121995
2025-10-24,MSFT,0.023859207568019555,0.022727272727272728,-0.0011319348407468274,-122.13462552383017
2025-10-24,NKE,0.024006594288926607,0.022727272727272728,-0.0012793215616538796,-138.03750377898785
2025-10-24,NVDA,0.02379046116914725,0.022727272727272728,-0.0010631884418745227,-114.7169585520802
2025-10-24,PEP,0.023073316114763744,0.022727272727272728,-0.0003460433874910157,-37.33773184181522
2025-10-24,PG,0.023735485071335372,0.022727272727272728,-0.0010082123440626443,-108.7850931501944
2025-10-24,RTX,0.02646912225088609,0.022727272727272728,-0.003741849523613363,-403.7417825495282
2025-10-24,TMO,0.02486035689718248,0.022727272727272728,-0.0021330841699097533,-230.1576265033505
2025-10-24,TSLA,0.02310439227656534,0.022727272727272728,-0.00037711954929261354,-40.69081829849848
2025-10-24,UNH,0.0,0.022727272727272728,0.022727272727272728,2452.249761913862
2025-10-24,UPS,0.023621542039223755,0.022727272727272728,-0.0008942693119510271,-96.4907551220263
2025-10-24,V,0.02377795822185073,0.022727272727272728,-0.0010506854945780027,-113.36790317271124
2025-10-24,WFC,0.02428172375314196,0.022727272727272728,-0.0015544510258692322,-167.72369495616167
2025-10-24,WMT,0.023063292991118332,0.022727272727272728,-0.00033602026384560446,-36.25624692859913
2025-10-24,XOM,0.02405895248949149,0.022727272727272728,-0.0013316797622187626,-143.68690071324463
2025-10-31,AAPL,0.0234151918399187,0.022222222222222213,-0.0011929696176964863,-128.51593402493134
2025-10-31,ABBV,0.02176797325840508,0.022222222222222213,0.0004542489638171311,48.93521930385687
2025-10-31,ABT,0.0221817560275455,0.022222222222222213,4.046619467671167e-05,4.359332147413851
2025-10-31,ADBE,0.021910806178411516,0.022222222222222213,0.0003114160438106965,33.548150050928555
2025-10-31,AMGN,0.023281678897565262,0.022222222222222213,-0.0010594566753430491,-114.13288500470537
2025-10-31,AVGO,0.02375757447390521,0.022222222222222213,-0.0015353522516829976,-165.40004519421305
2025-10-31,BA,0.020670803754971278,0.0,-0.020670803754971278,-2226.819201603558
2025-10-31,BAC,0.023142346245921853,0.022222222222222213,-0.0009201240236996408,-99.12289179071327
2025-10-31,BLK,0.02168357025443069,0.022222222222222213,0.0005386519677915216,58.027765106677556
2025-10-31,BRK-B,0.022087879112128273,0.022222222222222213,0.00013434311009393948,14.472481123932035
2025-10-31,CAT,0.02513573642410811,0.022222222222222213,-0.002913514201885896,-313.8663327178974
2025-10-31,COP,0.02297593938477834,0.022222222222222213,-0.0007537171625561258,-81.19625487492145
2025-10-31,COST,0.022287601019632435,0.022222222222222213,-6.537879741022254e-05,-7.043110813522153
2025-10-31,CRM,0.023259732882653112,0.022222222222222213,-0.0010375106604308994,-111.76869017298287
2025-10-31,CSCO,0.02356053723566848,0.022222222222222213,-0.001338315013446268,-144.17366663934132
2025-10-31,CVX,0.023077377290398746,0.022222222222222213,-0.0008551550681765337,-92.12393232198973
2025-10-31,DE,0.022225468283279676,0.022222222222222213,-3.2460610574630566e-06,-0.3496908575989879
2025-10-31,EOG,0.022645791112395564,0.022222222222222213,-0.00042356889017335086,-45.63012396714793
2025-10-31,GS,0.022920742708591717,0.022222222222222213,-0.0006985204863695048,-75.2500410820736
2025-10-31,HD,0.022343987652650932,0.022222222222222213,-0.00012176543042871982,-13.117515979754037
2025-10-31,HON,0.022495019577016197,0.022222222222222213,-0.0002727973547939841,-29.38784553337976
2025-10-31,JNJ,0.02257842626674034,0.022222222222222213,-0.0003562040445181276,-38.37306064264928
2025-10-31,JPM,0.023570445197002625,0.022222222222222213,-0.0013482229747804123,-145.2410290316872
2025-10-31,KO,0.022496855560130372,0.022222222222222213,-0.0002746333379081596,-29.58563186529647
2025-10-31,LLY,0.02379289124240895,0.022222222222222213,-0.001570669020186738,-169.20464124064415
2025-10-31,LMT,0.023064714146979755,0.022222222222222213,-0.0008424919247575421,-90.75976035981877
2025-10-31,MA,0.021901137250240114,0.022222222222222213,0.00032108497198209823,34.58976193821788
2025-10-31,MCD,0.022213488873756,0.022222222222222213,8.7333484662111e-06,0.940823989690133
2025-10-31,MRK,0.02236848857721535,0.022222222222222213,-0.00014626635499313811,-15.75694548253598
2025-10-31,MS,0.022919464835778926,0.022222222222222213,-0.0006972426135567131,-75.11237871778128
2025-10-31,MSFT,0.022509200002415488,0.022222222222222213,-0.00028697778019327533,-30.915470871047354
2025-10-31,NKE,0.021272665330603065,0.022222222222222213,0.0009495568916191473,102.2936284596082
2025-10-31,NVDA,0.024744670375628306,0.022222222222222213,-0.0025224481534060934,-271.7376667902061
2025-10-31,PEP,0.021941291240275884,0.022222222222222213,0.0002809309819463285,30.26406289465042
2025-10-31,PG,0.02244488930950679,0.022222222222222213,-0.00022266708728457818,-23.987424553396288
2025-10-31,QCOM,0.0,0.022222222222222213,0.022222222222222213,2393.950024069322
2025-10-31,RTX,0.022742221512967297,0.022222222222222213,-0.0005199992907450844,-56.01835415678515
2025-10-31,SLB,0.0,0.022222222222222213,0.022222222222222213,2393.950024069322
2025-10-31,TMO,0.022558169615279358,0.022222222222222213,-0.0003359473930571455,-36.190857136283086
2025-10-31,TSLA,0.02395995682777248,0.022222222222222213,-0.0017377346055502674,-187.2022410352421
2025-10-31,UNH,0.021446508596140043,0.022222222222222213,0.0007757136260821695,83.56588442236401
2025-10-31,UPS,0.025162201690786822,0.022222222222222213,-0.0029399794685646095,-316.71737637901026
2025-10-31,V,0.02232625809515956,0.022222222222222213,-0.00010403587293734626,-11.207550623509489
2025-10-31,WFC,0.022908837691913365,0.022222222222222213,-0.0006866154696911521,-73.96754040870763
2025-10-31,WMT,0.02169154713882951,0.022222222222222213,0.0005306750833927038,57.168433289742886
2025-10-31,XOM,0.022558157008092886,0.022222222222222213,-0.00033593478587067363,-36.18949899243699
2025-11-07,AAPL,0.02231076549290795,0.021739130434782608,-0.0005716350581253422,-60.899587173424955
2025-11-07,ABBV,0.02258407595091826,0.021739130434782608,-0.0008449455161356513,-90.0169301817292
2025-11-07,ABT,0.02296667182601161,0.021739130434782608,-0.0012275413912290027,-130.77708041438234
2025-11-07,ADBE,0.021586580733771656,0.021739130434782608,0.0001525497010109525,16.252001487563334
2025-11-07,AMGN,0.024107715952300553,0.021739130434782608,-0.0023685855175179446,-252.33910718290338
2025-11-07,AMZN,0.0,0.021739130434782608,0.021739130434782608,2315.9952318690835
2025-11-07,AVGO,0.02124076598356878,0.021739130434782608,0.0004983644512138279,53.09364586623678
2025-11-07,BA,0.0,0.021739130434782608,0.021739130434782608,2315.9952318690835
2025-11-07,BAC,0.02236356848554412,0.021739130434782608,-0.000624438050761511,-66.52499521541908
2025-11-07,BLK,0.02245600034512699,0.021739130434782608,-0.0007168699103443817,-76.37229553448825
2025-11-07,BRK-B,0.023481195465508625,0.021739130434782608,-0.0017420650307260165,-185.59225801929685
2025-11-07,CAT,0.02191751115316762,0.021739130434782608,-0.0001783807183850135,-19.00392908890536
2025-11-07,COP,0.02195536508498549,0.021739130434782608,-0.0002162346502028803,-23.036727266398497
2025-11-07,COST,0.02274697852150187,0.021739130434782608,-0.0010078480867192624,-107.37188271134876
2025-11-07,CRM,0.020697295316468398,0.021739130434782608,0.0010418351183142105,110.9927176548358
2025-11-07,CSCO,0.021841718354345067,0.021739130434782608,-0.00010258791956245863,-10.929284097485072
2025-11-07,CVX,0.022084024171411386,0.021739130434782608,-0.0003448937366287777,-36.74352347855299
2025-11-07,DE,0.022768484154707315,0.021739130434782608,-0.0010293537199247069,-109.66300213360695
2025-11-07,EOG,0.022377378377775932,0.021739130434782608,-0.0006382479429933238,-67.99624286524828
2025-11-07,GS,0.02238241385818818,0.021739130434782608,-0.0006432834234055725,-68.53270170199542
2025-11-07,HD,0.021966711199827346,0.021739130434782608,-0.00022758076504473743,-24.245494468601585
2025-11-07,HON,0.021658435692856328,0.021739130434782608,8.069474192628004e-05,8.596877326755857
2025-11-07,JNJ,0.02219505054377739,0.021739130434782608,-0.0004559201089947805,-48.57180473307665
2025-11-07,JPM,0.02269181856154845,0.021739130434782608,-0.000952688126765841,-101.49537331620694
2025-11-07,KO,0.023006734340209663,0.021739130434782608,-0.0012676039054270553,-135.0451716399137
2025-11-07,LLY,0.024070367329317895,0.021739130434782608,-0.0023312368945352865,-248.36014247664662
2025-11-07,LMT,0.020937039838151535,0.021739130434782608,0.0008020905966310728,85.45134787693128
2025-11-07,MA,0.022467847864881967,0.021739130434782608,-0.0007287174300993592,-77.63448030054037
2025-11-07,MCD,0.022561267987015646,0.021739130434782608,-0.0008221375522330376,-87.5870659419628
2025-11-07,MRK,0.022547060294947137,0.021739130434782608,-0.0008079298601645288,-86.07343837598239
2025-11-07,MS,0.02224397595019304,0.021739130434782608,-0.0005048455154104334,-53.78411109996847
2025-11-07,MSFT,0.02155787167965356,0.021739130434782608,0.00018125875512904968,19.310542980216624
2025-11-07,NKE,0.021251133172849254,0.021739130434782608,0.0004879972619333539,51.98916926292953
2025-11-07,NVDA,0.02087746587231626,0.021739130434782608,0.0008616645624663494,91.79810683456076
2025-11-07,PEP,0.021985728142804615,0.021739130434782608,-0.0002465977080220068,-26.27147933456536
2025-11-07,PG,0.021962118736447437,0.021739130434782608,-0.00022298830166482889,-23.75623279724311
2025-11-07,QCOM,0.021225370288515413,0.021739130434782608,0.0005137601462671948,54.73383825764256
2025-11-07,RTX,0.02227607432248909,0.021739130434782608,-0.0005369438877064828,-57.20373625063529
2025-11-07,SLB,0.022842516620555333,0.021739130434782608,-0.001103386185772725,-117.55010867735291
2025-11-07,TMO,0.022667450294620237,0.021739130434782608,-0.0009283198598376285,-98.89928097553289
2025-11-07,TSLA,0.021137943324087805,0.021739130434782608,0.0006011871106948036,64.04793816419453
2025-11-07,UNH,0.021327337850353612,0.0,-0.021327337850353612,-2272.1245874144797
2025-11-07,UPS,0.022359139558580373,0.021739130434782608,-0.0006200091237977649,-66.05315602382379
2025-11-07,V,0.022157418900866754,0.021739130434782608,-0.00041828846608414627,-44.56268827784892
2025-11-07,WFC,0.022345263989859653,0.021739130434782608,-0.0006061335550770451,-64.57491147797748
2025-11-07,WMT,0.02278177260453379,0.021739130434782608,-0.0010426421697511817,-111.07869750971113
2025-11-07,XOM,0.023030575810530148,0.021739130434782608,-0.0012914453757475394,-137.5851412927312
2025-11-14,AAPL,0.02175843717745015,0.02083333333333332,-0.000925103844116832,-100.0014335015075
2025-11-14,ABBV,0.022713272645137405,0.02083333333333332,-0.0018799393118040866,-203.21678184757812
2025-11-14,ABT,0.02214011793956031,0.02083333333333332,-0.0013067846062269906,-141.2601782291355
2025-11-14,ADBE,0.021695543742084097,0.02083333333333332,-0.0008622104087507784,-93.20280896390861
2025-11-14,AMGN,0.022529575341925515,0.02083333333333332,-0.001696242008592197,-183.3595585008442
2025-11-14,AMZN,0.020570991790202064,0.02083333333333332,0.0002623415431312545,28.358470832178096
2025-11-14,AVGO,0.02099564824804661,0.02083333333333332,-0.00016231491471329143,-17.54584012727782
2025-11-14,BA,0.021413060070554723,0.02083333333333332,-0.0005797267372214046,-62.667023956254035
2025-11-14,BAC,0.021185382945830278,0.02083333333333332,-0.0003520496124969595,-38.05569086890537
2025-11-14,BLK,0.020942721071265637,0.02083333333333332,-0.0001093877379323184,-11.824543450213557
2025-11-14,BRK-B,0.021847082381513658,0.02083333333333332,-0.0010137490481803395,-109.58376043243406
2025-11-14,CAT,0.02107790460272482,0.02083333333333332,-0.00024457126939150114,-26.437548268737633
2025-11-14,COP,0.02254309016202834,0.02083333333333332,-0.001709756828695022,-184.82047706949174
2025-11-14,COST,0.021428537755746078,0.02083333333333332,-0.0005952044224127595,-64.34012337775539
2025-11-14,CRM,0.02176054788516032,0.02083333333333332,-0.0009272145518270034,-100.22959577546425
2025-11-14,CSCO,0.023511907780017778,0.02083333333333332,-0.00267857444668446,-289.547261220898
2025-11-14,CVX,0.02178226960346962,0.02083333333333332,-0.0009489362701363031,-102.57765970672989
2025-11-14,DE,0.02180948573394274,0.02083333333333332,-0.0009761524006094216,-105.51965597988794
2025-11-14,EOG,0.02243710671721302,0.02083333333333332,-0.0016037733838797016,-173.36392927071137
2025-11-14,GS,0.02154746886430014,0.02083333333333332,-0.0007141355309668203,-77.19628154741862
2025-11-14,HD,0.020917859974402164,0.02083333333333332,-8.452664106884528e-05,-9.137120475400831
2025-11-14,HON,0.022103194485203717,0.02083333333333332,-0.0012698611518703988,-137.26884429514706
2025-11-14,JNJ,0.022497728973410396,0.02083333333333332,-0.0016643956400770772,-179.91704496727482
2025-11-14,JPM,0.020700251755993118,0.02083333333333332,0.00013308157734020012,14.385788786086842
2025-11-14,KO,0.021608199326137674,0.02083333333333332,-0.0007748659928043557,-83.76109400559187
2025-11-14,LLY,0.023796526870912025,0.02083333333333332,-0.0029631935375787066,-320.3138797711567
2025-11-14,LMT,0.021769772399901764,0.02083333333333332,-0.0009364390665684459,-101.22674296425438
2025-11-14,MA,0.02118078153803889,0.02083333333333332,-0.00034744820470557214,-37.558290087155264
2025-11-14,MCD,0.021949854256562606,0.02083333333333332,-0.0011165209232292875,-120.69314549649037
2025-11-14,MRK,0.023071649684579594,0.02083333333333332,-0.0022383163512462757,-241.95645189235978
2025-11-14,MS,0.021620887767178024,0.02083333333333332,-0.000787554433844706,-85.1326830450318
2025-11-14,MSFT,0.021999051314648944,0.02083333333333332,-0.0011657179813156261,-126.01122558444803
2025-11-14,NKE,0.02250305821651918,0.02083333333333332,-0.0016697248831858622,-180.49312294354277
2025-11-14,NVDA,0.021652967655932696,0.02083333333333332,-0.0008196343225993774,-88.60043953792437
2025-11-14,ORCL,0.0,0.02083333333333332,0.02083333333333332,2252.0317164361086
2025-11-14,PEP,0.021857572264425553,0.02083333333333332,-0.0010242389310922348,-110.71769078535996
2025-11-14,PG,0.02152353691818519,0.02083333333333332,-0.0006902035848518721,-74.60929746644727
2025-11-14,QCOM,0.021810332751516934,0.02083333333333332,-0.0009769994181836154,-105.61121648107817
2025-11-14,RTX,0.02125349012921405,0.02083333333333332,-0.00042015679588073077,-45.41790864957977
2025-11-14,SLB,0.021586588756399083,0.02083333333333332,-0.0007532554230657643,-81.42504495943687
2025-11-14,TMO,0.021658753510035076,0.02083333333333332,-0.0008254201767017577,-89.22587603129553
2025-11-14,TSLA,0.020167575574867085,0.02083333333333332,0.0006657577584662337,71.96676420140975
2025-11-14,UNH,0.0,0.02083333333333332,0.02083333333333332,2252.0317164361086
2025-11-14,UPS,0.021429667360479493,0.02083333333333332,-0.0005963340271461746,-64.46223085071637
2025-11-14,V,0.021082114599818437,0.02083333333333332,-0.0002487812664851187,-26.8926385238223
2025-11-14,WFC,0.02117646974988565,0.02083333333333332,-0.00034313641655233165,-37.09219647072401
2025-11-14,WMT,0.021399997541249847,0.02083333333333332,-0.0005666642079165292,-61.25499690226417
2025-11-14,XOM,0.021991964166329484,0.02083333333333332,-0.0011586308329961659,-125.24512241031148
2025-11-21,AAPL,0.021140281584763217,0.02083333333333332,-0.00030694825142989907,-32.58535921878752
2025-11-21,ABBV,0.021569775306252984,0.02083333333333332,-0.0007364419729196658,-78.1800388814412
2025-11-21,ABT,0.02080909257953373,0.02083333333333332,2.424075379958701e-05,2.573377325376709
2025-11-21,ADBE,0.020768607482354505,0.02083333333333332,6.472585097881331e-05,6.8712400056399145
2025-11-21,AMGN,0.02141396872446568,0.02083333333333332,-0.0005806353911323621,-61.63974776546403
2025-11-21,AMZN,0.01994656464267209,0.02083333333333332,0.0008867686906612292,94.13859239973297
2025-11-21,AVGO,0.02107194061776898,0.02083333333333332,-0.00023860728443566084,-25.330341643373387
2025-11-21,BA,0.019595837893187827,0.02083333333333332,0.0012374954401454911,131.37143886927032
2025-11-21,BAC,0.02078857053128273,0.02083333333333332,4.476280205058941e-05,4.751980106298318
2025-11-21,BLK,0.02034535538114623,0.02083333333333332,0.00048797795218708667,51.80331469161668
2025-11-21,BRK-B,0.021007697805831022,0.02083333333333332,-0.00017436447249770393,-18.510380641896813
2025-11-21,CAT,0.021074091455162633,0.02083333333333332,-0.00024075812182931464,-25.558672669098144
2025-11-21,COP,0.020471509575551848,0.02083333333333332,0.0003618237577814702,38.41089521206611
2025-11-21,COST,0.020661045490754027,0.02083333333333332,0.0001722878425792912,18.289927417157028
2025-11-21,CRM,0.019771154008855266,0.02083333333333332,0.001062179324478052,112.7600326167389
2025-11-21,CSCO,0.020695222169455567,0.02083333333333332,0.00013811116387775144,14.661760951940671
2025-11-21,CVX,0.020409181358956238,0.02083333333333332,0.0004241519743770801,45.027604438370915
2025-11-21,DE,0.0217023219832909,0.02083333333333332,-0.0008689886499575819,-92.25107875352695
2025-11-21,EOG,0.020552893449681205,0.02083333333333332,0.00028043988365211367,29.77125396710753
2025-11-21,GS,0.020759209478451536,0.02083333333333332,7.412385488178228e-05,7.868923920408034
2025-11-21,HD,0.020097356522650402,0.02083333333333332,0.0007359768106829159,78.1306576632427
2025-11-21,HON,0.020250649512621968,0.02083333333333332,0.0005826838207113501,61.85720726671471
2025-11-21,JNJ,0.02207477636130005,0.02083333333333332,-0.0012414430279667314,-131.7905113565824
2025-11-21,JPM,0.020821374622685525,0.02083333333333332,1.1958710647793497e-05,1.2695263140825719
2025-11-21,KO,0.02174549735985536,0.02083333333333332,-0.0009121640265220415,-96.83453915183661
2025-11-21,LLY,0.02192403388132387,0.02083333333333332,-0.0010907005479905522,-115.7878208813233
2025-11-21,LMT,0.020984669668634746,0.02083333333333332,-0.00015133633530142743,-16.065733639724318
2025-11-21,MA,0.021004752788696915,0.02083333333333332,-0.00017141945536359657,-18.197740186141395
2025-11-21,MCD,0.021372206942537924,0.02083333333333332,-0.0005388736092046056,-57.20635334346193
2025-11-21,MRK,0.02231680638422102,0.02083333333333332,-0.0014834730508877028,-157.48420793856923
2025-11-21,MS,0.020475343145484718,0.02083333333333332,0.00035799018784860026,38.003926764547714
2025-11-21,MSFT,0.019666228730200217,0.02083333333333332,0.0011671046031331012,123.89880887683756
2025-11-21,NKE,0.02075905779063838,0.02083333333333332,7.427554269493972e-05,7.8850269666310435
2025-11-21,NVDA,0.01995261648492842,0.02083333333333332,0.0008807168484048986,93.49613409303365
2025-11-21,ORCL,0.0189189216136667,0.02083333333333332,0.0019144117196666192,203.23228194782635
2025-11-21,PEP,0.021281729435360226,0.02083333333333332,-0.00044839610202690797,-47.60133992875276
2025-11-21,PG,0.02167876747699463,0.02083333333333332,-0.0008454341436613111,-89.75055286582544
2025-11-21,QCOM,0.019909799970044533,0.02083333333333332,0.0009235333632887852,98.04149804766963
2025-11-21,RTX,0.02058132769311874,0.02083333333333332,0.00025200564021457886,26.752699431578183
2025-11-21,SLB,0.020781255538198668,0.02083333333333332,5.207779513465016e-05,5.528533405483679
2025-11-21,TMO,0.021533373840625477,0.02083333333333332,-0.0007000405072921587,-74.3156909725118
2025-11-21,TSLA,0.020516311865878527,0.02083333333333332,0.0003170214674547908,33.654723064746776
2025-11-21,UNH,0.02108736324708945,0.02083333333333332,-0.0002540299137561326,-26.9675945489191
2025-11-21,UPS,0.021283869807570435,0.02083333333333332,-0.00045053647423711624,-47.82855997971133
2025-11-21,V,0.021080805908058494,0.02083333333333332,-0.00024747257472517575,-26.27147314458556
2025-11-21,WFC,0.020728075384546307,0.02083333333333332,0.00010525794878701172,11.17409223176771
2025-11-21,WMT,0.021799763798696328,0.02083333333333332,-0.0009664304653630093,-102.59541706829265
2025-11-21,XOM,0.020818942704953162,0.02083333333333332,1.4390628380156478e-05,1.5276965839258745
2025-11-28,AAPL,0.020869866707971838,0.02083333333333332,-3.653337463851991e-05,-3.976418726014414
2025-11-28,ABBV,0.01958118109025321,0.02083333333333332,0.0012521522430801076,136.28857658155863
2025-11-28,ABT,0.02044431899970843,0.02083333333333332,0.00038901433362488816,42.3416641966337
2025-11-28,ADBE,0.0200645567036489,0.02083333333333332,0.000768776629684418,83.67630465695235
2025-11-28,AMGN,0.02079578217656831,0.02083333333333332,3.7551156765007476e-05,4.087197649308862
2025-11-28,AMZN,0.021472664541287087,0.02083333333333332,-0.0006393312079537687,-69.58701769511038
2025-11-28,AVGO,0.024067467977360462,0.02083333333333332,-0.0032341346440271437,-352.0143892593468
2025-11-28,BA,0.021370591359491195,0.02083333333333332,-0.0005372580261578767,-58.47701990451201
2025-11-28,BAC,0.021142661205710147,0.02083333333333332,-0.00030932787237682863,-33.66831442120646
2025-11-28,BLK,0.02097141026175711,0.02083333333333332,-0.0001380769284237901,-15.028769973962493
2025-11-28,BRK-B,0.020712873159005427,0.02083333333333332,0.00012046017432789172,13.111301588639536
2025-11-28,CAT,0.02125407441781997,0.02083333333333332,-0.00042074108448665257,-45.79491338290775
2025-11-28,COP,0.020626004414377834,0.02083333333333332,0.0002073289189554843,22.566395903368235
2025-11-28,COST,0.020648552800421764,0.02083333333333332,0.00018478053291155414,20.11215165701414
2025-11-28,CRM,0.020625896604851493,0.02083333333333332,0.0002074367284818253,22.578130264719377
2025-11-28,CSCO,0.020543307287620917,0.02083333333333332,0.0002900260457124014,31.567436915250926
2025-11-28,CVX,0.020474824297306904,0.02083333333333332,0.0003585090360264144,39.021362203909604
2025-11-28,DE,0.019370294794068314,0.02083333333333332,0.001463038539265004,159.24216971404942
2025-11-28,EOG,0.02048617771790932,0.02083333333333332,0.00034715561542399825,37.7856166771286
2025-11-28,GS,0.021684333887326258,0.02083333333333332,-0.0008510005539929394,-92.62584067933942
2025-11-28,HD,0.02112392110796354,0.02083333333333332,-0.00029058777463022295,-31.6285774315561
2025-11-28,HON,0.020551064073822147,0.02083333333333332,0.00028226925951117116,30.723161503809994
2025-11-28,JNJ,0.02075089307043538,0.02083333333333332,8.244026289793913e-05,8.973083061953826
2025-11-28,JPM,0.021345814683921896,0.02083333333333332,-0.0005124813505885777,-55.780240927016045
2025-11-28,KO,0.020366375649676374,0.02083333333333332,0.00046695768365694404,50.825287724501685
2025-11-28,LLY,0.020621401879086905,0.02083333333333332,0.00021193145424641333,23.067351747143356
2025-11-28,LMT,0.020190256808471953,0.02083333333333332,0.0006430765248613655,69.99467092817699
2025-11-28,MA,0.0206999079487815,0.02083333333333332,0.000133425384551817,14.522479866891759
2025-11-28,MCD,0.020481260363090975,0.02083333333333332,0.0003520729702423432,38.32083856603419
2025-11-28,MRK,0.02178849276421267,0.02083333333333332,-0.0009551594308793501,-103.96285273009734
2025-11-28,MS,0.021795065464546706,0.02083333333333332,-0.0009617321312133872,-104.67824814449165
2025-11-28,MSFT,0.021175046468574023,0.02083333333333332,-0.0003417131352407045,-37.19323832908535
2025-11-28,NKE,0.020911122418280005,0.02083333333333332,-7.778908494668682e-05,-8.466832782958676
2025-11-28,NVDA,0.02010547294266909,0.02083333333333332,0.000727860390664227,79.22283982793483
2025-11-28,ORCL,0.020645133149294823,0.02083333333333332,0.00018820018403849573,20.484358301271676
2025-11-28,PEP,0.020653670574838072,0.02083333333333332,0.00017966275849524635,19.55511540657516
2025-11-28,PG,0.019947431275595454,0.02083333333333332,0.000885902057737864,96.42464093884381
2025-11-28,QCOM,0.020915029302498014,0.02083333333333332,-8.16959691646961e-05,-8.89207156033902
2025-11-28,RTX,0.020945313442399673,0.02083333333333332,-0.00011198010906635428,-12.18830198519617
2025-11-28,SLB,0.02034709403927539,0.02083333333333332,0.00048623929405792674,52.92396482249255
2025-11-28,TMO,0.020434889700802303,0.02083333333333332,0.0003984436325310155,43.3679816697526
2025-11-28,TSLA,0.02234941867283252,0.02083333333333332,-0.0015160853394992034,-165.01596673919505
2025-11-28,UNH,0.02094135169833089,0.02083333333333332,-0.00010801836499757175,-11.757092072105547
2025-11-28,UPS,0.02056157926364992,0.02083333333333332,0.000271754069683397,29.57865191080155
2025-11-28,V,0.020719230796436054,0.02083333333333332,0.0001141025368972641,12.419314363739087
2025-11-28,WFC,0.020988905569201712,0.02083333333333332,-0.00015557223586839392,-16.933019686135278
2025-11-28,WMT,0.02132031093052937,0.02083333333333332,-0.0004869775971960526,-53.004324287036056
2025-11-28,XOM,0.020117705536317206,0.02083333333333332,0.0007156277970161128,77.89140206913552
2025-12-05,AAPL,0.020616532945369827,0.020408163265306107,-0.00020836968006372053,-22.9118785012179
2025-12-05,ABBV,0.020474995143112466,0.020408163265306107,-6.683187780635869e-05,-7.34868846484416
2025-12-05,ABT,0.02001058061653857,0.020408163265306107,0.0003975826487675367,43.717326532192686
2025-12-05,ADBE,0.022304918739440262,0.020408163265306107,-0.0018967554741341555,-208.5631218351536
2025-12-05,AMGN,0.019692285864211387,0.020408163265306107,0.0007158774010947201,78.71632778163317
2025-12-05,AMZN,0.02029543437428496,0.020408163265306107,0.00011272889102114866,12.39542458319151
2025-12-05,AVGO,0.019970757510555336,0.020408163265306107,0.00043740575475077065,48.096188972975604
2025-12-05,BA,0.022028133114577707,0.020408163265306107,-0.0016199698492715998,-178.1283742951313
2025-12-05,BAC,0.020844785535698712,0.020408163265306107,-0.00043662227039260523,-48.01003873069275
2025-12-05,BLK,0.02121397577184515,0.020408163265306107,-0.0008058125065390428,-88.60539709490565
2025-12-05,BRK-B,0.02024163317838806,0.020408163265306107,0.00016653008691804722,18.311287501601715
2025-12-05,CAT,0.02160344157077582,0.020408163265306107,-0.001195278305469713,-131.43021240752913
2025-12-05,COP,0.021784282666485407,0.020408163265306107,-0.0013761194011793002,-151.31510742516366
2025-12-05,COST,0.020194869591244297,0.020408163265306107,0.00021329367406180966,23.453310211390146
2025-12-05,CRM,0.02330788361130145,0.020408163265306107,-0.0028997203459953415,-318.846965809218
2025-12-05,CSCO,0.020897774484825698,0.020408163265306107,-0.0004896112195195909,-53.83658875434994
2025-12-05,CVX,0.02046752394313254,0.020408163265306107,-5.936067782643176e-05,-6.527171504478141
2025-12-05,DE,0.02109320212800482,0.020408163265306107,-0.0006850388626987135,-75.32538892398183
2025-12-05,EOG,0.021447728051989308,0.020408163265306107,-0.001039564786683201,-114.30829129912863
2025-12-05,GS,0.02143946256302402,0.020408163265306107,-0.0010312992977179122,-113.39943604308591
2025-12-05,HD,0.02062075879105522,0.020408163265306107,-0.00021259552574911383,-23.376543335751496
2025-12-05,HON,0.020529434031401096,0.020408163265306107,-0.00012127076609498924,-13.334670656826445
2025-12-05,INTC,0.0,0.020408163265306107,0.020408163265306107,2244.0374099759647
2025-12-05,JNJ,0.020124405620039146,0.020408163265306107,0.00028375764526696046,31.2013757959417
2025-12-05,JPM,0.020750812389894856,0.020408163265306107,-0.00034264912458874947,-37.67695524956081
2025-12-05,KO,0.019880449902611595,0.020408163265306107,0.0005277133626945124,58.02621785390437
2025-12-05,LLY,0.019372294195423207,0.020408163265306107,0.0010358690698828998,113.90191828805756
2025-12-05,LMT,0.020521422476603258,0.020408163265306107,-0.00011325921129715089,-12.45373745158378
2025-12-05,MA,0.02043404464020884,0.020408163265306107,-2.588137490273229e-05,-2.8458599016638733
2025-12-05,MCD,0.020706205561343675,0.020408163265306107,-0.0002980422960375678,-32.77208504110826
2025-12-05,MRK,0.01961649392335856,0.020408163265306107,0.0007916693419475485,87.05024536340636
2025-12-05,MS,0.021454309847620413,0.020408163265306107,-0.0010461465823143057,-115.03201128455838
2025-12-05,MSFT,0.020250779714722597,0.020408163265306107,0.00015738355058350986,17.30555418598781
2025-12-05,NKE,0.021148331029755003,0.020408163265306107,-0.0007401677644488965,-81.38724350099854
2025-12-05,NVDA,0.021253193497762387,0.020408163265306107,-0.00084503023245628,-92.91769325543639
2025-12-05,ORCL,0.02221773476677643,0.020408163265306107,-0.001809571501470323,-198.97656112096342
2025-12-05,PEP,0.020302616854792715,0.020408163265306107,0.00010554641051339214,11.605654590355899
2025-12-05,PG,0.01996614659555581,0.020408163265306107,0.0004420166697502968,48.60319519488025
2025-12-05,QCOM,0.02155572079843681,0.020408163265306107,-0.0011475575331307032,-126.1829396878066
2025-12-05,RTX,0.020172516778092606,0.020408163265306107,0.00023564648721350126,25.911177108989484
2025-12-05,SLB,0.022057856277515418,0.020408163265306107,-0.0016496930122093106,-181.39666888430796
2025-12-05,TMO,0.019991363169064497,0.020408163265306107,0.0004168000962416103,45.83043541394008
2025-12-05,TSLA,0.021812023319033497,0.020408163265306107,-0.0014038600537273904,-154.3654094678216
2025-12-05,UNH,0.02069299961620185,0.020408163265306107,-0.00028483635089574313,-31.31998792942336
2025-12-05,UPS,0.020423655681397493,0.020408163265306107,-1.5492416091385935e-05,-1.7035125027192004
2025-12-05,V,0.020424394895141623,0.020408163265306107,-1.623162983551557e-05,-1.7847948442131703
2025-12-05,WFC,0.0215777342056316,0.020408163265306107,-0.0011695709403254928,-128.60348624184755
2025-12-05,WMT,0.021480091660638977,0.020408163265306107,-0.0010719283953328704,-117.86692357718094
2025-12-05,XOM,0.02073200835511452,0.020408163265306107,-0.00032384508980841387,-35.60930433178826
2025-12-12,AAPL,0.020237301993129606,0.02083333333333332,0.0005960313402037128,65.9696240725811
2025-12-12,ABBV,0.02002616075593489,0.02083333333333332,0.0008071725773984295,89.33904628986669
2025-12-12,ABT,0.020335255230500945,0.02083333333333332,0.0004980781028323736,55.12801590501231
2025-12-12,ADBE,0.020869118798949402,0.02083333333333332,-3.578546561608387e-05,-3.9607878893557285
2025-12-12,AMGN,0.019526970252310902,0.02083333333333332,0.0013063630810224158,144.59018434817995
2025-12-12,AMZN,0.01997865086497137,0.02083333333333332,0.0008546824683619489,94.59751079530942
2025-12-12,AVGO,0.01869900388152818,0.02083333333333332,0.0021343294518051392,236.2307182278367
2025-12-12,BA,0.020523706956750102,0.02083333333333332,0.00030962637658321635,34.269902081271425
2025-12-12,BAC,0.020720847883795048,0.02083333333333332,0.00011248544953827017,12.450054752387247
2025-12-12,BLK,0.02059379305786406,0.02083333333333332,0.0002395402754692584,26.512669480682895
2025-12-12,BRK-B,0.02007990563210033,0.02083333333333332,0.0007534277012329893,83.39048446550068
2025-12-12,CAT,0.020096191823954633,0.02083333333333332,0.0007371415093786853,81.587904832968
2025-12-12,COP,0.020673984781793123,0.02083333333333332,0.0001593485515401956,17.63693170567868
2025-12-12,COST,0.02004230199061274,0.02083333333333332,0.0007910313427205787,87.55251073050971
2025-12-12,CRM,0.020402820325505815,0.02083333333333332,0.00043051300782750296,47.64981196295762
2025-12-12,CSCO,0.02022945910610624,0.02083333333333332,0.0006038742272270782,66.83768632648592
2025-12-12,CVX,0.02027230970980277,0.02083333333333332,0.0005610236235305474,62.0949185784391
2025-12-12,DE,0.020687147993505083,0.02083333333333332,0.00014618533982823506,16.180008101746985
2025-12-12,EOG,0.019521780778622037,0.02083333333333332,0.001311552554711281,145.16456291738734
2025-12-12,GS,0.021066045844780126,0.02083333333333332,-0.00023271251144680802,-25.756962531341273
2025-12-12,HD,0.020561808765544424,0.02083333333333332,0.00027152456778889444,30.052737927138704
2025-12-12,HON,0.020520554047566288,0.02083333333333332,0.0003127792857670307,34.618870700136554
2025-12-12,INTC,0.01851116154247004,0.02083333333333332,0.002322171790863279,257.0213841823224
2025-12-12,JNJ,0.02124251653818511,0.02083333333333332,-0.00040918320485179224,-45.288998044399364
2025-12-12,JPM,0.020497609374581623,0.02083333333333332,0.00033572395875169567,37.15842080290349
2025-12-12,KO,0.020424267132978104,0.02083333333333332,0.00040906620035521465,45.27604781488394
2025-12-12,LLY,0.020618810851656014,0.02083333333333332,0.00021452248167730392,23.743663322354863
2025-12-12,LMT,0.021531238799460537,0.02083333333333332,-0.0006979054661272188,-77.24520194336807
2025-12-12,MA,0.02125516044659807,0.02083333333333332,-0.00042182711326475136,-46.68844439654248
2025-12-12,MCD,0.020631279754011043,0.02083333333333332,0.00020205357932227483,22.363586897719454
2025-12-12,MRK,0.020391579504035282,0.02083333333333332,0.0004417538292980361,48.89396259172258
2025-12-12,MS,0.02049189419181381,0.02083333333333332,0.00034143914151950686,37.79098562503136
2025-12-12,MSFT,0.0200793840879183,0.02083333333333332,0.0007539492454150185,83.44820974151375
2025-12-12,NKE,0.02076926719121974,0.02083333333333332,6.406614211357936e-05,7.090934697442039
2025-12-12,NVDA,0.01945231504532265,0.02083333333333332,0.0013810182880106686,152.85313229717957
2025-12-12,ORCL,0.017701019198168185,0.0,-0.017701019198168185,-1959.174800784112
2025-12-12,PEP,0.02106072926233576,0.02083333333333332,-0.0002273959290024427,-25.168515378401647
2025-12-12,PG,0.020187450404929457,0.02083333333333332,0.0006458829284038611,71.48727106721883
2025-12-12,QCOM,0.020677256128933577,0.02083333333333332,0.00015607720439974118,17.274854199833214
2025-12-12,RTX,0.021169446940512062,0.02083333333333332,-0.0003361136071787438,-37.20154766305157
2025-12-12,SLB,0.020795525885636552,0.02083333333333332,3.780744769676589e-05,4.184583835552951
2025-12-12,TMO,0.02025631866503995,0.02083333333333332,0.0005770146682933693,63.86483089742995
2025-12-12,TSLA,0.02045010954400629,0.02083333333333332,0.00038322378932702933,42.41577180980703
2025-12-12,UNH,0.021084114153629967,0.02083333333333332,-0.0002507808202966491,-27.756789490178566
2025-12-12,UPS,0.021566540159164396,0.02083333333333332,-0.0007332068258310773,-81.1524082793949
2025-12-12,V,0.021289058755291534,0.02083333333333332,-0.00045572542195821547,-50.440358986201176
2025-12-12,WFC,0.020934929698638284,0.02083333333333332,-0.00010159636530496577,-11.244834917604328
2025-12-12,WMT,0.020595598215003643,0.02083333333333332,0.00023773511832967525,26.312872037398225
2025-12-12,XOM,0.020670298052831233,0.02083333333333332,0.0001630352805020857,18.04498428155542
2025-12-19,AAPL,0.020654623041722484,0.02083333333333332,0.00017871029161083476,19.6197047532754
2025-12-19,ABBV,0.021331712990366066,0.02083333333333332,-0.0004983796570327478,-54.71459778776583
2025-12-19,ABT,0.02100087341236654,0.02083333333333332,-0.00016754007903322168,-18.393383253664545
2025-12-19,ADBE,0.02096896146928861,0.02083333333333332,-0.0001356281359552909,-14.889931406270362
2025-12-19,AMGN,0.021639752025985975,0.02083333333333332,-0.0008064186926526572,-88.53265536503798
2025-12-19,AMZN,0.021110259489779213,0.02083333333333332,-0.0002769261564458947,-30.402330939951334
2025-12-19,AVGO,0.019860605073513834,0.02083333333333332,0.0009727282598194845,106.79094690520103
2025-12-19,BA,0.021999342514055546,0.02083333333333332,-0.001166009180722228,-128.01028781932607
2025-12-19,BAC,0.021052065559010305,0.02083333333333332,-0.00021873222567698677,-24.01351175205124
2025-12-19,BLK,0.020444843070474214,0.02083333333333332,0.0003884902628591043,42.65039348386286
2025-12-19,BRK-B,0.020792742561933676,0.02083333333333332,4.059077139964215e-05,4.456256790755479
2025-12-19,CAT,0.02024132964004248,0.02083333333333332,0.0005920036932908386,64.9931101926011
2025-12-19,COP,0.020211161659513095,0.02083333333333332,0.0006221716738202231,68.30510115660218
2025-12-19,COST,0.020317478465859445,0.02083333333333332,0.0005158548674738736,56.633113315136036
2025-12-19,CRM,0.020850335121845948,0.02083333333333332,-1.7001788512629318e-05,-1.8665409131658146
2025-12-19,CSCO,0.02116991977846113,0.02083333333333332,-0.0003365864451278129,-36.95213419349517
2025-12-19,CVX,0.02068888714946603,0.02083333333333332,0.0001444461838672889,15.858020568759024
2025-12-19,DE,0.020386077357841058,0.02083333333333332,0.00044725597549226045,49.10198572897589
2025-12-19,EOG,0.01982029330030763,0.02083333333333332,0.0010130400330256896,111.21657388648894
2025-12-19,GS,0.0211331099555694,0.02083333333333332,-0.00029977662223608023,-32.9109687371216
2025-12-19,HD,0.020147029263363172,0.02083333333333332,0.0006863040699701464,75.34587461312822
2025-12-19,HON,0.02159360362836005,0.02083333333333332,-0.0007602702950267326,-83.46625472243223
2025-12-19,INTC,0.02045262681931243,0.02083333333333332,0.00038070651402088984,41.795854818501745
2025-12-19,JNJ,0.02048537624063546,0.02083333333333332,0.00034795709269785924,38.200460443578535
2025-12-19,JPM,0.020916168418845384,0.02083333333333332,-8.283508551206603e-05,-9.094047725567721
2025-12-19,KO,0.02086555052518928,0.02083333333333332,-3.2217191855962724e-05,-3.5369635766141583
2025-12-19,LLY,0.02190048787676885,0.02083333333333332,-0.0010671545434355334,-117.15753401552952
2025-12-19,LMT,0.020734904617220343,0.02083333333333332,9.842871611297557e-05,10.805994058729752
2025-12-19,MA,0.02101356746338404,0.02083333333333332,-0.00018023413005072153,-19.786999317079122
2025-12-19,MCD,0.02094419273642528,0.02083333333333332,-0.00011085940309196046,-12.170696707971482
2025-12-19,MRK,0.021348895456961444,0.02083333333333332,-0.0005155621236281258,-56.600974439584206
2025-12-19,MS,0.020834206546982866,0.02083333333333332,-8.732136495478993e-07,-0.0958657379842874
2025-12-19,MSFT,0.02132689414769652,0.02083333333333332,-0.0004935608143632024,-54.18556126962926
2025-12-19,NKE,0.018275674044071603,0.0,-0.018275674044071603,-2006.3944033654336
2025-12-19,NVDA,0.02171895307250057,0.02083333333333332,-0.0008856197391672524,-97.22774021303663
2025-12-19,ORCL,0.0,0.02083333333333332,0.02083333333333332,2287.1869624423434
2025-12-19,PEP,0.020655412935604918,0.02083333333333332,0.00017792039772840038,19.53298627377379
2025-12-19,PG,0.021240749588397556,0.02083333333333332,-0.0004074162550642378,-44.72818304976047
2025-12-19,QCOM,0.020644437911653324,0.02083333333333332,0.00018889542167999443,20.73787899511355
2025-12-19,RTX,0.021396358566837227,0.02083333333333332,-0.0005630252335039089,-61.81171073261748
2025-12-19,SLB,0.020273187671391923,0.02083333333333332,0.0005601456619413955,61.49557704292786
2025-12-19,TMO,0.020854904380501436,0.02083333333333332,-2.1571047168118113e-05,-2.3681768567591335
2025-12-19,TSLA,0.022020278516604663,0.02083333333333332,-0.0011869451832713443,-130.30874631897402
2025-12-19,UNH,0.020116589765646366,0.02083333333333332,0.0007167435676869519,78.68767408454441
2025-12-19,UPS,0.02121065950926947,0.02083333333333332,-0.0003773261759361518,-41.424744489090855
2025-12-19,V,0.021088291298916744,0.02083333333333332,-0.0002549579655834258,-27.99055367295531
2025-12-19,WFC,0.021059154793281614,0.02083333333333332,-0.00022582145994829578,-24.791803153605038
2025-12-19,WMT,0.02058141914040014,0.02083333333333332,0.00025191419293317877,27.656393171085696
2025-12-19,XOM,0.020626051426373998,0.02083333333333332,0.00020728190695932028,22.756438807082137
2025-12-26,AAPL,0.020607815398901715,0.02083333333333332,0.000225517934431603,25.003253683941868
2025-12-26,ABBV,0.020915555213934237,0.02083333333333332,-8.222188060091895e-05,-9.115969176540414
2025-12-26,ABT,0.02052786655274207,0.02083333333333332,0.00030546678059124865,33.867210722686075
2025-12-26,ADBE,0.020508758676107654,0.02083333333333332,0.00032457465722566387,35.98570780832095
2025-12-26,AMGN,0.020977876000809602,0.02083333333333332,-0.00014454266747628355,-16.02549700613397
2025-12-26,AMZN,0.021097260716119934,0.02083333333333332,-0.0002639273827866155,-29.261722898379922
2025-12-26,AVGO,0.021382349218382453,0.02083333333333332,-0.0005490158850491346,-60.86958664726807
2025-12-26,BA,0.020855574041684977,0.02083333333333332,-2.224070835165834e-05,-2.465835253540484
2025-12-26,BAC,0.020964073698871002,0.02083333333333332,-0.00013074036553768417,-14.495230876023468
2025-12-26,BLK,0.021171810414290587,0.02083333333333332,-0.0003384770809572689,-37.5270744772694
2025-12-26,BRK-B,0.020785427096099908,0.02083333333333332,4.790623723341034e-05,5.3113815786271426
2025-12-26,CAT,0.020870889206435168,0.02083333333333332,-3.755587310184938e-05,-4.16383302221253
2025-12-26,COP,0.020538424563795277,0.02083333333333332,0.0002949087695380409,32.69664027813777
2025-12-26,COST,0.021055624126056122,0.02083333333333332,-0.00022229079272280405,-24.645459333694294
2025-12-26,CRM,0.02111786016950418,0.02083333333333332,-0.00028452683617086194,-31.545591629330268
2025-12-26,CSCO,0.02055977843287972,0.02083333333333332,0.00027355490045359934,30.329129209904277
2025-12-26,CVX,0.020945099097633108,0.02083333333333332,-0.0001117657642997899,-12.391510081052301
2025-12-26,DE,0.020556278854156177,0.02083333333333332,0.0002770544791771412,30.717128748974996
2025-12-26,EOG,0.02094590030698433,0.02083333333333332,-0.00011256697365101195,-12.480340447085238
2025-12-26,GS,0.020941236788441578,0.02083333333333332,-0.00010790345510825958,-11.963294485848976
2025-12-26,HD,0.0209139741655104,0.02083333333333332,-8.06408321770806e-05,-8.94067777487224
2025-12-26,HON,0.020447904146915812,0.02083333333333332,0.00038542918641750606,42.73267112649531
2025-12-26,INTC,0.02028082029698009,0.02083333333333332,0.000552513036353227,61.25731705748017
2025-12-26,JNJ,0.020754116532174766,0.02083333333333332,7.92168011585527e-05,8.782794948835388
2025-12-26,JPM,0.021323992853455865,0.02083333333333332,-0.0004906595201225467,-54.399595690630015
2025-12-26,KO,0.020572230118654614,0.02083333333333332,0.000261103214678704,28.94860637473765
2025-12-26,LLY,0.020749655658637352,0.02083333333333332,8.367767469596651e-05,9.277373586179943
2025-12-26,LMT,0.021015385779983454,0.02083333333333332,-0.00018205244665013554,-20.184219578138126
2025-12-26,MA,0.020893850637704513,0.02083333333333332,-6.051730437119443e-05,-6.709575082243462
2025-12-26,MCD,0.020291162732085644,0.02083333333333332,0.0005421706012476747,60.11064759500219
2025-12-26,MRK,0.02178925689784708,0.02083333333333332,-0.000955923564513763,-105.98358594511048
2025-12-26,MS,0.021198132180852768,0.02083333333333332,-0.00036479884751944996,-40.4453781076324
2025-12-26,MSFT,0.020704158208733787,0.02083333333333332,0.00012917512459953082,14.321692055921297
2025-12-26,NVDA,0.021715483824187833,0.02083333333333332,-0.000882150490854515,-97.80433900231026
2025-12-26,ORCL,0.02127505323123122,0.02083333333333332,-0.000441719897897902,-48.973642350097855
2025-12-26,PEP,0.020018347350943825,0.02083333333333332,0.0008149859823894934,90.35778603551056
2025-12-26,PG,0.020668152174747108,0.02083333333333332,0.0001651811585862105,18.313693863629524
2025-12-26,QCOM,0.020576379489498527,0.02083333333333332,0.000256953843834791,28.48856415192909
2025-12-26,RTX,0.020986311626173527,0.02083333333333332,-0.00015297829284020847,-16.960757793656295
2025-12-26,SLB,0.02047107351814278,0.02083333333333332,0.0003622598151905368,40.16387468932754
2025-12-26,TMO,0.021097166365361433,0.02083333333333332,-0.0002638330320281143,-29.251262196192208
2025-12-26,TSLA,0.020370532551478134,0.02083333333333332,0.0004628007818551841,51.310887460089425
2025-12-26,UNH,0.020906008803126083,0.02083333333333332,-7.267546979276493e-05,-8.057555211331843
2025-12-26,UPS,0.020348864813878712,0.02083333333333332,0.0004844685194546061,53.7131972423287
2025-12-26,V,0.02096779111963506,0.02083333333333332,-0.00013445778630174002,-14.907382639686555
2025-12-26,WFC,0.021127186349960986,0.02083333333333332,-0.00029385301662766816,-32.57958857707399
2025-12-26,WMT,0.020155576599383045,0.02083333333333332,0.0006777567339502737,75.14313040188895
2025-12-26,XOM,0.021055973398885396,0.02083333333333332,-0.0002226400655520773,-24.68418333663108
2026-01-02,AAPL,0.020663360557044198,0.02083333333333332,0.00016997277628912066,18.833601831734722
2026-01-02,ABBV,0.020784857667585883,0.02083333333333332,4.847566574743556e-05,5.371280078772817
2026-01-02,ABT,0.020737050209031552,0.02083333333333332,9.628312430176589e-05,10.668520370170281
2026-01-02,ADBE,0.019637743652876335,0.02083333333333332,0.0011955896804569828,132.4756851506403
2026-01-02,AMGN,0.020514365330842117,0.02083333333333332,0.000318968002491201,35.3428148150308
2026-01-02,AMZN,0.02030588800064691,0.02083333333333332,0.0005274453326864076,58.442861266945584
2026-01-02,AVGO,0.020578598956549773,0.02083333333333332,0.00025473437678354485,28.225495458377402
2026-01-02,BA,0.021936791230969983,0.02083333333333332,-0.001103457897636665,-122.26714851572514
2026-01-02,BAC,0.020763940858971982,0.02083333333333332,6.939247436133639e-05,7.688938551060899
2026-01-02,BLK,0.020787154750315832,0.02083333333333332,4.617858301748587e-05,5.116754957427278
2026-01-02,BRK-B,0.020784928043210606,0.02083333333333332,4.840529012271194e-05,5.363482203585736
2026-01-02,CAT,0.021396579307645897,0.02083333333333332,-0.0005632459743125789,-62.40970257193811
2026-01-02,COP,0.022020625553435015,0.02083333333333332,-0.0011872922201016968,-131.55629636404868
2026-01-02,COST,0.02039566426091998,0.02083333333333332,0.0004376690724133374,48.495325097687804
2026-01-02,CRM,0.019869428714337535,0.02083333333333332,0.0009639046189957833,106.8041376641237
2026-01-02,CSCO,0.02038869441830916,0.02083333333333332,0.0004446389150241578,49.26760900942887
2026-01-02,CVX,0.021662623135311365,0.02083333333333332,-0.0008292898019780469,-91.88832632236269
2026-01-02,DE,0.02082267977253282,0.02083333333333332,1.0653560800499146e-05,1.1804532854454557
2026-01-02,EOG,0.02160488683988736,0.02083333333333332,-0.000771553506554043,-85.49093479299519
2026-01-02,GS,0.02101335756794591,0.02083333333333332,-0.00018002423461259062,-19.94733997277976
2026-01-02,HD,0.020609586207792262,0.02083333333333332,0.00022374712554105655,24.791995314988228
2026-01-02,HON,0.020688216139569095,0.02083333333333332,0.00014511719376422358,16.07951288414072
2026-01-02,INTC,0.02267677266462058,0.02083333333333332,-0.0018434393312872603,-204.25978279820444
2026-01-02,JNJ,0.020817475280018347,0.02083333333333332,1.5858053314971032e-05,1.7571299856428935
2026-01-02,JPM,0.02069110879190773,0.02083333333333332,0.0001422245414255882,15.758996483968337
2026-01-02,KO,0.020621823184058478,0.02083333333333332,0.00021151014927484058,23.436093836799273
2026-01-02,LLY,0.020896066957982677,0.02083333333333332,-6.273362464935886e-05,-6.951113783643875
2026-01-02,LMT,0.021451496576466503,0.02083333333333332,-0.0006181632431331852,-68.49473570038646
2026-01-02,MA,0.020253235283371158,0.02083333333333332,0.0005800980499621605,64.27697384767832
2026-01-02,MCD,0.020347728832576913,0.02083333333333332,0.0004856045007564057,53.806744907124575
2026-01-02,MRK,0.02078116341918803,0.02083333333333332,5.216991414528846e-05,5.780616237843009
2026-01-02,MS,0.020849023898301264,0.02083333333333332,-1.5690564967946186e-05,-1.7385716676099174
2026-01-02,MSFT,0.02021429016305033,0.02083333333333332,0.0006190431702829888,68.59223482902424
2026-01-02,NVDA,0.02066178032636169,0.02083333333333332,0.0001715530069716295,19.0086971389152
2026-01-02,ORCL,0.02060553285541789,0.02083333333333332,0.00022780047791542968,25.241121500776995
2026-01-02,PEP,0.020620860418376175,0.02083333333333332,0.00021247291495714304,23.542771776135275
2026-01-02,PG,0.02042072337286997,0.02083333333333332,0.000412609960463349,45.71868434952375
2026-01-02,QCOM,0.020627362762307182,0.02083333333333332,0.00020597057102613586,22.822288418486995
2026-01-02,RTX,0.021079744186839878,0.02083333333333332,-0.00024641085350655956,-27.30321880526639
2026-01-02,SLB,0.022174982501426545,0.02083333333333332,-0.0013416491680932272,-148.65960762307844
2026-01-02,TMO,0.021268069847074376,0.02083333333333332,-0.0004347365137410582,-48.17038693060179
2026-01-02,TSLA,0.019217209622160173,0.02083333333333332,0.0016161237111731452,179.07238530532055
2026-01-02,UNH,0.02113267411669594,0.02083333333333332,-0.0002993407833626234,-33.16804754816526
2026-01-02,UPS,0.02094510879155944,0.02083333333333332,-0.0001117754582261217,-12.385127317151527
2026-01-02,V,0.020345293274049353,0.02083333333333332,0.00048804005928396524,54.076613650504505
2026-01-02,WFC,0.020832454236412695,0.02083333333333332,8.790969206230737e-07,0.09740713622490144
2026-01-02,WMT,0.021035871963684376,0.02083333333333332,-0.00020253863035105818,-22.44201690915656
2026-01-02,XOM,0.021465125497490273,0.02083333333333332,-0.0006317921641569545,-70.00486972044399
2026-01-09,AAPL,0.01948963062361669,0.020408163265306107,0.0009185326416894166,104.11878166823217
2026-01-09,ABBV,0.01954460074747082,0.020408163265306107,0.0008635625178352868,97.88773220512657
2026-01-09,ABT,0.020647968550933076,0.020408163265306107,-0.00023980528562696918,-27.182740213956347
2026-01-09,ADBE,0.020404003570300495,0.020408163265306107,4.159695005612196e-06,0.4715154981310038
2026-01-09,AMGN,0.0202685715384763,0.020408163265306107,0.00013959172682980608,15.823194374183721
2026-01-09,AMZN,0.02224157881546653,0.020408163265306107,-0.0018334155501604221,-207.82385373174515
2026-01-09,AVGO,0.020209046230643395,0.020408163265306107,0.00019911703466271233,22.570589348182157
2026-01-09,BA,0.020968680205044454,0.020408163265306107,-0.0005605169397383467,-63.53649094344973
2026-01-09,BAC,0.020327889974747177,0.020408163265306107,8.027329055892984e-05,9.099248991438516
2026-01-09,BLK,0.020365035234069354,0.020408163265306107,4.3128031236752684e-05,4.8887082116767075
2026-01-09,BRK-B,0.020456508026135033,0.020408163265306107,-4.8344760828926414e-05,-5.480042155379278
2026-01-09,CAT,0.021018016807053858,0.020408163265306107,-0.0006098535417477513,-69.1289616513188
2026-01-09,COP,0.020534870094329024,0.020408163265306107,-0.00012670682902291702,-14.362647627466593
2026-01-09,COST,0.022041571075997926,0.020408163265306107,-0.0016334078106918191,-185.152299981204
2026-01-09,CRM,0.0208717481455756,0.020408163265306107,-0.00046358488026949224,-52.54891415148384
2026-01-09,CSCO,0.019785816054610467,0.020408163265306107,0.0006223472106956403,70.54516128362351
2026-01-09,CVX,0.02117546378150829,0.020408163265306107,-0.0007673005162021837,-86.97610873516496
2026-01-09,DE,0.02129263258527553,0.020408163265306107,-0.0008844693199694213,-100.2575889396474
2026-01-09,EOG,0.01991816126013336,0.020408163265306107,0.0004900020051727474,55.54338460932793
2026-01-09,GE,0.0,0.020408163265306107,0.020408163265306107,2313.3343322038695
2026-01-09,GS,0.020913070541680758,0.020408163265306107,-0.0005049072763746512,-57.23294751383444
2026-01-09,HD,0.02206141071991657,0.020408163265306107,-0.001653247454610464,-187.40119072257335
2026-01-09,HON,0.021559862040579494,0.020408163265306107,-0.0011516987752733868,-130.54895154265677
2026-01-09,INTC,0.023554933115086076,0.020408163265306107,-0.0031467698497799693,-356.6970057229611
2026-01-09,JNJ,0.020073579481224405,0.020408163265306107,0.00033458378408170175,37.926203581029505
2026-01-09,JPM,0.020689316510123866,0.020408163265306107,-0.0002811532448177591,-31.86967123852467
2026-01-09,KO,0.02077381226852024,0.020408163265306107,-0.00036564900321413296,-41.447551240897496
2026-01-09,LLY,0.02004761988265062,0.020408163265306107,0.0003605433826554885,40.86881188194711
2026-01-09,LMT,0.022242698368050828,0.020408163265306107,-0.0018345351027447207,-207.95075880381344
2026-01-09,MA,0.02084432727979416,0.020408163265306107,-0.0004361640144880524,-49.440666270166844
2026-01-09,MCD,0.020636921058966126,0.020408163265306107,-0.00022875779366001922,-25.930469633813647
2026-01-09,MRK,0.021144807486478016,0.020408163265306107,-0.0007366442211719088,-83.50111400537136
2026-01-09,MS,0.020859121875236905,0.020408163265306107,-0.00045095860993079814,-51.117683703036604
2026-01-09,MSFT,0.02063728207968431,0.020408163265306107,-0.00022911881437820414,-25.971392553292336
2026-01-09,NVDA,0.01993403221340869,0.020408163265306107,0.0004741310518974161,53.74435837559318
2026-01-09,ORCL,0.020711282468869868,0.020408163265306107,-0.0003031192035637606,-34.35958695736274
2026-01-09,PEP,0.020032113246255163,0.020408163265306107,0.00037605001905094415,42.626541565126985
2026-01-09,PG,0.0203757781933771,0.020408163265306107,3.238507192900725e-05,3.670957438468952
2026-01-09,QCOM,0.020929375489796096,0.020408163265306107,-0.0005212122244899892,-59.08116853057513
2026-01-09,RTX,0.0205002310862326,0.020408163265306107,-9.206782092649468e-05,-10.436198900982452
2026-01-09,SLB,0.022897157869335924,0.020408163265306107,-0.002488994604029817,-282.13595683844545
2026-01-09,TMO,0.021269922342494245,0.020408163265306107,-0.000861759077188138,-97.68330610803464
2026-01-09,TSLA,0.020686903318180353,0.020408163265306107,-0.0002787400528742462,-31.59612776964149
2026-01-09,UNH,0.02082315075323927,0.020408163265306107,-0.0004149874879331647,-47.04023536027066
2026-01-09,UPS,0.021783458275100438,0.020408163265306107,-0.0013752950097943306,-155.89434099022836
2026-01-09,V,0.02055765458264322,0.020408163265306107,-0.00014949131733711304,-16.945346441354044
2026-01-09,WFC,0.020524720886804262,0.020408163265306107,-0.0001165576214981548,-13.212200627093571
2026-01-09,WMT,0.020683946536867965,0.020408163265306107,-0.000275783271561858,-31.260966607225935
2026-01-09,XOM,0.020689716708014325,0.020408163265306107,-0.00028155344270821767,-31.91503502298867
2026-01-16,AAPL,0.02010953931784688,0.020408163265306107,0.000298623947459227,33.84239411996579
2026-01-16,ABBV,0.02004024882181875,0.020408163265306107,0.0003679144434873584,41.69493339320046
2026-01-16,ABT,0.01983737640551126,0.020408163265306107,0.0005707868597948466,64.68601742099835
2026-01-16,ADBE,0.018099484679625848,0.020408163265306107,0.0023086785856802593,261.6374582737852
2026-01-16,AMGN,0.020681513423498082,0.020408163265306107,-0.0002733501581919755,-30.978171258522067
2026-01-16,AMZN,0.019730188730256986,0.020408163265306107,0.0006779745350491209,76.83336053136073
2026-01-16,AVGO,0.02081053945317653,0.020408163265306107,-0.0004023761878704235,-45.600406967560886
2026-01-16,BA,0.021556212936766465,0.020408163265306107,-0.0011480496714603577,-130.10594020147522
2026-01-16,BAC,0.019359168861913245,0.020408163265306107,0.0010489944033928618,118.8802248825229
2026-01-16,BLK,0.02188030789394387,0.020408163265306107,-0.0014721446286377615,-166.83490774212663
2026-01-16,BRK-B,0.02017412391204202,0.020408163265306107,0.0002340393532640865,26.523164334724182
2026-01-16,CAT,0.02137908092021407,0.020408163265306107,-0.0009709176549079629,-110.03195897380115
2026-01-16,COP,0.020554079007673504,0.020408163265306107,-0.00014591574236739666,-16.53630964133934
2026-01-16,COST,0.021266491683770615,0.020408163265306107,-0.000858328418464508,-97.27246883309282
2026-01-16,CRM,0.017833768187071258,0.020408163265306107,0.0025743950782348493,291.7505230220007
2026-01-16,CSCO,0.02077366691975378,0.020408163265306107,-0.0003655036544476728,-41.42172398211573
2026-01-16,CVX,0.020934274329819577,0.020408163265306107,-0.0005261110645134702,-59.62300795910085
2026-01-16,DE,0.021512454032963414,0.020408163265306107,-0.0011042907676573066,-125.14684003097493
2026-01-16,EOG,0.020684875882850954,0.020408163265306107,-0.000276712617544847,-31.359231369743657
2026-01-16,GE,0.020635787648403382,0.020408163265306107,-0.0002276243830972753,-25.796169897405356
2026-01-16,GS,0.020912148757257644,0.020408163265306107,-0.000503985491951537,-57.11556556159159
2026-01-16,HD,0.020713030979372812,0.020408163265306107,-0.0003048677140667054,-34.549986435053704
2026-01-16,HON,0.021593841777989488,0.020408163265306107,-0.001185678512683381,-134.37033388383736
2026-01-16,INTC,0.021043580996372064,0.020408163265306107,-0.000635417731065957,-72.01049168531479
2026-01-16,JNJ,0.021836832859916055,0.020408163265306107,-0.0014286695946099486,-161.90797790791078
2026-01-16,JPM,0.019374996090148616,0.020408163265306107,0.0010331671751574907,117.0865599727748
2026-01-16,KO,0.02039147386300254,0.020408163265306107,1.6689402303565748e-05,1.8913731975934513
2026-01-16,LLY,0.01992886485620446,0.020408163265306107,0.0004792984091016479,54.31783284595844
2026-01-16,LMT,0.021897163746206618,0.020408163265306107,-0.0014890004809005111,-168.74514434691793
2026-01-16,MA,0.019133211926464,0.020408163265306107,0.001274951338842107,144.48742661123592
2026-01-16,MCD,0.020419041541530725,0.020408163265306107,-1.0878276224618455e-05,-1.2328110805301598
2026-01-16,MRK,0.020097795720301386,0.020408163265306107,0.0003103675450047208,35.173270159554434
2026-01-16,MS,0.020715194461204085,0.020408163265306107,-0.00030703119589797767,-34.79516906500771
2026-01-16,MSFT,0.019584669008210796,0.020408163265306107,0.0008234942570953113,93.32479006210006
2026-01-16,NVDA,0.020563008019035774,0.020408163265306107,-0.0001548447537296667,-17.54821482910012
2026-01-16,ORCL,0.019647785869349822,0.020408163265306107,0.0007603773959562847,86.17189523080481
2026-01-16,PEP,0.021346905892449114,0.020408163265306107,-0.000938742627143007,-106.38563395631022
2026-01-16,PG,0.020794446770436226,0.020408163265306107,-0.00038628350513011944,-43.776658683544575
2026-01-16,QCOM,0.01830374122777719,0.020408163265306107,0.0021044220375289156,238.48951363325924
2026-01-16,RTX,0.021864921330354805,0.020408163265306107,-0.001456758065048698,-165.09118238599422
2026-01-16,SLB,0.021102664295773874,0.020408163265306107,-0.0006945010304677673,-78.70627185055761
2026-01-16,TMO,0.02040711869283587,0.020408163265306107,1.0445724702365378e-06,0.11837909693909535
2026-01-16,TSLA,0.02006726647129751,0.020408163265306107,0.00034089679400859524,38.63308269557604
2026-01-16,UNH,0.019642691060866233,0.020408163265306107,0.0007654722044398744,86.7492786527788
2026-01-16,UPS,0.02019451076081629,0.020408163265306107,0.00021365250448981618,24.212767673795977
2026-01-16,V,0.019158797481627056,0.020408163265306107,0.001249365783679051,141.58787200761697
2026-01-16,WFC,0.01880134709027436,0.020408163265306107,0.0016068161750317465,182.09693742389814
2026-01-16,WMT,0.02133314194525114,0.020408163265306107,-0.0009249786799450342,-104.82579614128103
2026-01-16,XOM,0.021276623458752187,0.020408163265306107,-0.00086846019344608,-98.42068057223334
2026-01-23,AAPL,0.019931813105592566,0.02127659574468084,0.0013447826390882746,151.46381919597567
2026-01-23,ABBV,0.021004043115763503,0.02127659574468084,0.00027255262891733717,30.697795247945322
2026-01-23,ABT,0.01811538186009892,0.0,-0.01811538186009892,-2040.3482637047705
2026-01-23,ADBE,0.02087693599992316,0.02127659574468084,0.00039965974475767926,45.013959550316095
2026-01-23,AMGN,0.021424862924598807,0.02127659574468084,-0.00014826717991796648,-16.699437276359674
2026-01-23,AMZN,0.02053712556907707,0.02127659574468084,0.0007394701756037701,83.28704857046692
2026-01-23,AVGO,0.01868530226839735,0.02127659574468084,0.00259129347628349,291.8592158816158
2026-01-23,BA,0.02090427144278806,0.02127659574468084,0.00037232430189278187,41.93514929846917
2026-01-23,BAC,0.020049132467228514,0.02127659574468084,0.0012274632774523266,138.2500565680897
2026-01-23,BLK,0.019946542934358588,0.02127659574468084,0.001330052810322252,149.80478817032449
2026-01-23,BRK-B,0.019937605332315565,0.02127659574468084,0.0013389904123652756,150.81143660594668
2026-01-23,CAT,0.019936815079313944,0.02127659574468084,0.0013397806653668957,150.90044336010706
2026-01-23,COP,0.020567149139691605,0.02127659574468084,0.0007094466049892348,79.90547259008346
2026-01-23,COST,0.02095220152271919,0.02127659574468084,0.00032439422196164913,36.53675051659643
2026-01-23,CRM,0.0206186782063436,0.02127659574468084,0.0006579175383372403,74.10171738990739
2026-01-23,CSCO,0.020369835181521426,0.02127659574468084,0.0009067605631594144,102.12908316955394
2026-01-23,CVX,0.020590500394547514,0.02127659574468084,0.0006860953501333263,77.27540424989996
2026-01-23,DE,0.020534886708415967,0.02127659574468084,0.0007417090362648732,83.53921302925872
2026-01-23,EOG,0.02112053530316582,0.02127659574468084,0.00015606044151501852,17.577197838678583
2026-01-23,GE,0.018560026295183045,0.02127659574468084,0.002716569449497795,305.96913729567854
2026-01-23,GS,0.019613303409106077,0.02127659574468084,0.0016632923355747627,187.33779144884602
2026-01-23,HD,0.0207281307348374,0.02127659574468084,0.00054846500984344,61.774001739468275
2026-01-23,HON,0.02072743126650651,0.02127659574468084,0.0005491644781743313,61.852783351993594
2026-01-23,INTC,0.019707270405233058,0.02127659574468084,0.0015693253394477823,176.75422225478263
2026-01-23,JNJ,0.020672672372679307,0.02127659574468084,0.000603923372001533,68.02031626990664
2026-01-23,JPM,0.019564407757828,0.0,-0.019564407757828,-2203.553074805486
2026-01-23,KO,0.02124496233515136,0.02127659574468084,3.1633409529479434e-05,3.562893275283288
2026-01-23,LLY,0.02104564759800383,0.02127659574468084,0.000230948146677009,26.01185300521713
2026-01-23,LMT,0.020829479708355574,0.02127659574468084,0.0004471160363252666,50.358995213906866
2026-01-23,MA,0.019972285083573953,0.02127659574468084,0.0013043106611068875,146.90543170843915
2026-01-23,MCD,0.020655252041494414,0.02127659574468084,0.0006213437031864256,69.9823804847685
2026-01-23,MRK,0.020411049479286465,0.02127659574468084,0.0008655462653943749,97.48708768007819
2026-01-23,MS,0.01943799455644447,0.02127659574468084,0.0018386011882363697,207.08295144064493
2026-01-23,MSFT,0.020805622200669612,0.02127659574468084,0.00047097354401122796,53.04608316818247
2026-01-23,NVDA,0.02069246323951306,0.02127659574468084,0.0005841325051677802,65.79125694930785
2026-01-23,ORCL,0.019036833764259423,0.02127659574468084,0.0022397619804214175,252.2659750237163
2026-01-23,PEP,0.02028950623444021,0.02127659574468084,0.000987089510240631,111.17658925958
2026-01-23,PG,0.021483593076026014,0.02127659574468084,-0.00020699733134517395,-23.314255744832558
2026-01-23,QCOM,0.020070000216785712,0.02127659574468084,0.0012065955278951282,135.89970718515798
2026-01-23,RTX,0.01992455208173267,0.02127659574468084,0.0013520436629481693,152.28163344574793
2026-01-23,SLB,0.021597064341130325,0.02127659574468084,-0.0003204685964494844,-36.09460454034502
2026-01-23,TMO,0.02077462953707,0.02127659574468084,0.0005019662076108412,56.536808776475645
2026-01-23,TSLA,0.021076248600850177,0.02127659574468084,0.00020034714383066268,22.565240424408607
2026-01-23,UNH,0.02209936788628138,0.02127659574468084,-0.0008227721416005397,-92.66940788242098
2026-01-23,UPS,0.020739199060176534,0.02127659574468084,0.0005373966845043064,60.52736843291001
2026-01-23,V,0.020401094434570624,0.02127659574468084,0.000875501310110216,98.60833140311605
2026-01-23,WFC,0.020203776991913815,0.02127659574468084,0.0010728187527670255,120.83233444277863
2026-01-23,WMT,0.02019575025905406,0.02127659574468084,0.0010808454856267788,121.73639103844403
2026-01-23,XOM,0.021336766475981157,0.02127659574468084,-6.017073130031719e-05,-6.777071997850676
2026-01-30,AAPL,0.022180481699045154,0.02083333333333332,-0.0013471483657118352,-152.2479657717874
2026-01-30,ABBV,0.021565211299010255,0.02083333333333332,-0.0007318779656769366,-82.71318460801419
2026-01-30,ABT,0.0,0.02083333333333332,0.02083333333333332,2354.479061828923
2026-01-30,ADBE,0.020651867305797166,0.02083333333333332,0.0001814660275361521,20.50838218882278
2026-01-30,AMGN,0.021026076260334748,0.02083333333333332,-0.0001927429270014297,-21.782840925143383
2026-01-30,AMZN,0.021214995843603198,0.02083333333333332,-0.0003816625102698798,-43.133586677543946
2026-01-30,AVGO,0.02194786908902018,0.02083333333333332,-0.0011145357556868601,-125.95925282037072
2026-01-30,BA,0.019652857999113975,0.02083333333333332,0.0011804753342193434,133.4114139563974
2026-01-30,BAC,0.02180930809203716,0.02083333333333332,-0.0009759747587038403,-110.299782443603
2026-01-30,BLK,0.020996734424932766,0.02083333333333332,-0.0001634010915994473,-18.466773544842663
2026-01-30,BRK-B,0.02127164075767415,0.02083333333333332,-0.0004383074243408322,-49.53531135622344
2026-01-30,CAT,0.02224271543987923,0.02083333333333332,-0.0014093821065459117,-159.2813116789772
2026-01-30,COP,0.022470213923671153,0.02083333333333332,-0.0016368805903378345,-184.99205167990084
2026-01-30,COST,0.020303041168895752,0.02083333333333332,0.0005302921644375659,59.930966295369124
2026-01-30,CRM,0.01973732263276807,0.02083333333333332,0.0010960107005652496,123.86564380902391
2026-01-30,CSCO,0.022262854880952847,0.02083333333333332,-0.0014295215476195292,-161.55737051056616
2026-01-30,CVX,0.022497224684191786,0.02083333333333332,-0.001663891350858468,-188.04467264421638
2026-01-30,DE,0.021761880075252805,0.02083333333333332,-0.0009285467419194865,-104.93970536538707
2026-01-30,EOG,0.02194632662373392,0.02083333333333332,-0.0011129932904006025,-125.78493111380632
2026-01-30,GE,0.022134757553376863,0.02083333333333332,-0.0013014242200435448,-147.08045167917913
2026-01-30,GS,0.02158400334341479,0.02083333333333332,-0.0007506700100814723,-84.83696741182725
2026-01-30,HD,0.020695406648589404,0.02083333333333332,0.00013792668474391437,15.587783582257217
2026-01-30,HON,0.021782767265494392,0.02083333333333332,-0.0009494339321610736,-107.30027106543126
2026-01-30,INTC,0.021861196454151383,0.02083333333333332,-0.0010278631208180643,-116.1639454268288
2026-01-30,JNJ,0.021887377642476696,0.02083333333333332,-0.001054044309143378,-119.12281229366486
2026-01-30,KO,0.02176406707429751,0.02083333333333332,-0.0009307337409641923,-105.18686905141905
2026-01-30,LLY,0.020661906159706887,0.02083333333333332,0.00017142717362643098,19.37384116473328
2026-01-30,LMT,0.0227600663688412,0.02083333333333332,-0.0019267330355078813,-217.74972431219484
2026-01-30,MA,0.021770285197827005,0.02083333333333332,-0.0009369518644936868,-105.88961025081396
2026-01-30,MCD,0.021596810475573516,0.02083333333333332,-0.0007634771422401973,-86.28436538829736
2026-01-30,MRK,0.02161220950914527,0.02083333333333332,-0.0007788761758119531,-88.02468708991813
2026-01-30,MS,0.02177205951775124,0.02083333333333332,-0.0009387261844179227,-106.09013500812273
2026-01-30,MSFT,0.019579912571700494,0.02083333333333332,0.0012534207616328244,141.65534106845513
2026-01-30,NVDA,0.021593489623309908,0.02083333333333332,-0.0007601562899765893,-85.90905928643693
2026-01-30,ORCL,0.019697002979573434,0.02083333333333332,0.0011363303537598839,128.42236921191846
2026-01-30,PEP,0.022529763097358855,0.02083333333333332,-0.0016964297640255366,-191.72200124455244
2026-01-30,PG,0.02143134553303626,0.02083333333333332,-0.0005980121997029401,-67.58434574010384
2026-01-30,QCOM,0.02062700105749127,0.02083333333333332,0.00020633227584204716,23.318641115981286
2026-01-30,RTX,0.02174366047944829,0.02083333333333332,-0.0009103271461149733,-102.88061783722486
2026-01-30,SLB,0.020870420142109575,0.02083333333333332,-3.708680877625645e-05,-4.1913655072199525
2026-01-30,TMO,0.01959811605426659,0.02083333333333332,0.0012352172790667283,139.59807457785155
2026-01-30,TSLA,0.020322015829830724,0.02083333333333332,0.0005113175035025945,57.786545085287834
2026-01-30,UNH,0.01707645227728836,0.02083333333333332,0.003756881056044957,424.58389364350035
2026-01-30,UPS,0.02085699665449141,0.02083333333333332,-2.366332115809333e-05,-2.6743101216030785
2026-01-30,V,0.020919822412107988,0.02083333333333332,-8.648907877466944e-05,-9.77456280248792
2026-01-30,WFC,0.02206326948721855,0.02083333333333332,-0.0012299361538852319,-139.00122824204047
2026-01-30,WMT,0.021456519528723506,0.02083333333333332,-0.0006231861953901879,-70.42938473601728
2026-01-30,XOM,0.022212676861483885,0.02083333333333332,-0.0013793435281505666,-155.88650189278775
2026-02-06,AAPL,0.021887006506367646,0.02127659574468084,-0.0006104107616868061,-70.37704162273324
2026-02-06,ABBV,0.020458563577739196,0.02127659574468084,0.0008180321669416443,94.3146606761916
2026-02-06,ABT,0.02070595169296928,0.02127659574468084,0.0005706440517115607,65.79215620001692
2026-02-06,ADBE,0.018688315068844944,0.02127659574468084,0.002588280675835896,298.41468776083053
2026-02-06,AMGN,0.02295499906338123,0.02127659574468084,-0.001678403318700391,-193.51077607723667
2026-02-06,AMZN,0.017947166658814375,0.02127659574468084,0.003329429085866465,383.86506933209523
2026-02-06,AVGO,0.02051996088307543,0.02127659574468084,0.0007566348616054111,87.2358852279488
2026-02-06,BA,0.021233521021106604,0.02127659574468084,4.3074723574235835e-05,4.966281402861526
2026-02-06,BAC,0.021698282639348462,0.02127659574468084,-0.0004216868946676222,-48.61820596965704
2026-02-06,BLK,0.019278419421624598,0.02127659574468084,0.0019981763230562423,230.3788646659583
2026-02-06,BRK-B,0.02159126813048987,0.02127659574468084,-0.00031467238580902904,-36.28001500564875
2026-02-06,CAT,0.02255853794415755,0.02127659574468084,-0.0012819421994767106,-147.80096484734165
2026-02-06,COP,0.021084253903218622,0.02127659574468084,0.000192341841462218,22.175968433081216
2026-02-06,COST,0.0217429337075026,0.02127659574468084,-0.0004663379628217605,-53.76623133097205
2026-02-06,CRM,0.018405896787071063,0.02127659574468084,0.0028706989576097776,330.9759799577385
2026-02-06,CSCO,0.02211483154139689,0.02127659574468084,-0.0008382357967160504,-96.64402932892386
2026-02-06,CVX,0.020877222874747123,0.02127659574468084,0.00039937286993371734,46.045520253682604
2026-02-06,DE,0.02255145650299576,0.02127659574468084,-0.0012748607583149205,-146.98451318778203
2026-02-06,EOG,0.020706022179623966,0.02127659574468084,0.0005705735650568741,65.78402947201327
2026-02-06,GE,0.021365931851611668,0.02127659574468084,-8.933610693082766e-05,-10.299967350689817
2026-02-06,GS,0.02027471862425829,0.02127659574468084,0.0010018771204225486,115.51098412812578
2026-02-06,HD,0.020995766165766504,0.02127659574468084,0.0002808295789143364,32.3781233960117
2026-02-06,HON,0.021394802212056623,0.02127659574468084,-0.00011820646737578308,-13.62856292309297
2026-02-06,INTC,0.022230539808072238,0.02127659574468084,-0.000953944063391398,-109.98456329559633
2026-02-06,JNJ,0.021564891058456867,0.02127659574468084,-0.0002882953137760269,-33.238882029515395
2026-02-06,KO,0.02157199742906177,0.02127659574468084,-0.0002954016843809311,-34.05820791830849
2026-02-06,LLY,0.020834161007818236,0.02127659574468084,0.00044243473686260415,51.010319355245315
2026-02-06,LMT,0.020077530561417315,0.02127659574468084,0.001199065183263525,138.24569553412474
2026-02-06,MA,0.020797211824028192,0.02127659574468084,0.00047938392065264776,55.27035932952764
2026-02-06,MCD,0.021208387240571325,0.02127659574468084,6.82085041095147e-05,7.864069629890743
2026-02-06,MRK,0.022579339271643507,0.02127659574468084,-0.0013027435269626665,-150.19924479614494
2026-02-06,MS,0.020102859472018376,0.02127659574468084,0.0011737362726624637,135.32540987155969
2026-02-06,MSFT,0.019036745956796077,0.02127659574468084,0.002239849787884763,258.2425010250985
2026-02-06,NVDA,0.01980898843577156,0.02127659574468084,0.0014676073089092793,169.2071423831327
2026-02-06,ORCL,0.01772025779227627,0.02127659574468084,0.0035563379524045716,410.0264277930608
2026-02-06,PEP,0.022661094307915308,0.02127659574468084,-0.0013844985632344674,-159.62515592305382
2026-02-06,PG,0.021415747571866022,0.02127659574468084,-0.00013915182718518201,-16.043449015591975
2026-02-06,QCOM,0.018500546364170575,0.02127659574468084,0.002776049380510265,320.06339838938754
2026-02-06,RTX,0.020189411859432797,0.02127659574468084,0.0010871838852480435,125.3463902442207
2026-02-06,SLB,0.02139932555713446,0.02127659574468084,-0.00012272981245362025,-14.150080014202626
2026-02-06,TMO,0.019157371586299935,0.02127659574468084,0.002119224158380905,244.33502186319416
2026-02-06,TSLA,0.01950444874390246,0.02127659574468084,0.001772147000778379,204.31891287554544
2026-02-06,UNH,0.01968850481633701,0.0,-0.01968850481633701,-2269.977546135854
2026-02-06,UPS,0.022557852798720242,0.02127659574468084,-0.0012812570540394023,-147.7219713040007
2026-02-06,V,0.02103874432277914,0.02127659574468084,0.0002378514219017018,27.42297559260769
2026-02-06,WFC,0.02130962823098643,0.02127659574468084,-3.303248630558836e-05,-3.808466051952646
2026-02-06,WMT,0.02248371221660559,0.02127659574468084,-0.0012071164719247504,-139.17396533667846
2026-02-06,XOM,0.021524872807749406,0.02127659574468084,-0.00024827706306856587,-28.62499532816494
2026-02-13,AAPL,0.01970400356570198,0.02127659574468084,0.0015725921789788606,180.2119315759424
2026-02-13,ABBV,0.022178057927697448,0.02127659574468084,-0.0009014621830166075,-103.30347779649762
2026-02-13,ABT,0.02176223407962014,0.02127659574468084,-0.00048563833493929856,-55.65195068155805
2026-02-13,ADBE,0.02105321317856668,0.02127659574468084,0.00022338256611416016,25.598628975735608
2026-02-13,AMGN,0.020704744384307493,0.02127659574468084,0.0005718513603733474,65.53157239668337
2026-02-13,AMZN,0.02023149149970598,0.02127659574468084,0.0010451042449748614,119.76420664093128
2026-02-13,AVGO,0.020906653093539014,0.02127659574468084,0.00036994265114182606,42.39375002989231
2026-02-13,BA,0.021398773222684336,0.02127659574468084,-0.00012217747800349552,-14.00098487096896
2026-02-13,BAC,0.01989792024528179,0.02127659574468084,0.0013786754993990492,157.98995956120004
2026-02-13,BLK,0.02171150920225363,0.02127659574468084,-0.00043491345757279073,-49.839109786528994
2026-02-13,BRK-B,0.02096090577451219,0.02127659574468084,0.0003156899701686512,36.17663884109207
2026-02-13,CAT,0.022819752106476052,0.02127659574468084,-0.0015431563617952122,-176.83872042616667
2026-02-13,COP,0.022162721680496014,0.02127659574468084,-0.0008861259358151734,-101.54601342128292
2026-02-13,COST,0.021775241886347805,0.02127659574468084,-0.0004986461416669648,-57.14258633859242
2026-02-13,CRM,0.021222601291205453,0.02127659574468084,5.3994453475387366e-05,6.18751948868602
2026-02-13,CSCO,0.019393649701829167,0.02127659574468084,0.0018829460428516735,215.77707683623083
2026-02-13,CVX,0.021745787722766093,0.02127659574468084,-0.0004691919780852524,-53.767272774804496
2026-02-13,DE,0.022132125885116642,0.02127659574468084,-0.0008555301404358021,-98.03987403109528
2026-02-13,EOG,0.022728392816546157,0.02127659574468084,-0.001451797071865317,-166.36936013953238
2026-02-13,GE,0.02103218507990544,0.02127659574468084,0.00024441066477540185,28.008353714143322
2026-02-13,GS,0.02086079645906889,0.02127659574468084,0.0004157992856119487,47.648712367806766
2026-02-13,HD,0.021732833666251918,0.02127659574468084,-0.0004562379215710781,-52.2827966484644
2026-02-13,HON,0.021674317060352125,0.02127659574468084,-0.00039772131567128444,-45.57705900113774
2026-02-13,INTC,0.019797134927186544,0.02127659574468084,0.0014794608174942964,169.5394999259715
2026-02-13,JNJ,0.02171353700716148,0.02127659574468084,-0.0004369412624806411,-50.07148703231956
2026-02-13,KO,0.0213101431326419,0.02127659574468084,-3.354738796106094e-05,-3.8443785137707813
2026-02-13,LLY,0.02107230143542827,0.02127659574468084,0.0002042943092525687,23.41120130985544
2026-02-13,LMT,0.02240038752092572,0.02127659574468084,-0.0011237917762448799,-128.7814408550301
2026-02-13,MA,0.02021989307129512,0.02127659574468084,0.0010567026733857218,121.0933339347753
2026-02-13,MCD,0.02143241495956123,0.02127659574468084,-0.00015581921488038927,-17.85617534259608
2026-02-13,MRK,0.021313652981352117,0.02127659574468084,-3.705723667127639e-05,-4.246591257838968
2026-02-13,MS,0.020357050270996754,0.02127659574468084,0.0009195454736840858,105.37574089432857
2026-02-13,MSFT,0.021414544188570007,0.02127659574468084,-0.00013794844388916733,-15.808266035829323
2026-02-13,NVDA,0.02110477476811692,0.02127659574468084,0.00017182097656391962,19.689904659169056
2026-02-13,ORCL,0.02400074625898729,0.02127659574468084,-0.0027241505143064497,-312.17529417292195
2026-02-13,PEP,0.020833689080010487,0.02127659574468084,0.00044290666467035333,50.75509506853239
2026-02-13,PG,0.021525973000893067,0.02127659574468084,-0.00024937725621222706,-28.57750256795486
2026-02-13,QCOM,0.02192860585677093,0.02127659574468084,-0.0006520101120900887,-74.71740180159009
2026-02-13,RTX,0.021555783342684483,0.02127659574468084,-0.0002791875980036433,-31.993632539209393
2026-02-13,SLB,0.021399511269374213,0.02127659574468084,-0.0001229155246933733,-14.085561674385643
2026-02-13,TMO,0.019906122428887528,0.02127659574468084,0.0013704733157933122,157.0500265191254
2026-02-13,TSLA,0.021734517777342952,0.02127659574468084,-0.0004579220326621121,-52.475788141593135
2026-02-13,UPS,0.021751531672026602,0.02127659574468084,-0.0004749359273457619,-54.42550330968021
2026-02-13,V,0.020317044109201467,0.02127659574468084,0.0009595516354793734,109.96026559719839
2026-02-13,WFC,0.019812723368105273,0.02127659574468084,0.0014638723765755673,167.75313529452222
2026-02-13,WMT,0.021847135334827548,0.02127659574468084,-0.0005705395901467077,-65.3812494779467
2026-02-13,XOM,0.021460870707419366,0.02127659574468084,-0.00018427496273852595,-21.11707499255023
2026-02-20,AAPL,0.021926124285548274,0.02127659574468084,-0.0006495285408674341,-74.71061921607195
2026-02-20,ABBV,0.02058429805333499,0.02127659574468084,0.0006922976913458501,79.630048485986
2026-02-20,ABT,0.02110844077914787,0.02127659574468084,0.00016815496553296977,19.34166215767484
2026-02-20,ADBE,0.020766445602805446,0.02127659574468084,0.0005101501418753943,58.67891954644143
2026-02-20,AMGN,0.021516079013340305,0.02127659574468084,-0.00023948326865946487,-27.54604635162476
2026-02-20,AMZN,0.022403901701926465,0.02127659574468084,-0.001127305957245625,-129.66593584834735
2026-02-20,AVGO,0.021684454829534086,0.02127659574468084,-0.00040785908485324596,-46.91311138012873
2026-02-20,BA,0.020243276185659867,0.02127659574468084,0.0010333195590209732,118.85535314496899
2026-02-20,BAC,0.02140257513281261,0.02127659574468084,-0.00012597938813177154,-14.490507350480636
2026-02-20,BLK,0.021634635077252,0.02127659574468084,-0.0003580393325711591,-41.182701847677286
2026-02-20,BRK-B,0.02122454884168535,0.02127659574468084,5.204690299549092e-05,5.986582738733836
2026-02-20,CAT,0.020800954563550734,0.02127659574468084,0.0004756411811301063,54.70960078126375
2026-02-20,COP,0.021189278024312006,0.02127659574468084,8.731772036883398e-05,10.043532419036278
2026-02-20,COST,0.020505682508396423,0.02127659574468084,0.0007709132362844172,88.67263194894734
2026-02-20,CRM,0.02068737952219603,0.02127659574468084,0.0005892162224848119,67.77332490302307
2026-02-20,CSCO,0.021845035231626394,0.02127659574468084,-0.0005684394869455538,-65.38352571828894
2026-02-20,CVX,0.021426342776857243,0.02127659574468084,-0.0001497470321764026,-17.22432933389981
2026-02-20,DE,0.02329115902392612,0.02127659574468084,-0.00201456327924528,-231.7207952730958
2026-02-20,EOG,0.02160944936032088,0.02127659574468084,-0.00033285361564003996,-38.2857690896314
2026-02-20,GE,0.02306580379175722,0.02127659574468084,-0.0017892080470763815,-205.79979584105342
2026-02-20,GS,0.021597310275364073,0.02127659574468084,-0.0003207145306832332,-36.889497029548615
2026-02-20,HD,0.020719852400300914,0.02127659574468084,0.0005567433443799258,64.03820215121281
2026-02-20,HON,0.021424298662026057,0.02127659574468084,-0.0001477029173452167,-16.989209435114912
2026-02-20,INTC,0.01998275959779017,0.02127659574468084,0.0012938361468906694,148.82071166456575
2026-02-20,JNJ,0.02111327252383758,0.02127659574468084,0.00016332322084326029,18.785901148035332
2026-02-20,KO,0.021509365928821706,0.02127659574468084,-0.00023277018414086595,-26.773888286692685
2026-02-20,LLY,0.020575626236654015,0.02127659574468084,0.0007009695080268247,80.62750549241507
2026-02-20,LMT,0.02138135223789504,0.02127659574468084,-0.00010475649321419964,-12.049389645734493
2026-02-20,MA,0.021526036545034002,0.02127659574468084,-0.0002494408003531623,-28.691389953780078
2026-02-20,MCD,0.021303626006907345,0.02127659574468084,-2.7030262226505203e-05,-3.1090976014973353
2026-02-20,MRK,0.021345256254672016,0.02127659574468084,-6.866050999117593e-05,-7.897527043663799
2026-02-20,MS,0.0217244558358349,0.02127659574468084,-0.0004478600911540613,-51.5141408376008
2026-02-20,MSFT,0.021028717581351893,0.02127659574468084,0.0002478781633289476,28.511651001072735
2026-02-20,NVDA,0.022009669196770387,0.02127659574468084,-0.0007330734520895471,-84.3201924019094
2026-02-20,ORCL,0.019600539500041276,0.02127659574468084,0.0016760562446395642,192.7847538627909
2026-02-20,PEP,0.021069118051175544,0.02127659574468084,0.0002074776935052959,23.864674113630194
2026-02-20,PG,0.021290872819867537,0.02127659574468084,-1.4277075186697186e-05,-1.642189774090714
2026-02-20,QCOM,0.021525279231965847,0.02127659574468084,-0.000248683487285007,-28.604281651831187
2026-02-20,RTX,0.02178389958572474,0.02127659574468084,-0.0005073038410438983,-58.35152993348879
2026-02-20,SLB,0.02139035944472472,0.02127659574468084,-0.00011376370004387987,-13.085424180497123
2026-02-20,TMO,0.021453406750870943,0.02127659574468084,-0.00017681100619010293,-20.337304560994422
2026-02-20,TSLA,0.020911482905492076,0.02127659574468084,0.0003651128391887644,41.996316687026024
2026-02-20,UPS,0.021040044622121213,0.02127659574468084,0.00023655112255962715,27.208782571871044
2026-02-20,V,0.021660506076906734,0.02127659574468084,-0.0003839103322258938,-44.15845777267905
2026-02-20,WFC,0.021616015573359702,0.02127659574468084,-0.00033941982867886217,-39.041033579441056
2026-02-20,WMT,0.019471216971318418,0.02127659574468084,0.0018053787733624226,207.6597987477622
2026-02-20,XOM,0.021029794877180485,0.02127659574468084,0.0002468008675003547,28.387737372388184
2026-02-27,AAPL,0.02123099076537938,0.022727272727272728,0.0014962819618933483,172.2114669112447
2026-02-27,ABBV,0.021950752653505323,0.022727272727272728,0.0007765200737674047,89.37196624378232
2026-02-27,ABT,0.022047640455996702,0.022727272727272728,0.0006796322712760254,78.22086570405887
2026-02-27,ADBE,0.02157557568867828,0.022727272727272728,0.0011516970385944472,132.55218034087554
2026-02-27,AMGN,0.022024012666873583,0.022727272727272728,0.0007032600603991447,80.940257054345
2026-02-27,AMZN,0.02125200285892798,0.022727272727272728,0.001475269868344748,169.7931236143022
2026-02-27,AVGO,0.020425777775772685,0.022727272727272728,0.002301494951500043,264.8857847521769
2026-02-27,BA,0.02085075674845152,0.022727272727272728,0.0018765159788212069,215.97371192410606
2026-02-27,BAC,0.01996875336312706,0.022727272727272728,0.0027585193641456694,317.48606098377877
2026-02-27,BLK,0.020671886253475987,0.022727272727272728,0.0020553864737967407,236.56044030242538
2026-02-27,BRK-B,0.02155122435858027,0.022727272727272728,0.0011760483686924575,135.35484613797695
2026-02-27,CAT,0.020789869876060713,0.022727272727272728,0.0019374028512120153,222.9813601328641
2026-02-27,COP,0.021826791406058643,0.022727272727272728,0.0009004813212140847,103.63902874043103
2026-02-27,COST,0.021813882495166977,0.022727272727272728,0.0009133902321057513,105.12475304741089
2026-02-27,CRM,0.022369011626001398,0.022727272727272728,0.0003582611012713302,41.23331788956724
2026-02-27,CSCO,0.02133293871239287,0.022727272727272728,0.0013943340148798583,160.47797953994245
2026-02-27,CVX,0.02159029830895127,0.022727272727272728,0.0011369744183214563,130.85771091695707
2026-02-27,DE,0.020211036890231942,0.022727272727272728,0.002516235837040786,289.60094128457047
2026-02-27,EOG,0.021435894894339936,0.022727272727272728,0.001291377832932792,148.62845146152466
2026-02-27,GE,0.021203659984090652,0.022727272727272728,0.0015236127431820755,175.35704645937108
2026-02-27,GS,0.019818217213860168,0.0,-0.019818217213860168,-2280.9365780537332
2026-02-27,HD,0.021178027983718574,0.022727272727272728,0.001549244743554154,178.30710834366974
2026-02-27,HON,0.021335417284072157,0.022727272727272728,0.0013918554432005709,160.19271347672355
2026-02-27,INTC,0.021986206832008606,0.022727272727272728,0.0007410658952641223,85.29144115313863
2026-02-27,JNJ,0.021899798841898015,0.022727272727272728,0.0008274738853747132,95.23638943746329
2026-02-27,KO,0.021721208565022403,0.022727272727272728,0.0010060641622503252,115.79086669515722
2026-02-27,LLY,0.02215766334142304,0.022727272727272728,0.0005696093858496877,65.55801005544687
2026-02-27,LMT,0.021257321886007954,0.022727272727272728,0.0014699508412647742,169.1809412320299
2026-02-27,MA,0.020891525256951364,0.022727272727272728,0.0018357474703213639,211.28154505225683
2026-02-27,MCD,0.022027169310469358,0.022727272727272728,0.0007001034168033701,80.57694971121799
2026-02-27,MRK,0.02153444488044708,0.022727272727272728,0.0011928278468256483,137.28604534836208
2026-02-27,MS,0.0201842793604895,0.0,-0.0201842793604895,-2323.0677410679205
2026-02-27,MSFT,0.02102279102900855,0.022727272727272728,0.0017044816982641764,196.17378345590566
2026-02-27,NVDA,0.01984835629287751,0.022727272727272728,0.0028789164343952164,331.3429119032771
2026-02-27,ORCL,0.02087830645059488,0.0,-0.02087830645059488,-2402.9453485690856
2026-02-27,PEP,0.021881922188330266,0.022727272727272728,0.0008453505389424618,97.2938657773308
2026-02-27,PG,0.022112178463602215,0.022727272727272728,0.0006150942636705126,70.79299766559713
2026-02-27,QCOM,0.021185749704520723,0.022727272727272728,0.0015415230227520046,177.4183929141697
2026-02-27,RTX,0.021024479041794445,0.022727272727272728,0.0017027936854782828,195.97950512773826
2026-02-27,SLB,0.021468030399714417,0.022727272727272728,0.001259242327558311,144.92988216682375
2026-02-27,TMO,0.021686791159046835,0.022727272727272728,0.0010404815682258928,119.752066603517
2026-02-27,TSLA,0.020782440126668474,0.022727272727272728,0.0019448326006042543,223.83647171891928
2026-02-27,UPS,0.021122873973049877,0.022727272727272728,0.0016043987542228508,184.65494473092127
2026-02-27,V,0.021209472034052292,0.022727272727272728,0.0015178006932204356,174.68812063178913
2026-02-27,WFC,0.019525166065266428,0.022727272727272728,0.0032021066620063,368.53982037757106
2026-02-27,WMT,0.0221206458304787,0.022727272727272728,0.0006066268967940269,69.81846364873968
2026-02-27,XOM,0.02201675870256266,0.022727272727272728,0.0007105140247100662,81.77513702130315
2026-03-06,AAPL,0.022644213133677205,0.02127659574468084,-0.0013676173889963644,-153.94309312827704
2026-03-06,ABBV,0.02303802467146016,0.02127659574468084,-0.0017614289267793189,-198.27169462434395
2026-03-06,ABT,0.021879285463275763,0.02127659574468084,-0.0006026897185949232,-67.8405526455031
2026-03-06,ADBE,0.025113308354205766,0.02127659574468084,-0.003836712609524926,-431.87181685951833
2026-03-06,AMGN,0.02212006508537673,0.02127659574468084,-0.0008434693406958911,-94.94342519356427
2026-03-06,AMZN,0.023590424742646603,0.02127659574468084,-0.0023138289979657625,-260.45149453543416
2026-03-06,AVGO,0.024030003900072785,0.02127659574468084,-0.0027534081553919447,-309.9318358307204
2026-03-06,BA,0.02360084461140222,0.02127659574468084,-0.0023242488667213797,-261.62438604671246
2026-03-06,BAC,0.022808582784862322,0.02127659574468084,-0.0015319870401814817,-172.44503140680547
2026-03-06,BLK,0.020996131065658785,0.02127659574468084,0.00028046467902205496,31.569940942012483
2026-03-06,BRK-B,0.02296054711770804,0.02127659574468084,-0.001683951373027199,-189.55059004598925
2026-03-06,CAT,0.02129812470221056,0.0,-0.02129812470221056,-2397.380452215626
2026-03-06,COP,0.023974540727663675,0.02127659574468084,-0.0026979449829828347,-303.68873568877854
2026-03-06,COST,0.022943547438107018,0.02127659574468084,-0.0016669516934261774,-187.63705539731723
2026-03-06,CRM,0.024108412882364958,0.02127659574468084,-0.002831817137684118,-318.75778478414475
2026-03-06,CSCO,0.022995477435107423,0.02127659574468084,-0.0017188816904265825,-193.48245077522415
2026-03-06,CVX,0.023630889218231803,0.02127659574468084,-0.0023542934735509627,-265.0062966193494
2026-03-06,DE,0.02176153406761747,0.02127659574468084,-0.00048493832293662956,-54.58610427883533
2026-03-06,EOG,0.024607872272634286,0.02127659574468084,-0.003331276527953446,-374.97842372063025
2026-03-06,GE,0.02193520500497932,0.02127659574468084,-0.0006586092602984782,-74.13502307665073
2026-03-06,GS,0.0,0.02127659574468084,0.02127659574468084,2394.957088531735
2026-03-06,HD,0.02184377932034823,0.02127659574468084,-0.0005671835756673911,-63.843875277039544
2026-03-06,HON,0.022443545972389352,0.02127659574468084,-0.0011669502277085117,-131.3553988312685
2026-03-06,INTC,0.02211959617427159,0.02127659574468084,-0.0008430004295907484,-94.89064316073208
2026-03-06,JNJ,0.02248422203364479,0.02127659574468084,-0.0012076262889639498,-135.93401762941986
2026-03-06,JPM,0.0,0.02127659574468084,0.02127659574468084,2394.957088531735
2026-03-06,KO,0.021947574517342437,0.02127659574468084,-0.0006709787726615971,-75.52737228849016
2026-03-06,LLY,0.021873375193992142,0.02127659574468084,-0.0005967794493113021,-67.17527510365393
2026-03-06,LMT,0.023843618308106315,0.02127659574468084,-0.002567022563425475,-288.9517175807472
2026-03-06,MA,0.023465716884584483,0.02127659574468084,-0.002189121139903643,-246.41400600834447
2026-03-06,MCD,0.0224744598269107,0.02127659574468084,-0.0011978640822298582,-134.83515451719617
2026-03-06,MRK,0.021728399333152095,0.02127659574468084,-0.000451803588471255,-50.85635972116545
2026-03-06,MS,0.0,0.02127659574468084,0.02127659574468084,2394.957088531735
2026-03-06,MSFT,0.024194863445521866,0.02127659574468084,-0.0029182677008410263,-328.48891806903407
2026-03-06,NKE,0.0,0.02127659574468084,0.02127659574468084,2394.957088531735
2026-03-06,NVDA,0.023317871002413632,0.02127659574468084,-0.002041275257732792,-229.77203246312504
2026-03-06,PEP,0.02201892564078638,0.02127659574468084,-0.0007423298961055404,-83.55886759522858
2026-03-06,PG,0.02134947964568398,0.02127659574468084,-7.288390100313943e-05,-8.204029321323763
2026-03-06,QCOM,0.022288805989634394,0.02127659574468084,-0.0010122102449535535,-113.93740475809001
2026-03-06,RTX,0.02405402903732546,0.02127659574468084,-0.0027774332926446196,-312.6361769507337
2026-03-06,SLB,0.021225818727696303,0.02127659574468084,5.0777016984537154e-05,5.715612507795839
2026-03-06,TMO,0.022381842887378454,0.02127659574468084,-0.0011052471426976143,-124.40991551220563
2026-03-06,TSLA,0.02290160081943228,0.02127659574468084,-0.00162500507475144,-182.9154188657722
2026-03-06,UPS,0.02051018192069139,0.02127659574468084,0.0007664138239894501,86.26982636407564
2026-03-06,V,0.023033488520767986,0.02127659574468084,-0.0017568927760871454,-197.7610919703651
2026-03-06,WFC,0.022941429147457993,0.02127659574468084,-0.0016648334027771529,-187.398614282661
2026-03-06,WMT,0.022481631262759864,0.02127659574468084,-0.0012050355180790243,-135.64239272992597
2026-03-06,XOM,0.02303870970844507,0.02127659574468084,-0.0017621139637642308,-198.34880443094124
2026-03-13,AAPL,0.021149539762215223,0.022727272727272728,0.0015777329650575045,173.5378138499073
2026-03-13,ABBV,0.020783431973098888,0.022727272727272728,0.0019438407541738402,213.8066975987844
2026-03-13,ABT,0.021466170304908064,0.022727272727272728,0.0012611024223646641,138.71102541741578
2026-03-13,ADBE,0.019137381629033553,0.0,-0.019137381629033553,-2104.9565701334104
2026-03-13,AMGN,0.021574597110917786,0.022727272727272728,0.0011526756163549416,126.7849572586197
2026-03-13,AMZN,0.021204518096199824,0.022727272727272728,0.0015227546310729034,167.49064357451792
2026-03-13,AVGO,0.021222115473897372,0.022727272727272728,0.0015051572533753554,165.5550749309279
2026-03-13,BA,0.019771300607214003,0.022727272727272728,0.0029559721200587245,325.1329286243127
2026-03-13,BAC,0.020910842939751106,0.022727272727272728,0.0018164297875216222,199.7925259341114
2026-03-13,BLK,0.02105610056233046,0.022727272727272728,0.0016711721649422667,183.81536704490895
2026-03-13,BRK-B,0.021379707096055765,0.022727272727272728,0.0013475656312169626,148.22127624882245
2026-03-13,COP,0.022666512373729897,0.022727272727272728,6.076035354283041e-05,6.683145472710554
2026-03-13,COST,0.021995505828613815,0.022727272727272728,0.0007317668986589129,80.48841638823588
2026-03-13,CRM,0.020770599657850327,0.022727272727272728,0.001956673069422401,215.21814806865962
2026-03-13,CSCO,0.02168437160312025,0.022727272727272728,0.0010429011241524788,114.71065456278627
2026-03-13,CVX,0.02255874987215694,0.022727272727272728,0.00016852285511578802,18.536145538083886
2026-03-13,DE,0.021317268352627563,0.022727272727272728,0.001410004374645165,155.0890309792122
2026-03-13,EOG,0.02213299979555679,0.022727272727272728,0.0005942729317159369,65.365196572666
2026-03-13,GE,0.02022163600973806,0.0,-0.02022163600973806,-2224.215747099259
2026-03-13,GS,0.020731005867061406,0.022727272727272728,0.0019962668602113223,219.57314352588492
2026-03-13,HD,0.02075908374496284,0.022727272727272728,0.001968188982309889,216.48480496893413
2026-03-13,HON,0.021697095899309102,0.022727272727272728,0.0010301768279636254,113.31108531228777
2026-03-13,INTC,0.022948449482826226,0.022727272727272728,-0.00022117675555349825,-24.327646999358024
2026-03-13,JNJ,0.02187161799014006,0.022727272727272728,0.0008556547371326682,94.11507256356802
2026-03-13,JPM,0.021315955372442248,0.022727272727272728,0.0014113173548304797,155.23344813727002
2026-03-13,KO,0.02200523975513068,0.022727272727272728,0.0007220329721420483,79.41776351774156
2026-03-13,LLY,0.021654781528904106,0.022727272727272728,0.001072491198368622,117.96532243425261
2026-03-13,LMT,0.02093505697033155,0.022727272727272728,0.0017922157569411762,197.129179205299
2026-03-13,MA,0.020755323917924572,0.022727272727272728,0.0019719488093481556,216.89835541069144
2026-03-13,MCD,0.02166401414790589,0.022727272727272728,0.0010632585793668367,116.94980931944582
2026-03-13,MRK,0.021736346981480276,0.022727272727272728,0.0009909257457924522,108.99378501997866
2026-03-13,MS,0.021036683768152258,0.022727272727272728,0.0016905889591204704,185.95105672642376
2026-03-13,MSFT,0.02105633424475156,0.022727272727272728,0.0016709384825211691,183.7896638762546
2026-03-13,NKE,0.02061313669075163,0.022727272727272728,0.0021141360365210977,232.5377957389685
2026-03-13,NVDA,0.022068884553284224,0.022727272727272728,0.0006583881739885035,72.41735256158066
2026-03-13,PEP,0.02183163887595278,0.022727272727272728,0.0008956338513199484,98.51245046551453
2026-03-13,PG,0.021347907428749518,0.022727272727272728,0.00137936529852321,151.7189814167432
2026-03-13,QCOM,0.020828404036981798,0.022727272727272728,0.00189886869029093,208.86013577659787
2026-03-13,RTX,0.0212263522855617,0.022727272727272728,0.0015009204417110282,165.08906005375613
2026-03-13,SLB,0.02075827094162711,0.0,-0.02075827094162711,-2283.2412317522494
2026-03-13,TMO,0.02015940743621551,0.022727272727272728,0.002567865291057219,282.44432913581414
2026-03-13,TSLA,0.021466737074180155,0.022727272727272728,0.0012605356530925732,138.64868540005273
2026-03-13,UPS,0.02067487472381226,0.022727272727272728,0.0020523980034604684,225.74711345874854
2026-03-13,V,0.021069122257055026,0.022727272727272728,0.0016581504702177022,182.38308637056844
2026-03-13,WFC,0.020059327961519092,0.022727272727272728,0.002667944765753636,293.45225863637467
2026-03-13,WMT,0.022248500571229853,0.022727272727272728,0.0004787721560428754,52.66104919653437
2026-03-13,XOM,0.022477096442740464,0.022727272727272728,0.0002501762845322636,27.51735969035738
2026-03-20,AAPL,0.022941011837011263,0.021739130434782608,-0.001201881402228655,-129.8345653315048
2026-03-20,ABBV,0.021599238971622716,0.021739130434782608,0.000139891463159892,15.11192974554188
2026-03-20,ABT,0.022587606778483687,0.021739130434782608,-0.0008484763437010788,-91.65759373114592
2026-03-20,AMGN,0.021974863692140845,0.021739130434782608,-0.00023573325735823727,-25.4653453714593
2026-03-20,AMZN,0.022881793070202806,0.021739130434782608,-0.0011426626354201982,-123.43739267055287
2026-03-20,AVGO,0.022301331871862964,0.021739130434782608,-0.0005622014370803563,-60.732430901022155
2026-03-20,BA,0.021509823670542504,0.021739130434782608,0.0002293067642401038,24.771116357638494
2026-03-20,BAC,0.023355963802707325,0.021739130434782608,-0.0016168333679247165,-174.66020952543337
2026-03-20,BLK,0.023984343942801738,0.021739130434782608,-0.0022452135080191296,-242.54166787966355
2026-03-20,BRK-B,0.022708845402654138,0.021739130434782608,-0.0009697149678715294,-104.75452995244993
2026-03-20,COP,0.02409288397770931,0.021739130434782608,-0.0023537535429267002,-254.2668249768276
2026-03-20,COST,0.022309752166603653,0.021739130434782608,-0.0005706217318210451,-61.64204253624113
2026-03-20,CRM,0.02344403162059092,0.021739130434782608,-0.0017049011858083114,-184.1738327776179
2026-03-20,CSCO,0.02293718737860677,0.021739130434782608,-0.0011980569438241606,-129.42142399022504
2026-03-20,CVX,0.023715267509794163,0.021739130434782608,-0.0019761370750115553,-213.47438914841
2026-03-20,DE,0.02242608285747394,0.021739130434782608,-0.0006869524226913309,-74.20879384452351
2026-03-20,EOG,0.024026513703374063,0.021739130434782608,-0.002287383268591455,-247.09710282015686
2026-03-20,GE,0.0,0.021739130434782608,0.021739130434782608,2348.3935648318775
2026-03-20,GS,0.02406450976644586,0.021739130434782608,-0.0023253793316632514,-251.20166948046747
2026-03-20,HD,0.021890486348552642,0.021739130434782608,-0.00015135591377003418,-16.350389679252654
2026-03-20,HON,0.02185534743449654,0.021739130434782608,-0.00011621699971393201,-12.55446969560424
2026-03-20,INTC,0.022177547961259723,0.021739130434782608,-0.00043841752647711535,-47.360537302864884
2026-03-20,JNJ,0.022548870828714727,0.021739130434782608,-0.0008097403939321193,-87.47309999355245
2026-03-20,JPM,0.023392749769109364,0.021739130434782608,-0.0016536193343267558,-178.63405415706822
2026-03-20,KO,0.022363194409373875,0.021739130434782608,-0.0006240639745912664,-67.41519981078258
2026-03-20,LLY,0.02129702572118746,0.021739130434782608,0.00044210471359514697,47.75884976187944
2026-03-20,LMT,0.022472923812545374,0.021739130434782608,-0.0007337933777627655,-79.26883972769897
2026-03-20,MA,0.023060462218552766,0.021739130434782608,-0.0013213317837701584,-142.73832466862865
2026-03-20,MCD,0.021889936135333857,0.021739130434782608,-0.00015080570055124934,-16.290952288867786
2026-03-20,MRK,0.023021113095674367,0.021739130434782608,-0.001281982660891759,-138.4875922289557
2026-03-20,MS,0.02412411316467658,0.021739130434782608,-0.0023849827298939724,-257.6403923754358
2026-03-20,MSFT,0.02233782946234474,0.021739130434782608,-0.0005986990275621308,-64.6751234055085
2026-03-20,NKE,0.022447940972243164,0.021739130434782608,-0.0007088105374605559,-76.57004082344012
2026-03-20,NVDA,0.022168885594551154,0.021739130434782608,-0.00042975515976854603,-46.42477557607245
2026-03-20,PEP,0.021713994653359943,0.021739130434782608,2.5135781422665204e-05,2.7153205376403506
2026-03-20,PG,0.022159697315950678,0.021739130434782608,-0.00042056688116806976,-45.43220163655937
2026-03-20,QCOM,0.023152308399460152,0.021739130434782608,-0.0014131779646775443,-152.66010975770396
2026-03-20,RTX,0.022418524103430815,0.021739130434782608,-0.0006793936686482066,-73.39225109428459
2026-03-20,TMO,0.023637318284174435,0.021739130434782608,-0.0018981878493918268,-205.05383799627606
2026-03-20,TSLA,0.021763491016799464,0.021739130434782608,-2.4360582016855897e-05,-2.6315787660214034
2026-03-20,UNH,0.0,0.021739130434782608,0.021739130434782608,2348.3935648318775
2026-03-20,UPS,0.022816726411498105,0.021739130434782608,-0.0010775959767154973,-116.40849503154021
2026-03-20,V,0.022722209074308507,0.021739130434782608,-0.0009830786395258993,-106.19815533616976
2026-03-20,WFC,0.024230943253216824,0.021739130434782608,-0.0024918128184342157,-269.18083062851883
2026-03-20,WMT,0.02181111993405814,0.021739130434782608,-7.198949927553211e-05,-7.776745134369921
2026-03-20,XOM,0.023664188604497934,0.021739130434782608,-0.0019250581697153255,-207.95653401357913
2026-03-27,AAPL,0.021916622574228446,0.021739130434782608,-0.00017749213944583814,-19.078933859800635
2026-03-27,ABBV,0.022306525264407115,0.021739130434782608,-0.0005673948296245068,-60.99024137405341
2026-03-27,ABT,0.021540769291571747,0.021739130434782608,0.0001983611432108609,21.322178793327947
2026-03-27,ADBE,0.0,0.021739130434782608,0.021739130434782608,2336.7763385451813
2026-03-27,AMGN,0.021906198272072307,0.021739130434782608,-0.0001670678372896993,-17.95840777908234
2026-03-27,AMZN,0.021203856855268554,0.021739130434782608,0.0005352735795140541,57.53747322181392
2026-03-27,AVGO,0.021198073242896683,0.021739130434782608,0.0005410571918859249,58.15916361474154
2026-03-27,BA,0.02133026331335917,0.021739130434782608,0.00040886712142343754,43.94982668776295
2026-03-27,BAC,0.021757259325424133,0.021739130434782608,-1.812889064152501e-05,-1.9487054839786853
2026-03-27,BLK,0.021296577694079635,0.021739130434782608,0.0004425527407029735,47.57075155951935
2026-03-27,BRK-B,0.021279764895884193,0.021739130434782608,0.00045936553889841525,49.37798801388015
2026-03-27,COP,0.023029446671112643,0.021739130434782608,-0.001290316236330035,-138.6983007136481
2026-03-27,COST,0.022104312869346845,0.021739130434782608,-0.0003651824345642374,-39.25408492773356
2026-03-27,CRM,0.02004849799778825,0.0,-0.02004849799778825,-2155.047364251693
2026-03-27,CSCO,0.022483886570699448,0.021739130434782608,-0.0007447561359168395,-80.05511175425325
2026-03-27,CVX,0.02286535917970257,0.021739130434782608,-0.0011262287449199625,-121.06025541424663
2026-03-27,DE,0.02211495606211533,0.021739130434782608,-0.00037582562733272026,-40.39813993501999
2026-03-27,EOG,0.02355062677384302,0.021739130434782608,-0.001811496339060411,-194.72084199396903
2026-03-27,GE,0.02154210712506517,0.021739130434782608,0.00019702330971743676,21.178372781319997
2026-03-27,GS,0.02155955959275073,0.021739130434782608,0.00017957084203187867,19.302377158625514
2026-03-27,HD,0.021906564758721044,0.021739130434782608,-0.00016743432393843613,-17.997802056223744
2026-03-27,HON,0.0220050408952063,0.021739130434782608,-0.0002659104604236934,-28.58317051612811
2026-03-27,INTC,0.021476784311577318,0.021739130434782608,0.00026234612320528983,28.20003380789829
2026-03-27,JNJ,0.02231675756403905,0.021739130434782608,-0.000577627129256443,-62.090128774818815
2026-03-27,JPM,0.021561682327035835,0.021739130434782608,0.0001774481077467735,19.074200817104707
2026-03-27,KO,0.02212582446048477,0.021739130434782608,-0.00038669402570216255,-41.5664026778094
2026-03-27,LLY,0.02115957726195656,0.021739130434782608,0.0005795531728260486,62.297162494680045
2026-03-27,LMT,0.021441741700955825,0.021739130434782608,0.0002973887338267832,31.966824001591544
2026-03-27,MA,0.02131357343362117,0.021739130434782608,0.000425557001161439,45.74385042674957
2026-03-27,MCD,0.021636610558655706,0.021739130434782608,0.0001025198761269025,11.020036955140723
2026-03-27,MRK,0.02288798036619272,0.021739130434782608,-0.0011488499314101126,-123.49184546788666
2026-03-27,MS,0.02142857613844835,0.021739130434782608,0.0003105542963342568,33.38201284934223
2026-03-27,MSFT,0.02040940012729888,0.021739130434782608,0.0013297303074837272,142.9349866820216
2026-03-27,NKE,0.02142813622060593,0.021739130434782608,0.00031099421417667833,33.42930037117566
2026-03-27,NVDA,0.02119003865388233,0.021739130434782608,0.0005490917809002765,59.022815339680456
2026-03-27,PEP,0.022282059722844208,0.021739130434782608,-0.0005429292880615999,-58.360398436894265
2026-03-27,PG,0.021607559750634928,0.021739130434782608,0.00013157068414768047,14.14275803187506
2026-03-27,QCOM,0.021376076876984552,0.021739130434782608,0.00036305355779805634,39.0252483204086
2026-03-27,RTX,0.020913737078879766,0.021739130434782608,0.0008253933559028426,88.72294454704355
2026-03-27,TMO,0.02179783796395195,0.021739130434782608,-5.870752916934188e-05,-6.310572792638981
2026-03-27,TSLA,0.021481339873974943,0.021739130434782608,0.000257790560807665,27.710348608599638
2026-03-27,UNH,0.020531809089264007,0.021739130434782608,0.0012073213455186006,129.77703784850627
2026-03-27,UPS,0.021603710717567767,0.021739130434782608,0.0001354197172148408,14.556497184165499
2026-03-27,V,0.021403466919368685,0.021739130434782608,0.0003356635154139233,36.081045784478974
2026-03-27,WFC,0.02172985227165485,0.021739130434782608,9.278163127759281e-06,0.997325634857071
2026-03-27,WMT,0.0225555815286371,0.021739130434782608,-0.0008164510938544929,-87.76172549413147
2026-03-27,XOM,0.02339401585593925,0.021739130434782608,-0.0016548854211566426,-177.8864663774621
2026-04-02,AAPL,0.02191303413689746,0.022222222222222213,0.00030918808532475264,33.912762054238804
2026-04-02,ABBV,0.021246415602830197,0.022222222222222213,0.000975806619392016,107.02966661743916
2026-04-02,ABT,0.02107394635541305,0.022222222222222213,0.0011482758668091633,125.94665865866874
2026-04-02,ADBE,0.02203636063688769,0.022222222222222213,0.00018586158533452288,20.385907535385453
2026-04-02,AMGN,0.021252689423352022,0.022222222222222213,0.0009695327988701909,106.34153343046923
2026-04-02,AMZN,0.02241803836626971,0.022222222222222213,-0.0001958161440474976,-21.477756144731057
2026-04-02,AVGO,0.022286086723595572,0.022222222222222213,-6.386450137335978e-05,-7.004867721576361
2026-04-02,BA,0.02328254918502599,0.022222222222222213,-0.001060326962803778,-116.30013475936327
2026-04-02,BAC,0.02239645010263569,0.022222222222222213,-0.00017422788041347725,-19.1098846692965
2026-04-02,BLK,0.022049583974700304,0.022222222222222213,0.00017263824752190848,18.935528526339887
2026-04-02,BRK-B,0.02170627412051128,0.022222222222222213,0.0005159481017109335,56.59087796763272
2026-04-02,COP,0.020781151124325208,0.022222222222222213,0.001441071097897005,158.06139875956396
2026-04-02,COST,0.02197679233982896,0.022222222222222213,0.0002454298823932541,26.919553493984232
2026-04-02,CSCO,0.02117762140217907,0.022222222222222213,0.0010446008200431442,114.57523990478892
2026-04-02,CVX,0.020074521128328634,0.022222222222222213,0.002147701093893579,235.5668915389814
2026-04-02,DE,0.021707688829274856,0.022222222222222213,0.0005145333929473563,56.43570807606057
2026-04-02,EOG,0.020317701811539423,0.022222222222222213,0.0019045204106827897,208.89403757938385
2026-04-02,GE,0.0211790967643445,0.022222222222222213,0.0010431254578777138,114.41341734940967
2026-04-02,GS,0.022899369802603934,0.022222222222222213,-0.0006771475803817213,-74.27176485461563
2026-04-02,HD,0.021302062294094055,0.022222222222222213,0.0009201599281281579,100.92615522904016
2026-04-02,HON,0.021907772228787075,0.022222222222222213,0.0003144499934351376,34.48990537304207
2026-04-02,INTC,0.024884411272222524,0.022222222222222213,-0.0026621890500003118,-291.9976159535178
2026-04-02,JNJ,0.021532855777369787,0.022222222222222213,0.000689366444852426,75.61196993700995
2026-04-02,JPM,0.02218914516490086,0.022222222222222213,3.307705732135194e-05,3.6280000027013437
2026-04-02,KO,0.021587583819240124,0.022222222222222213,0.0006346384029820885,69.60921902345594
2026-04-02,LLY,0.022694278390195388,0.022222222222222213,-0.0004720561679731755,-51.77666689159602
2026-04-02,LMT,0.021543800881743114,0.022222222222222213,0.0006784213404790983,74.4114750347513
2026-04-02,MA,0.021708128881969473,0.022222222222222213,0.0005140933402527394,56.387441654965485
2026-04-02,MCD,0.021389743685989854,0.022222222222222213,0.0008324785362323582,91.30897293424536
2026-04-02,MRK,0.021524204934933594,0.022222222222222213,0.0006980172872886187,76.56082267433057
2026-04-02,MS,0.022301374635952356,0.022222222222222213,-7.91524137301429e-05,-8.681696029876433
2026-04-02,MSFT,0.022299976749144943,0.022222222222222213,-7.775452692273047e-05,-8.528371225562758
2026-04-02,NKE,0.018325806304291137,0.0,-0.018325806304291137,-2010.0344681675906
2026-04-02,NVDA,0.022558547297033656,0.022222222222222213,-0.00033632507481144366,-36.889235958024315
2026-04-02,PEP,0.021856013627423697,0.022222222222222213,0.0003662085947985158,40.166958324331596
2026-04-02,PG,0.02136458816704421,0.022222222222222213,0.000857634055178004,94.06811265807573
2026-04-02,QCOM,0.021251432954469806,0.022222222222222213,0.0009707892677524067,106.4793470534825
2026-04-02,RTX,0.022033302753427304,0.022222222222222213,0.00018891946879490834,20.721306210508146
2026-04-02,TMO,0.022117971356123187,0.022222222222222213,0.00010425086609902601,11.43457650462556
2026-04-02,TSLA,0.021230380852518885,0.022222222222222213,0.0009918413697033272,108.7884105591259
2026-04-02,UNH,0.02280355903287941,0.022222222222222213,-0.0005813368106571959,-63.762925768890426
2026-04-02,UPS,0.022062937273655756,0.022222222222222213,0.00015928494856645714,17.4708949534139
2026-04-02,V,0.02168401123863498,0.022222222222222213,0.0005382109835872333,59.032743781833084
2026-04-02,WFC,0.02224449915976175,0.022222222222222213,-2.2276937539537217e-05,-2.443407485388587
2026-04-02,WMT,0.021806112480115648,0.022222222222222213,0.000416109742106565,45.640279630079576
2026-04-02,XOM,0.02002012695553387,0.022222222222222213,0.0022020952666883427,241.5330225986193
2026-04-10,AAPL,0.0220613293749624,0.02127659574468084,-0.0007847336302815588,-88.24033885158815
2026-04-10,ABBV,0.021581712076716175,0.02127659574468084,-0.00030511633203533436,-34.30918147128667
2026-04-10,ABT,0.021133609885199543,0.02127659574468084,0.00014298585948129688,16.07822094624419
2026-04-10,ADBE,0.020107395607246045,0.02127659574468084,0.001169200137434795,131.47214842258333
2026-04-10,AMGN,0.021866988723616382,0.02127659574468084,-0.0005903929789355424,-66.3874651302746
2026-04-10,AMZN,0.024631335227216927,0.02127659574468084,-0.0033547394825360864,-377.22780988954673
2026-04-10,AVGO,0.025602894960837813,0.02127659574468084,-0.004326299216156973,-486.47603986346274
2026-04-10,BA,0.02265467544350769,0.02127659574468084,-0.0013780796988268514,-154.95986777748467
2026-04-10,BAC,0.0230621874942365,0.02127659574468084,-0.0017855917495556602,-200.7830618586581
2026-04-10,BLK,0.022409538065076232,0.02127659574468084,-0.0011329423203953921,-127.3950935620342
2026-04-10,BRK-B,0.021790908123273625,0.02127659574468084,-0.000514312378592785,-57.8324883901183
2026-04-10,COP,0.02035156335797746,0.02127659574468084,0.0009250323867033804,104.01640518721348
2026-04-10,COST,0.021322965143140898,0.02127659574468084,-4.636939846005758e-05,-5.214064078012974
2026-04-10,CRM,0.0,0.02127659574468084,0.02127659574468084,2392.4729942378967
2026-04-10,CSCO,0.02255287947569328,0.02127659574468084,-0.0012762837310124411,-143.5132948933252
2026-04-10,CVX,0.02054000031230713,0.02127659574468084,0.0007365954323737094,82.82737994275512
2026-04-10,DE,0.022777868730507772,0.02127659574468084,-0.001501272985826932,-168.81248855178197
2026-04-10,EOG,0.020695000010190766,0.02127659574468084,0.0005815957344900737,65.39824815157843
2026-04-10,GE,0.023771246103861703,0.02127659574468084,-0.002494650359180863,-280.5140298770861
2026-04-10,GS,0.02279926177254537,0.02127659574468084,-0.001522666027864529,-171.2180554927407
2026-04-10,HD,0.022733842515442162,0.02127659574468084,-0.0014572467707613217,-163.8619066143818
2026-04-10,HON,0.02220318279283277,0.02127659574468084,-0.0009265870481519299,-104.19122100716284
2026-04-10,INTC,0.0268379119129674,0.02127659574468084,-0.0055613161682865585,-625.3490410170763
2026-04-10,JNJ,0.021266661838871097,0.02127659574468084,9.933905809743349e-06,1.1170302647243542
2026-04-10,JPM,0.022915283538732092,0.02127659574468084,-0.0016386877940512516,-184.26426578298
2026-04-10,KO,0.021887011318292987,0.02127659574468084,-0.0006104155736121469,-68.63893043107697
2026-04-10,LLY,0.0217652419466796,0.02127659574468084,-0.0004886462019987603,-54.94642357489069
2026-04-10,LMT,0.021359456567320335,0.02127659574468084,-8.286082263949529e-05,-9.31738718093045
2026-04-10,MA,0.021942059557949138,0.02127659574468084,-0.000665463813268298,-74.82889748868779
2026-04-10,MCD,0.02157208613666906,0.02127659574468084,-0.0002954903919882186,-33.226780795763425
2026-04-10,MRK,0.02177374836169237,0.02127659574468084,-0.0004971526170115294,-55.90293788009469
2026-04-10,MS,0.023221569212217675,0.02127659574468084,-0.0019449734675368348,-218.70493529278255
2026-04-10,MSFT,0.021524799456377024,0.02127659574468084,-0.00024820371169618355,-27.909571833228227
2026-04-10,NKE,0.0,0.02127659574468084,0.02127659574468084,2392.4729942378967
2026-04-10,NVDA,0.023048526042064622,0.02127659574468084,-0.0017719302973837822,-199.24688305564345
2026-04-10,PEP,0.021682026243881068,0.02127659574468084,-0.00040543049920022806,-45.58913145771596
2026-04-10,PG,0.021984074897808438,0.02127659574468084,-0.0007074791531275978,-79.55336408867159
2026-04-10,QCOM,0.02189050232106854,0.02127659574468084,-0.0006139065763876989,-69.03148053465289
2026-04-10,RTX,0.022266127535294368,0.02127659574468084,-0.0009895317906135279,-111.26912004118857
2026-04-10,TMO,0.021880200941965466,0.02127659574468084,-0.0006036051972846262,-67.87312928320003
2026-04-10,TSLA,0.020975439110823897,0.02127659574468084,0.00030115663385694297,33.863928336301356
2026-04-10,UNH,0.02379134555630665,0.02127659574468084,-0.0025147498116258084,-282.7741375442406
2026-04-10,UPS,0.022452225464406256,0.02127659574468084,-0.0011756297197254156,-132.19513071632673
2026-04-10,V,0.02193164798914927,0.02127659574468084,-0.0006550522444684313,-73.65815582116524
2026-04-10,WFC,0.022965948218575172,0.02127659574468084,-0.0016893524738943316,-189.96131806243508
2026-04-10,WMT,0.021843985142843338,0.02127659574468084,-0.0005673893981624975,-63.800799179071454
2026-04-10,XOM,0.02057173549165509,0.02127659574468084,0.0007048602530257513,79.25887864356267
2026-04-17,AAPL,0.02155013224724361,0.02083333333333332,-0.0007167989139102923,-82.54916668136487
2026-04-17,ABBV,0.02098924759920356,0.02083333333333332,-0.00015591426587024254,-17.95565321257734
2026-04-17,ABT,0.02017558333616753,0.02083333333333332,0.0006577499971657866,75.74887893524493
2026-04-17,ADBE,0.022533217959934113,0.02083333333333332,-0.0016998846266007943,-195.76488839088873
2026-04-17,AMGN,0.021025875823086456,0.02083333333333332,-0.00019254248975313776,-22.173892526106595
2026-04-17,AMZN,0.0218339678950896,0.02083333333333332,-0.0010006345617562806,-115.2367109137268
2026-04-17,AVGO,0.022728816487821404,0.02083333333333332,-0.0018954831544880854,-218.2907253695122
2026-04-17,BA,0.021321427593180065,0.02083333333333332,-0.00048809425984674623,-56.21070795504721
2026-04-17,BAC,0.021314247700828483,0.02083333333333332,-0.0004809143674951652,-55.383845471046435
2026-04-17,BLK,0.02187076914499676,0.02083333333333332,-0.001037435811663441,-119.47487653272346
2026-04-17,BRK-B,0.020542317193677,0.02083333333333332,0.00029101613965631934,33.51447575220987
2026-04-17,CAT,0.0,0.02083333333333332,0.02083333333333332,2399.242343267553
2026-04-17,COP,0.01966912967245421,0.02083333333333332,0.0011642036608791075,134.07392252967625
2026-04-17,COST,0.020802137760058764,0.02083333333333332,3.119557327455405e-05,3.592595535495157
2026-04-17,CRM,0.022935987271861386,0.02083333333333332,-0.0021026539385280672,-242.14926540263198
2026-04-17,CSCO,0.021790759529505346,0.02083333333333332,-0.0009574261961720273,-110.26067857965678
2026-04-17,CVX,0.02027021853761084,0.02083333333333332,0.0005631147957224775,64.85034537685571
2026-04-17,DE,0.020273367131401033,0.02083333333333332,0.0005599662019322854,64.48774187878315
2026-04-17,EOG,0.019741080927146715,0.0,-0.019741080927146715,-2273.454588589532
2026-04-17,GE,0.020488306217022918,0.02083333333333332,0.00034502711631040003,39.734576017315746
2026-04-17,GS,0.02118790850098901,0.02083333333333332,-0.00035457516765569075,-40.83416429331483
2026-04-17,HD,0.02151521798702084,0.02083333333333332,-0.0006818846536875214,-78.52831364886883
2026-04-17,HON,0.02064091078922097,0.02083333333333332,0.00019242254411234658,22.16007915041332
2026-04-17,INTC,0.022810560097227792,0.02083333333333332,-0.001977226763894474,-227.7046163605201
2026-04-17,JNJ,0.02039975737097598,0.02083333333333332,0.0004335759623573382,49.93218277971385
2026-04-17,JPM,0.0208007507382894,0.02083333333333332,3.258259504391667e-05,3.752330000779413
2026-04-17,KO,0.02030871749085946,0.02083333333333332,0.0005246158424738571,60.41666607418845
2026-04-17,LLY,0.020497535349164805,0.02083333333333332,0.00033579798416851284,38.67171563524723
2026-04-17,LMT,0.02004386860799089,0.02083333333333332,0.0007894647253424286,90.91762548276695
2026-04-17,MA,0.021715705704403985,0.02083333333333332,-0.0008823723710706666,-101.61720744970245
2026-04-17,MCD,0.021158582231501945,0.02083333333333332,-0.0003252488981686265,-37.456844572189716
2026-04-17,MRK,0.02037055587363712,0.02083333333333332,0.0004627774596961988,53.29513328701989
2026-04-17,MS,0.022079946235209265,0.02083333333333332,-0.0012466129018759466,-143.5644700725318
2026-04-17,MSFT,0.023680659677787482,0.02083333333333332,-0.002847326344454164,-327.90844467435113
2026-04-17,NKE,0.022434597046149328,0.02083333333333332,-0.0016012637128160097,-184.40734572124742
2026-04-17,NVDA,0.022209704328294513,0.02083333333333332,-0.001376370994961195,-158.50788341549728
2026-04-17,PEP,0.02085327185537507,0.02083333333333332,-1.99385220417507e-05,-2.2961926245476034
2026-04-17,PG,0.021025882978168008,0.02083333333333332,-0.0001925496448346893,-22.174716531288738
2026-04-17,QCOM,0.02209298364759017,0.02083333333333332,-0.0012596503142568508,-145.06590584041527
2026-04-17,RTX,0.02024287124166208,0.02083333333333332,0.00059046209167124,67.99975931673444
2026-04-17,SLB,0.0,0.02083333333333332,0.02083333333333332,2399.242343267553
2026-04-17,TMO,0.02204924054841543,0.02083333333333332,-0.0012159072150821106,-140.0282916436574
2026-04-17,TSLA,0.023848450064079697,0.02083333333333332,-0.0030151167307463783,-347.2317950544552
2026-04-17,UNH,0.02215821099721345,0.02083333333333332,-0.00132487766388013,-152.57772435986914
2026-04-17,UPS,0.02174075991480918,0.02083333333333332,-0.0009074265814758634,-104.50254132880401
2026-04-17,V,0.02163664117729665,0.02083333333333332,-0.0008033078439633329,-92.51184930795812
2026-04-17,WFC,0.019802072149350064,0.02083333333333332,0.0010312611839832543,118.76378397988108
2026-04-17,WMT,0.020892214223682804,0.02083333333333332,-5.888089034948585e-05,-6.780937216117458
2026-04-17,XOM,0.019945833145344462,0.02083333333333332,0.0008875001879888565,102.20774547267742
2026-04-24,AAPL,0.021036531973706623,0.02127659574468084,0.0002400637709742172,27.460883340267905
2026-04-24,ABBV,0.01999889577836622,0.02127659574468084,0.0012776999663146188,146.15603835781738
2026-04-24,ABT,0.019741652017242695,0.02127659574468084,0.0015349437274381449,175.5821399538953
2026-04-24,ADBE,0.02105705497621754,0.02127659574468084,0.00021954076846330065,25.113258059463526
2026-04-24,AMGN,0.020337585386985498,0.02127659574468084,0.0009390103576953426,107.41335014163573
2026-04-24,AMZN,0.022096223006753866,0.02127659574468084,-0.0008196272620730263,-93.75712351326801
2026-04-24,AVGO,0.02180885791444891,0.02127659574468084,-0.0005322621697680698,-60.88544427642366
2026-04-24,BA,0.021822720774276903,0.02127659574468084,-0.0005461250295960632,-62.47121615259693
2026-04-24,BAC,0.020248539298064805,0.02127659574468084,0.0010280564466160352,117.59932801674329
2026-04-24,BLK,0.0208292017420392,0.02127659574468084,0.00044739400264164064,51.17737867658965
2026-04-24,BRK-B,0.020739676104839178,0.02127659574468084,0.0005369196398416626,61.418212056554296
2026-04-24,CAT,0.02196765580320603,0.02127659574468084,-0.0006910600585251885,-79.0503272162506
2026-04-24,COP,0.022005904795079575,0.02127659574468084,-0.0007293090503987347,-83.42562757689983
2026-04-24,COST,0.021208291247167263,0.02127659574468084,6.830449751357714e-05,7.813348220866743
2026-04-24,CRM,0.02051385045860794,0.02127659574468084,0.0007627452860729002,87.25039698487758
2026-04-24,CSCO,0.021643228227735675,0.02127659574468084,-0.0003666324830548344,-41.93907229343183
2026-04-24,CVX,0.021111183309266267,0.02127659574468084,0.00016541243541457265,18.921520617273934
2026-04-24,DE,0.019984002155128404,0.0,-0.019984002155128404,-2285.9690557496997
2026-04-24,GE,0.019625375247901464,0.02127659574468084,0.0016512204967793764,188.88303406675888
2026-04-24,GS,0.020993863650990638,0.02127659574468084,0.00028273209369020225,32.341710745725976
2026-04-24,HD,0.020161208207730832,0.02127659574468084,0.0011153875369500077,127.58912728511011
2026-04-24,HON,0.019142052903580446,0.02127659574468084,0.002134542841100394,244.17025403869593
2026-04-24,INTC,0.02527063869226468,0.0,-0.02527063869226468,-2890.70715771132
2026-04-24,JNJ,0.020373889570167225,0.02127659574468084,0.000902706174513615,103.2605163547158
2026-04-24,JPM,0.020836266545555603,0.02127659574468084,0.00044032919912523685,50.36923613846916
2026-04-24,KO,0.021218557502978436,0.02127659574468084,5.803824170240446e-05,6.638991707062589
2026-04-24,LLY,0.019997750811516602,0.02127659574468084,0.001278844933164238,146.28701106127144
2026-04-24,LMT,0.018183581429374387,0.02127659574468084,0.0030930143153064527,353.8097603720943
2026-04-24,MA,0.020282971578468867,0.02127659574468084,0.0009936241662119732,113.66062109950133
2026-04-24,MCD,0.02016384259067175,0.02127659574468084,0.0011127531540090912,127.28778034583425
2026-04-24,MRK,0.019709248363001024,0.02127659574468084,0.0015673473816798164,179.28879242093703
2026-04-24,MS,0.020888816668359116,0.02127659574468084,0.00038777907632172454,44.358030091143554
2026-04-24,MSFT,0.021062894231422893,0.02127659574468084,0.00021370151325794673,24.445305934336332
2026-04-24,NKE,0.020361590765848248,0.02127659574468084,0.0009150049788325919,104.66737599562546
2026-04-24,NVDA,0.02165739550886589,0.02127659574468084,-0.0003807997641850497,-43.55966690788286
2026-04-24,ORCL,0.0,0.02127659574468084,0.02127659574468084,2433.8287749611
2026-04-24,PEP,0.020675500960596505,0.02127659574468084,0.0006010947840843356,68.75920375322384
2026-04-24,PG,0.021309802762194588,0.02127659574468084,-3.320701751374777e-05,-3.7985491535130387
2026-04-24,QCOM,0.022919971434780074,0.02127659574468084,-0.0016433756900992337,-187.9856670038484
2026-04-24,RTX,0.01860605583338949,0.02127659574468084,0.002670539911291351,305.48293339679896
2026-04-24,SLB,0.022362031721399195,0.02127659574468084,-0.0010854359767183547,-124.16296973521155
2026-04-24,TMO,0.018706446227445914,0.02127659574468084,0.0025701495172349258,293.999280996941
2026-04-24,TSLA,0.01969898744921853,0.02127659574468084,0.0015776082954623086,180.46253786033455
2026-04-24,UNH,0.022928948439382608,0.02127659574468084,-0.0016523526947017676,-189.01254613323485
2026-04-24,UPS,0.021086397734698177,0.02127659574468084,0.00019019800998266306,21.756741312898775
2026-04-24,V,0.020469350980590304,0.02127659574468084,0.000807244764090536,92.34069015817091
2026-04-24,WFC,0.020459471423312645,0.02127659574468084,0.0008171243213681949,93.47081224512432
2026-04-24,WMT,0.021370178459409736,0.02127659574468084,-9.35827147288959e-05,-10.704922285469657
2026-04-24,XOM,0.021325857335750986,0.02127659574468084,-4.926159107014605e-05,-5.635031058803749
2026-05-01,AAPL,0.021703787670524673,0.02127659574468084,-0.00042719192584383253,-49.50402271832507
2026-05-01,ABBV,0.02183415256523942,0.02127659574468084,-0.0005575568205585801,-64.61101870586192
2026-05-01,ABT,0.020615472494842482,0.02127659574468084,0.0006611232498383579,76.61254438496891
2026-05-01,ADBE,0.021451224480301477,0.02127659574468084,-0.0001746287356206369,-20.236395803502752
2026-05-01,AMGN,0.02010252115143684,0.02127659574468084,0.0011740745932439997,136.05457364895636
2026-05-01,AMZN,0.021339991487344428,0.02127659574468084,-6.339574266358769e-05,-7.346450377928283
2026-05-01,AVGO,0.020926793412813092,0.02127659574468084,0.0003498023318677483,40.53593136035649
2026-05-01,BA,0.0205431560841105,0.02127659574468084,0.0007334396605703404,84.99274312751842
2026-05-01,BAC,0.021480435994319078,0.02127659574468084,-0.00020384024963823744,-23.621495956572147
2026-05-01,BLK,0.02133612840209661,0.02127659574468084,-5.9532657415768686e-05,-6.898786814313158
2026-05-01,BRK-B,0.021165426694244423,0.02127659574468084,0.0001111690504364167,12.882535613256957
2026-05-01,CAT,0.02248865245417556,0.02127659574468084,-0.0012120567094947195,-140.45603217851917
2026-05-01,COP,0.021246949847802708,0.02127659574468084,2.9645896878132544e-05,3.4354374785086628
2026-05-01,COST,0.02104222473330162,0.02127659574468084,0.00023437101137922106,27.159473693037935
2026-05-01,CRM,0.021667478039416987,0.02127659574468084,-0.00039088229473614733,-45.29637576971221
2026-05-01,CSCO,0.021670359727138013,0.02127659574468084,-0.000393763982457173,-45.63031263925156
2026-05-01,CVX,0.021614867596036865,0.02127659574468084,-0.00033827185135602497,-39.199751684024726
2026-05-01,GE,0.02114124972748534,0.02127659574468084,0.00013534601719549996,15.684220381380078
2026-05-01,GS,0.020927813358185565,0.02127659574468084,0.0003487823864952756,40.41773764967106
2026-05-01,HD,0.020249429689650992,0.02127659574468084,0.0010271660550298482,119.03046066062267
2026-05-01,HON,0.020934307906910362,0.02127659574468084,0.00034228783777047814,39.66513380075099
2026-05-01,JNJ,0.0209716954598572,0.02127659574468084,0.0003049002848236407,35.332574689745165
2026-05-01,JPM,0.021285739118922873,0.02127659574468084,-9.143374242032848e-06,-1.0595560890006392
2026-05-01,KO,0.021534707258297228,0.02127659574468084,-0.00025811151361638737,-29.910579907818693
2026-05-01,LLY,0.022885911458968684,0.02127659574468084,-0.0016093157142878442,-186.4913563703141
2026-05-01,LMT,0.020972500925778174,0.02127659574468084,0.0003040948189026657,35.239235371189416
2026-05-01,MA,0.02063751274682626,0.02127659574468084,0.0006390829978545794,74.05846723857302
2026-05-01,MCD,0.020107996559915894,0.02127659574468084,0.0011685991847649457,135.42007021070953
2026-05-01,MRK,0.021049108055987635,0.02127659574468084,0.00022748768869320507,26.361817787081822
2026-05-01,MS,0.021348919601879845,0.02127659574468084,-7.232385719900536e-05,-8.38106165696893
2026-05-01,MSFT,0.02049684330495139,0.02127659574468084,0.0007797524397294489,90.35957881176635
2026-05-01,NKE,0.020864041781206547,0.02127659574468084,0.00041255396347429293,47.80774060751434
2026-05-01,NVDA,0.020010142433133985,0.02127659574468084,0.001266453311546855,146.75964060573702
2026-05-01,ORCL,0.020824582678695244,0.02127659574468084,0.00045201306598559657,52.38035583966268
2026-05-01,PEP,0.021266463966315922,0.02127659574468084,1.0131778364917687e-05,1.1740947241996211
2026-05-01,PG,0.02086992761148192,0.02127659574468084,0.00040666813319891956,47.12567650929258
2026-05-01,QCOM,0.024973231634850726,0.02127659574468084,-0.003696635890169886,-428.3750137057695
2026-05-01,RTX,0.02096777478354279,0.02127659574468084,0.00030882096113804894,35.78691204398303
2026-05-01,SLB,0.021288293514856636,0.02127659574468084,-1.1697770175796152e-05,-1.355565602960514
2026-05-01,TMO,0.020977957794820465,0.02127659574468084,0.0002986379498603753,34.60688032724315
2026-05-01,TSLA,0.02181063701479444,0.02127659574468084,-0.0005340412701136006,-61.8859804431122
2026-05-01,UNH,0.021820396720055188,0.02127659574468084,-0.0005438009753743478,-63.01695844555883
2026-05-01,UPS,0.021108238354196243,0.02127659574468084,0.00016835739048459697,19.509657320616558
2026-05-01,V,0.022263373345553495,0.02127659574468084,-0.000986777600872655,-114.35014993563335
2026-05-01,WFC,0.021367857460152382,0.02127659574468084,-9.126171547154185e-05,-10.575625995487787
2026-05-01,WMT,0.021271867893522162,0.02127659574468084,4.7278511586777705e-06,0.5478747069147651
2026-05-01,XOM,0.02154185500405912,0.02127659574468084,-0.0002652592593782796,-30.738877792622063
2026-05-08,AAPL,0.022191709204576596,0.02127659574468084,-0.0009151134598957555,-106.45350416054976
2026-05-08,ABBV,0.020676485454498485,0.02127659574468084,0.0006001102901823548,69.809751547085
2026-05-08,ABT,0.01997680117115449,0.02127659574468084,0.0012997945735263514,151.2027667656746
2026-05-08,ADBE,0.021391524781561446,0.02127659574468084,-0.00011492903688060593,-13.36948831146168
2026-05-08,AMGN,0.021315362940482606,0.02127659574468084,-3.876719580176574e-05,-4.509718215756798
2026-05-08,AMZN,0.021543763891616066,0.02127659574468084,-0.00026716814693522606,-31.079190382114245
2026-05-08,AVGO,0.021633255245607434,0.02127659574468084,-0.0003566595009265941,-41.48955875931913
2026-05-08,BA,0.02212480777485814,0.02127659574468084,-0.0008482120301772991,-98.67098107571641
2026-05-08,BAC,0.02042622941820711,0.02127659574468084,0.0008503663264737317,98.92158649220922
2026-05-08,BLK,0.02165669747367195,0.02127659574468084,-0.0003801017289911113,-44.21655102001969
2026-05-08,BRK-B,0.021325838715743162,0.02127659574468084,-4.9242971062322255e-05,-5.728346324900413
2026-05-08,CAT,0.021379895298063445,0.02127659574468084,-0.00010329955338260477,-12.01665139648445
2026-05-08,COP,0.019591068415084265,0.02127659574468084,0.0016855273295965749,196.07436504580423
2026-05-08,COST,0.021133588911392012,0.02127659574468084,0.0001430068332888279,16.63572790660676
2026-05-08,CRM,0.020963950221239678,0.02127659574468084,0.0003126455234411622,36.36949185974419
2026-05-08,CSCO,0.02228370039172466,0.02127659574468084,-0.0010071046470438196,-117.15467363620786
2026-05-08,CVX,0.020192803846865014,0.02127659574468084,0.0010837918978158258,126.0755636972598
2026-05-08,GE,0.021981644084078586,0.02127659574468084,-0.0007050483393977458,-82.01700621911566
2026-05-08,GS,0.0214875595293253,0.02127659574468084,-0.00021096378464445856,-24.541037926523842
2026-05-08,HD,0.02077377756312745,0.02127659574468084,0.000502818181553389,58.4919354022956
2026-05-08,HON,0.02125639155218748,0.02127659574468084,2.020419249336089e-05,2.350317402060231
2026-05-08,JNJ,0.020646940401074617,0.02127659574468084,0.0006296553436062231,73.24667451392641
2026-05-08,JPM,0.02049116505670921,0.02127659574468084,0.0007854306879716312,91.36774036668206
2026-05-08,KO,0.02115139490410421,0.02127659574468084,0.00012520084057663153,14.564388775078259
2026-05-08,LLY,0.02086717176122903,0.02127659574468084,0.0004094239834518086,47.62755618388661
2026-05-08,LMT,0.020935803177399147,0.02127659574468084,0.0003407925672816933,39.64378688423927
2026-05-08,MA,0.021195408615972373,0.02127659574468084,8.118712870846742e-05,9.444352774282706
2026-05-08,MCD,0.020389328692261035,0.02127659574468084,0.0008872670524198052,103.21418162404687
2026-05-08,MRK,0.021047156607369062,0.02127659574468084,0.00022943913731177795,26.690242498667445
2026-05-08,MS,0.02151998692299929,0.02127659574468084,-0.00024339117831844934,-28.31325835456038
2026-05-08,MSFT,0.021229326970505565,0.02127659574468084,4.7268774175275585e-05,5.498691549029335
2026-05-08,NKE,0.021070437813406045,0.02127659574468084,0.00020615793127479534,23.981981641043443
2026-05-08,NVDA,0.02298345882890525,0.02127659574468084,-0.0017068630842244081,-198.55631503733997
2026-05-08,ORCL,0.02416965868363744,0.02127659574468084,-0.0028930629389565983,-336.5448123165312
2026-05-08,PEP,0.020818891471002774,0.02127659574468084,0.00045770427367806607,53.24391557724415
2026-05-08,PG,0.021073654940761886,0.02127659574468084,0.0002029408039189544,23.607738997514797
2026-05-08,QCOM,0.026233061133888846,0.02127659574468084,-0.004956465389208006,-576.5767110362252
2026-05-08,RTX,0.02145036328256903,0.02127659574468084,-0.0001737675378881906,-20.214065389942128
2026-05-08,SLB,0.01983545069193076,0.02127659574468084,0.00144114505275008,167.64581398066474
2026-05-08,TMO,0.021004383559565385,0.02127659574468084,0.00027221218511545506,31.665954278545346
2026-05-08,TSLA,0.02322984072497218,0.02127659574468084,-0.001953244980291341,-227.2174782127053
2026-05-08,UNH,0.021838240410795587,0.02127659574468084,-0.0005616446661147467,-65.33511462918226
2026-05-08,UPS,0.019856715862209575,0.02127659574468084,0.001419879882471265,165.17207493959708
2026-05-08,V,0.02059754003038076,0.02127659574468084,0.0006790557143000787,78.99333085508668
2026-05-08,WFC,0.019952004026262824,0.02127659574468084,0.001324591718418016,154.08737406583964
2026-05-08,WMT,0.021046207160791138,0.02127659574468084,0.000230388583889702,26.800689912745224
2026-05-08,XOM,0.020059552384231284,0.02127659574468084,0.0012170433604495566,141.57646686777494
2026-05-15,AAPL,0.02171457397250732,0.02127659574468084,-0.0004379782278264785,-51.142925147963005
2026-05-15,ABBV,0.02212489562199359,0.02127659574468084,-0.0008482998773127505,-99.05637854131098
2026-05-15,ABT,0.02123297480501118,0.02127659574468084,4.3620939669659214e-05,5.09363778989728
2026-05-15,ADBE,0.020739601845151296,0.02127659574468084,0.0005369938995295441,62.70503203970429
2026-05-15,AMGN,0.021008307969133794,0.02127659574468084,0.0002682877755470457,31.32809064735555
2026-05-15,AMZN,0.020531461019971775,0.02127659574468084,0.0007451347247090651,87.00973479905899
2026-05-15,AVGO,0.02095817768099718,0.02127659574468084,0.0003184180636836599,37.181828141431225
2026-05-15,BA,0.019688847937864344,0.02127659574468084,0.001587747806816496,185.40206357022322
2026-05-15,BAC,0.020559122315417483,0.02127659574468084,0.0007174734292633572,83.77971222579993
2026-05-15,BLK,0.021138023421576568,0.02127659574468084,0.0001385723231042725,16.18115581514461
2026-05-15,BRK-B,0.021496315731906034,0.02127659574468084,-0.00021971998722519412,-25.656806996857153
2026-05-15,CAT,0.020979408252929647,0.02127659574468084,0.0002971874917511927,34.702724199258114
2026-05-15,COP,0.02295419762822309,0.02127659574468084,-0.0016776018835422506,-195.8943666763156
2026-05-15,COST,0.022039054079094962,0.02127659574468084,-0.000762458334414122,-89.03262091108112
2026-05-15,CRM,0.020226547396884766,0.02127659574468084,0.0010500483477960745,122.61464301452249
2026-05-15,CSCO,0.02594483387181767,0.02127659574468084,-0.0046682381271368305,-545.1123776034242
2026-05-15,CVX,0.02230159584331621,0.02127659574468084,-0.0010250000986353688,-119.68974709384894
2026-05-15,GE,0.020081117348465048,0.02127659574468084,0.0011954783962157926,139.5965786634813
2026-05-15,GS,0.021466636161940094,0.02127659574468084,-0.00019004041725925389,-22.191109551747655
2026-05-15,HD,0.01986392830661216,0.02127659574468084,0.0014126674380686814,164.95784597022245
2026-05-15,HON,0.02132375216650445,0.02127659574468084,-4.715642182361035e-05,-5.506477715888118
2026-05-15,JNJ,0.0217114566582602,0.02127659574468084,-0.0004348609135793602,-50.7789148865529
2026-05-15,JPM,0.020894281930753725,0.02127659574468084,0.0003823138139271154,44.64296516687408
2026-05-15,KO,0.02184394062906419,0.02127659574468084,-0.0005673448843833487,-66.24913091934098
2026-05-15,LLY,0.022495877295200854,0.02127659574468084,-0.0012192815505200141,-142.37608426792087
2026-05-15,LMT,0.021592804169426702,0.02127659574468084,-0.00031620842474586186,-36.92380755588604
2026-05-15,MA,0.02114051384030199,0.02127659574468084,0.0001360819043788493,15.89034844078383
2026-05-15,MCD,0.021244463748117906,0.02127659574468084,3.2131996562934084e-05,3.752068460635461
2026-05-15,MRK,0.021195268910696678,0.02127659574468084,8.13268339841626e-05,9.496572931521841
2026-05-15,MS,0.021131602607850235,0.02127659574468084,0.00014499313683060538,16.930917275718752
2026-05-15,MSFT,0.021542464397952387,0.02127659574468084,-0.00026586865327154693,-31.045608593227914
2026-05-15,NKE,0.020110055160524908,0.02127659574468084,0.0011665405841559326,136.21749664045987
2026-05-15,NVDA,0.02219199838146722,0.02127659574468084,-0.0009154026367863798,-106.89199955382678
2026-05-15,ORCL,0.020870767720530314,0.02127659574468084,0.00040582802415052577,47.38873063411505
2026-05-15,PEP,0.0204413301853568,0.02127659574468084,0.0008352655593240402,97.53435505498494
2026-05-15,PG,0.020493200088250133,0.02127659574468084,0.0007833956564307076,91.47748192165463
2026-05-15,QCOM,0.01949260523397837,0.02127659574468084,0.001783990510702469,208.31741706959968
2026-05-15,RTX,0.020604271201160585,0.02127659574468084,0.000672324543520255,78.5076554490685
2026-05-15,SLB,0.022034804232407113,0.02127659574468084,-0.0007582084877262724,-88.53636430004903
2026-05-15,TMO,0.019980073535851038,0.02127659574468084,0.001296522208829802,151.39551253019042
2026-05-15,TSLA,0.020892938042131767,0.02127659574468084,0.0003836577025490735,44.799891677904284
2026-05-15,UNH,0.021968936735937784,0.02127659574468084,-0.0006923409912569442,-80.84498553373011
2026-05-15,UPS,0.020806191361243294,0.02127659574468084,0.00047040438343754626,54.92934270000183
2026-05-15,V,0.021702914297657333,0.02127659574468084,-0.0004263185529764929,-49.78141939215943
2026-05-15,WFC,0.02057319686502454,0.02127659574468084,0.0007033988796563001,82.13622040060766
2026-05-15,WMT,0.02136102431493752,0.02127659574468084,-8.442857025667966e-05,-9.85876414545796
2026-05-15,XOM,0.023309645078597292,0.02127659574468084,-0.002033049333916452,-237.4001338436375
2026-05-22,AAPL,0.021412067202143652,0.02083333333333332,-0.0005787338688103341,-69.07032727595428
2026-05-22,ABBV,0.021341862674840423,0.02083333333333332,-0.0005085293415071045,-60.69160617733323
2026-05-22,ABT,0.02154100333237196,0.02083333333333332,-0.0007076699990386411,-84.45850687372176
2026-05-22,ADBE,0.020577711518663274,0.02083333333333332,0.00025562181467004425,30.50777455694333
2026-05-22,AMGN,0.021645155919926204,0.02083333333333332,-0.0008118225865928856,-96.88883745692591
2026-05-22,AMZN,0.020988281831197164,0.02083333333333332,-0.00015494849786384587,-18.49268555920782
2026-05-22,AVGO,0.020275493604125595,0.02083333333333332,0.0005578397292077229,66.57666803415381
2026-05-22,BA,0.02067769692761737,0.02083333333333332,0.0001556364057159476,18.574785507113127
2026-05-22,BAC,0.021665532414596393,0.02083333333333332,-0.0008321990812630749,-99.32071717134428
2026-05-22,BLK,0.020645240490818353,0.02083333333333332,0.00018809284251496486,22.44837375334403
2026-05-22,BRK-B,0.02097517986896834,0.02083333333333332,-0.00014184653563502,-16.929001683297024
2026-05-22,CAT,0.02061916702958759,0.02083333333333332,0.00021416630374572823,25.56017107069774
2026-05-22,COP,0.02048487050567242,0.02083333333333332,0.0003484628276608989,41.58809920614926
2026-05-22,COST,0.020405488615102996,0.02083333333333332,0.0004278447182303226,51.06211387317573
2026-05-22,CRM,0.02160350250277924,0.02083333333333332,-0.0007701691694459202,-91.91761439645973
2026-05-22,CSCO,0.021203896053090532,0.02083333333333332,-0.0003705627197572135,-44.22566175798944
2026-05-22,CVX,0.021043417527786934,0.02083333333333332,-0.00021008419445361567,-25.072982329935048
2026-05-22,DE,0.0,0.02083333333333332,0.02083333333333332,2486.402177464346
2026-05-22,GE,0.02239215334071336,0.02083333333333332,-0.00155882000738004,-186.04096610998667
2026-05-22,GS,0.021875664742936316,0.02083333333333332,-0.0010423314096029979,-124.3994441508661
2026-05-22,HD,0.021905197423774624,0.02083333333333332,-0.001071864090441306,-127.92409000411709
2026-05-22,HON,0.022249542475776804,0.02083333333333332,-0.0014162091424434857,-169.0207437847872
2026-05-22,JNJ,0.021517064867698235,0.02083333333333332,-0.0006837315343649168,-81.60151564060651
2026-05-22,JPM,0.021415511635050583,0.02083333333333332,-0.0005821783017172649,-69.48141105899057
2026-05-22,KO,0.020986474207468544,0.02083333333333332,-0.00015314087413522554,-18.276950539613683
2026-05-22,LLY,0.022061011961630492,0.02083333333333332,-0.0012276786282971741,-146.52013510197781
2026-05-22,LMT,0.02151155995239828,0.02083333333333332,-0.000678226619064963,-80.94451883795553
2026-05-22,MA,0.020999287317085797,0.02083333333333332,-0.00016595398375247872,-19.80616063493021
2026-05-22,MCD,0.02125933281876838,0.02083333333333332,-0.00042599948543506,-50.8418903128524
2026-05-22,MRK,0.02287794323304709,0.02083333333333332,-0.0020446098997137716,-244.0186803222472
2026-05-22,MS,0.021737764260044378,0.02083333333333332,-0.0009044309267110598,-107.9413932259429
2026-05-22,MSFT,0.02069592887401122,0.02083333333333332,0.0001374044593220984,16.39885184888529
2026-05-22,NKE,0.02220325041316178,0.02083333333333332,-0.0013699170798284616,-163.49591089109222
2026-05-22,NVDA,0.019893540177270495,0.02083333333333332,0.0009397931560628237,112.16177998083343
2026-05-22,ORCL,0.02072262067327722,0.02083333333333332,0.00011071266005609898,13.213257553745022
2026-05-22,PEP,0.021018895850405776,0.02083333333333332,-0.000185562517072458,-22.14638623222679
2026-05-22,PG,0.02123848601607573,0.02083333333333332,-0.0004051526827424101,-48.35388060366003
2026-05-22,QCOM,0.024604957561031406,0.02083333333333332,-0.0037716242276980873,-450.13318523163906
2026-05-22,RTX,0.02161510517030793,0.02083333333333332,-0.0007817718369746117,-93.30236149123093
2026-05-22,SLB,0.021530658517760367,0.02083333333333332,-0.0006973251844270487,-83.22388113408681
2026-05-22,TMO,0.021288524342282934,0.02083333333333332,-0.000455191008949616,-54.3258199590969
2026-05-22,TSLA,0.021002342260416397,0.02083333333333332,-0.00016900892708307871,-20.170759886893446
2026-05-22,UNH,0.02053212576582923,0.02083333333333332,0.00030120756750408664,35.94831128212323
2026-05-22,UPS,0.02161456111745811,0.02083333333333332,-0.0007812277841247918,-93.23743025008943
2026-05-22,V,0.021016497671648777,0.02083333333333332,-0.00018316433831545853,-21.860170061825883
2026-05-22,WFC,0.021661389848404294,0.02083333333333332,-0.0008280565150709761,-98.8263130625287
2026-05-22,WMT,0.019046009215398785,0.02083333333333332,0.0017873241179345335,213.31231577601451
2026-05-22,XOM,0.02042103026957785,0.02083333333333332,0.00041230306375546893,49.20725930384735
