date,ticker,prev_weight,target_weight,delta_weight,notional
2025-01-03,AMZN,0.0,0.25,0.25,25000.0
2025-01-03,JPM,0.0,0.25,0.25,25000.0
2025-01-03,LMT,0.0,0.25,0.25,25000.0
2025-01-03,NVDA,0.0,0.25,0.25,25000.0
2025-01-10,AMZN,0.25170765814027984,0.16666666666666666,-0.08504099147361319,-8240.361409959163
2025-01-10,BLK,0.0,0.16666666666666666,0.16666666666666666,16149.783116682835
2025-01-10,JPM,0.2554431528985227,0.16666666666666666,-0.08877648623185605,-8602.32599103393
2025-01-10,LMT,0.2503773189115336,0.16666666666666666,-0.08371065224486693,-8111.45326986396
2025-01-10,NKE,0.0,0.16666666666666666,0.16666666666666666,16149.783116682835
2025-01-10,NVDA,0.2424718700496639,0.16666666666666666,-0.07580520338299723,-7345.425562508623
2025-01-17,AMZN,0.16591810330992082,0.05263157894736842,-0.1132865243625524,-11371.809008906039
2025-01-17,AVGO,0.0,0.05263157894736842,0.05263157894736842,5283.207927813143
2025-01-17,BLK,0.16907530808862736,0.05263157894736842,-0.11644372914125894,-11688.732225921285
2025-01-17,BRK-B,0.0,0.05263157894736842,0.05263157894736842,5283.207927813143
2025-01-17,CAT,0.0,0.05263157894736842,0.05263157894736842,5283.207927813143
2025-01-17,COP,0.0,0.05263157894736842,0.05263157894736842,5283.207927813143
2025-01-17,CSCO,0.0,0.05263157894736842,0.05263157894736842,5283.207927813143
2025-01-17,DE,0.0,0.05263157894736842,0.05263157894736842,5283.207927813143
2025-01-17,GE,0.0,0.05263157894736842,0.05263157894736842,5283.207927813143
2025-01-17,GS,0.0,0.05263157894736842,0.05263157894736842,5283.207927813143
2025-01-17,HD,0.0,0.05263157894736842,0.05263157894736842,5283.207927813143
2025-01-17,JPM,0.17370720670083079,0.05263157894736842,-0.12107562775346237,-12153.686611828862
2025-01-17,LMT,0.16842755249076385,0.05263157894736842,-0.11579597354339544,-11623.709903232848
2025-01-17,NKE,0.1599648022920439,0.05263157894736842,-0.10733322334467549,-10774.210993354236
2025-01-17,NVDA,0.1629070271178133,0.05263157894736842,-0.11027544817044488,-11069.554318327593
2025-01-17,QCOM,0.0,0.05263157894736842,0.05263157894736842,5283.207927813143
2025-01-17,RTX,0.0,0.05263157894736842,0.05263157894736842,5283.207927813143
2025-01-17,TMO,0.0,0.05263157894736842,0.05263157894736842,5283.207927813143
2025-01-17,TSLA,0.0,0.05263157894736842,0.05263157894736842,5283.207927813143
2025-01-24,AMZN,0.053418867498971845,0.047619047619047596,-0.005799819879924249,-595.4156903347169
2025-01-24,AVGO,0.05296357839859328,0.047619047619047596,-0.005344530779545685,-548.6752260416575
2025-01-24,BLK,0.05218433862179312,0.047619047619047596,-0.004565291002745525,-468.677640039763
2025-01-24,BRK-B,0.05086943849907581,0.047619047619047596,-0.003250390880028216,-333.6885920179551
2025-01-24,CAT,0.05446817597751476,0.047619047619047596,-0.006849128358467162,-703.1388170973811
2025-01-24,COP,0.04944041937869065,0.047619047619047596,-0.001821371759643052,-186.98396606726863
2025-01-24,CSCO,0.053098736093746005,0.047619047619047596,-0.005479688474698409,-562.5506590774262
2025-01-24,DE,0.05402477883645798,0.047619047619047596,-0.006405731217410386,-657.6191940227749
2025-01-24,GE,0.05529896444215429,0.047619047619047596,-0.007679916823106696,-788.4284463335788
2025-01-24,GS,0.05229207089803376,0.047619047619047596,-0.004673023278986166,-479.73755033994104
2025-01-24,HD,0.052034950875749594,0.047619047619047596,-0.004415903256701999,-453.34133481312284
2025-01-24,JPM,0.052518562445052895,0.047619047619047596,-0.0048995148260052995,-502.9894139521498
2025-01-24,LMT,0.05208816120953058,0.047619047619047596,-0.004469113590482986,-458.8039643907781
2025-01-24,NKE,0.05337273186719939,0.047619047619047596,-0.005753684248151793,-590.6793572054914
2025-01-24,NVDA,0.053224568233986747,0.047619047619047596,-0.005605520614939151,-575.4687207067323
2025-01-24,QCOM,0.05375007334904042,0.047619047619047596,-0.006131025729992821,-629.417635902732
2025-01-24,RTX,0.05317444278540338,0.047619047619047596,-0.005555395166355781,-570.3227887313424
2025-01-24,SLB,0.0,0.047619047619047596,0.047619047619047596,4888.6221810645775
2025-01-24,TMO,0.052785250854445256,0.047619047619047596,-0.005166203235397661,-530.3679302975047
2025-01-24,TSLA,0.048991889734560264,0.047619047619047596,-0.001372842115512668,-140.9374347568919
2025-01-24,WMT,0.0,0.047619047619047596,0.047619047619047596,4888.6221810645775
2025-01-31,ABBV,0.0,0.039999999999999994,0.039999999999999994,4057.408256272278
2025-01-31,AMGN,0.0,0.039999999999999994,0.039999999999999994,4057.408256272278
2025-01-31,AMZN,0.04876599341185766,0.039999999999999994,-0.008765993411857666,-889.1803510924923
2025-01-31,AVGO,0.043571612276527054,0.039999999999999994,-0.00357161227652706,-362.287228474608
2025-01-31,BLK,0.05078479507336369,0.039999999999999994,-0.010784795073363697,-1093.9579143217613
2025-01-31,BRK-B,0.04875543283988162,0.039999999999999994,-0.008755432839881623,-888.1091372943284
2025-01-31,CAT,0.043907385215100396,0.039999999999999994,-0.003907385215100402,-396.3464258046151
2025-01-31,COP,0.04676576465539879,0.039999999999999994,-0.006765764655398798,-686.2867343202563
2025-01-31,COST,0.0,0.039999999999999994,0.039999999999999994,4057.408256272278
2025-01-31,CSCO,0.046923225425268486,0.039999999999999994,-0.006923225425268492,-702.2588000129634
2025-01-31,DE,0.047962928952371045,0.039999999999999994,-0.007962928952371051,-807.7213418864967
2025-01-31,GE,0.049855616702713046,0.039999999999999994,-0.009855616702713052,-999.7065145060726
2025-01-31,GS,0.04845014540456724,0.039999999999999994,-0.008450145404567247,-857.14224327981
2025-01-31,HD,0.04789240536516467,0.039999999999999994,-0.007892405365164674,-800.5677672616694
2025-01-31,JPM,0.04863292669444197,0.039999999999999994,-0.008632926694441975,-875.6827011455555
2025-01-31,LMT,0.044887738857159444,0.039999999999999994,-0.00488773885715945,-495.7887998385396
2025-01-31,NKE,0.05036636274694852,0.039999999999999994,-0.010366362746948528,-1051.5141449245582
2025-01-31,NVDA,0.04056664905125206,0.039999999999999994,-0.0005666490512520675,-57.4781634739748
2025-01-31,QCOM,0.048414926205727814,0.039999999999999994,-0.00841492620572782,-853.5697765760503
2025-01-31,RTX,0.049585041183196774,0.039999999999999994,-0.00958504118319678,-972.2606308353105
2025-01-31,SLB,0.04593859945160346,0.039999999999999994,-0.005938599451603466,-602.3830611407482
2025-01-31,TMO,0.05010750067287796,0.039999999999999994,-0.010107500672877967,-1025.256417010317
2025-01-31,TSLA,0.047950695839780906,0.039999999999999994,-0.007950695839780912,-806.4804735859183
2025-01-31,UPS,0.0,0.039999999999999994,0.039999999999999994,4057.408256272278
2025-01-31,WMT,0.049914253974796687,0.039999999999999994,-0.009914253974796693,-1005.6543983030089
2025-02-07,ABBV,0.04171134292333645,0.038461538461538464,-0.0032498044617979838,-327.53215104265684
2025-02-07,ABT,0.0,0.038461538461538464,0.038461538461538464,3876.3533538100783
2025-02-07,AMGN,0.04139004792560586,0.038461538461538464,-0.0029285094640673984,-295.15037455025754
2025-02-07,AMZN,0.03880075978613116,0.038461538461538464,-0.00033922132459269366,-34.18848470098841
2025-02-07,AVGO,0.04089987406040279,0.038461538461538464,-0.002438335598864326,-245.7481097856781
2025-02-07,BLK,0.037122029789738525,0.038461538461538464,0.0013395086717999383,135.00263224212372
2025-02-07,BRK-B,0.040594591916095796,0.038461538461538464,-0.002133053454557332,-214.98019172316666
2025-02-07,CAT,0.03942598136582256,0.038461538461538464,-0.0009644429042840949,-97.20155865107957
2025-02-07,COP,0.04005371078527031,0.038461538461538464,-0.0015921723237318497,-160.46738570048007
2025-02-07,COST,0.04291816736852747,0.038461538461538464,-0.004456628906989009,-449.16217866763844
2025-02-07,CSCO,0.04135416621248852,0.038461538461538464,-0.002892627750950054,-291.53402937670296
2025-02-07,DE,0.03931953625025723,0.038461538461538464,-0.0008579977887187631,-86.47346775240182
2025-02-07,GE,0.04058315775797519,0.038461538461538464,-0.0021216192964367275,-213.82779795651786
2025-02-07,GS,0.041219174842629706,0.038461538461538464,-0.0027576363810912427,-277.92889889522485
2025-02-07,HD,0.03979475649954635,0.038461538461538464,-0.0013332180380078856,-134.36862953779095
2025-02-07,JPM,0.04152487177848539,0.038461538461538464,-0.0030633333169469285,-308.7386218016198
2025-02-07,LMT,0.038631640781651155,0.038461538461538464,-0.00017010232011269166,-17.143794175552404
2025-02-07,NKE,0.03594321348713898,0.038461538461538464,0.002518324974399487,253.8098539729254
2025-02-07,NVDA,0.04351980951330825,0.038461538461538464,-0.005058271051769786,-509.7987948562143
2025-02-07,QCOM,0.03908846098388426,0.038461538461538464,-0.0006269225223457936,-63.18450377392895
2025-02-07,RTX,0.03993299664321561,0.038461538461538464,-0.0014714581816771474,-148.3011882959227
2025-02-07,SLB,0.04040456830222591,0.038461538461538464,-0.001943029840687449,-195.82862622704823
2025-02-07,TMO,0.0384757258580996,0.038461538461538464,-1.4187396561136933e-05,-1.4298794182815147
2025-02-07,TSLA,0.03596992699059307,0.038461538461538464,0.0024916114709453915,251.11752852656159
2025-02-07,UPS,0.039850504316328784,0.038461538461538464,-0.0013889658547903208,-139.9871836881477
2025-02-07,WMT,0.04147098386124093,0.038461538461538464,-0.003009445399702465,-303.307517974369
2025-02-14,AAPL,0.0,0.03333333333333333,0.03333333333333333,3387.529439559419
2025-02-14,ABBV,0.03859418637336023,0.03333333333333333,-0.005260853040026894,-534.6388365086032
2025-02-14,ABT,0.03859501443410629,0.03333333333333333,-0.005261681100772957,-534.7229889132541
2025-02-14,ADBE,0.0,0.03333333333333333,0.03333333333333333,3387.529439559419
2025-02-14,AMGN,0.03813634700815758,0.03333333333333333,-0.004803013674824247,-488.11050666220825
2025-02-14,AMZN,0.03806172100289409,0.03333333333333333,-0.004728387669560755,-480.52657296860434
2025-02-14,AVGO,0.03952564871996184,0.03333333333333333,-0.006192315386628504,-629.2995201372247
2025-02-14,BLK,0.037443312396869766,0.03333333333333333,-0.004109979063536433,-417.6802522110756
2025-02-14,BRK-B,0.03869259661176466,0.03333333333333333,-0.00535926327843133,-544.6398639010757
2025-02-14,CAT,0.037033102777206096,0.03333333333333333,-0.0036997694438727635,-375.992337321041
2025-02-14,COP,0.0376285517891555,0.03333333333333333,-0.004295218455822168,-436.50536905309633
2025-02-14,COST,0.0391644997010725,0.03333333333333333,-0.005831166367739164,-592.5974321305556
2025-02-14,CSCO,0.03973242796752795,0.03333333333333333,-0.0063990946341946145,-650.3136437958291
2025-02-14,DE,0.039337558031686815,0.03333333333333333,-0.006004224698353482,-610.1846378220658
2025-02-14,GE,0.038695478505763735,0.03333333333333333,-0.005362145172430402,-544.9327389239821
2025-02-14,GS,0.03841033874579045,0.03333333333333333,-0.0050770054124571196,-515.9551589850302
2025-02-14,HD,0.038339372249348434,0.03333333333333333,-0.005006038916015101,-508.7431261074384
2025-02-14,HON,0.0,0.03333333333333333,0.03333333333333333,3387.529439559419
2025-02-14,JPM,0.0382491952543091,0.03333333333333333,-0.004915861920975768,-499.57880934343603
2025-02-14,LMT,0.036320448528547135,0.03333333333333333,-0.002987115195213802,-303.56821989426106
2025-02-14,NKE,0.04056118525235512,0.03333333333333333,-0.00722785191902179,-734.5368348138707
2025-02-14,NVDA,0.04078659864417938,0.03333333333333333,-0.007453265310846044,-757.4446698401388
2025-02-14,QCOM,0.03910956594182601,0.03333333333333333,-0.005776232608492679,-587.0147403303614
2025-02-14,RTX,0.036488563035286234,0.03333333333333333,-0.003155229701952901,-320.65300511813234
2025-02-14,SLB,0.03964996855230912,0.03333333333333333,-0.00631663521897579,-641.9336328971505
2025-02-14,TMO,0.03549570509163469,0.03333333333333333,-0.0021623717583013555,-219.7529397155312
2025-02-14,TSLA,0.037530333790076156,0.03333333333333333,-0.0041970004567428235,-426.5238781518193
2025-02-14,UPS,0.03918861931920279,0.03333333333333333,-0.005855285985869457,-595.0486096251745
2025-02-14,WFC,0.0,0.03333333333333333,0.03333333333333333,3387.529439559419
2025-02-14,WMT,0.03922966027560855,0.03333333333333333,-0.0058963269422752165,-599.2194330667401
2025-02-21,AAPL,0.03385722821597998,0.03225806451612903,-0.0015991636998509487,-160.58027150947177
2025-02-21,ABBV,0.03533675801768418,0.03225806451612903,-0.003078693501555152,-309.14748653952785
2025-02-21,ABT,0.03483917524295352,0.03225806451612903,-0.002581110726824487,-259.1826348660351
2025-02-21,ADBE,0.03256529282590799,0.03225806451612903,-0.0003072283097789591,-30.8503784848916
2025-02-21,AMGN,0.035098876007368426,0.03225806451612903,-0.002840811491239395,-285.26052749507005
2025-02-21,AMZN,0.03194171051298291,0.03225806451612903,0.0003163540031461201,31.76673640293807
2025-02-21,AVGO,0.03164513065751392,0.03225806451612903,0.0006129338586151126,61.547848692999196
2025-02-21,BLK,0.03373663204228742,0.03225806451612903,-0.0014785675261583878,-148.47058798153788
2025-02-21,BRK-B,0.03366646959589241,0.03225806451612903,-0.001408405079763378,-141.42521502007713
2025-02-21,CAT,0.03245860104935406,0.03225806451612903,-0.0002005365332250278,-20.136907157062534
2025-02-21,COP,0.03431485795825616,0.03225806451612903,-0.0020567934421271278,-206.53323321837487
2025-02-21,COST,0.032567691363409174,0.03225806451612903,-0.0003096268472801422,-31.09122800092397
2025-02-21,CSCO,0.03326352902866075,0.03225806451612903,-0.001005464512531716,-100.9638753246653
2025-02-21,DE,0.034411697198840234,0.03225806451612903,-0.0021536326827112026,-216.2573606152206
2025-02-21,GE,0.032359511692532636,0.03225806451612903,-0.00010144717640360457,-10.186833988464384
2025-02-21,GS,0.03194177482496136,0.03225806451612903,0.0003162896911676691,31.760278505624655
2025-02-21,HD,0.031733142846236885,0.03225806451612903,0.0005249216698921463,52.71009108094605
2025-02-21,HON,0.03525494761556507,0.03225806451612903,-0.0029968830994360415,-300.9324822933645
2025-02-21,JPM,0.03222034074225604,0.03225806451612903,3.772377387298992e-05,3.7880386175919645
2025-02-21,LMT,0.03512330498527957,0.03225806451612903,-0.002865240469150536,-287.71356710948567
2025-02-21,NKE,0.03532389633445555,0.03225806451612903,-0.0030658318183265157,-307.85597861878415
2025-02-21,NVDA,0.03265263580497737,0.03225806451612903,-0.0003945712888483374,-39.620937305551514
2025-02-21,PEP,0.0,0.03225806451612903,0.03225806451612903,3239.1985628818766
2025-02-21,QCOM,0.0323946657014884,0.03225806451612903,-0.00013660118535936683,-13.716829262424678
2025-02-21,RTX,0.034140617190643555,0.03225806451612903,-0.0018825526745145232,-189.03681945294318
2025-02-21,SLB,0.033718167643312445,0.03225806451612903,-0.001460103127183414,-146.61648248818727
2025-02-21,TMO,0.033770638997124236,0.03225806451612903,-0.0015125744809952046,-151.88540163783549
2025-02-21,TSLA,0.03201642633029266,0.03225806451612903,0.00024163818583636948,24.264135993255106
2025-02-21,UPS,0.034241348517804394,0.03225806451612903,-0.001983284001675363,-199.15177132841706
2025-02-21,WFC,0.03268046592800468,0.03225806451612903,-0.0004224014118756475,-42.41550343551306
2025-02-21,WMT,0.03072446512797398,0.03225806451612903,0.0015335993881550498,153.99662095859924
2025-02-28,AAPL,0.031706943165050246,0.030303030303030304,-0.0014039128620199418,-141.24737678444697
2025-02-28,ABBV,0.033300556897407525,0.0,-0.033300556897407525,-3350.3620021348756
2025-02-28,ABT,0.032930658189900604,0.030303030303030304,-0.0026276278868703,-264.36508719785314
2025-02-28,ADBE,0.0317760087602853,0.030303030303030304,-0.0014729784572549975,-148.19605174634748
2025-02-28,AMGN,0.0327298899555715,0.030303030303030304,-0.002426859652541198,-244.16583750950036
2025-02-28,AMZN,0.03155418182495242,0.030303030303030304,-0.0012511515219221156,-125.87809059395676
2025-02-28,AVGO,0.02936211396051992,0.030303030303030304,0.0009409163425103846,94.66539466131073
2025-02-28,BLK,0.03231099556199302,0.030303030303030304,-0.002007965258962713,-202.02096096955432
2025-02-28,BRK-B,0.034553016310453474,0.030303030303030304,-0.0042499860074231705,-427.5901953454723
2025-02-28,CAT,0.03256353465175952,0.030303030303030304,-0.0022605043487292156,-227.4288654984209
2025-02-28,COP,0.03259108481108496,0.030303030303030304,-0.0022880545080546585,-230.20068121432897
2025-02-28,COST,0.03261574036049557,0.030303030303030304,-0.0023127100574652643,-232.68127083754584
2025-02-28,CSCO,0.03225876792190832,0.030303030303030304,-0.0019557376188780173,-196.7663491220701
2025-02-28,CVX,0.0,0.030303030303030304,0.030303030303030304,3048.7814840333285
2025-02-28,DE,0.031589537210104594,0.030303030303030304,-0.0012865069070742904,-129.43518843317972
2025-02-28,GE,0.03334524007751418,0.030303030303030304,-0.003042209774483877,-306.07608342272454
2025-02-28,GS,0.032181814485925796,0.030303030303030304,-0.0018787841828954918,-189.02408016711325
2025-02-28,HD,0.033137513006181764,0.030303030303030304,-0.00283448270315146,-285.17670661197
2025-02-28,HON,0.03251072311836323,0.030303030303030304,-0.0022076928153329234,-222.1155082680741
2025-02-28,JPM,0.03224330336257242,0.030303030303030304,-0.0019402730595421136,-195.21046307072282
2025-02-28,LMT,0.032898258943579096,0.030303030303030304,-0.0025952286405487926,-261.1054058625588
2025-02-28,MA,0.0,0.030303030303030304,0.030303030303030304,3048.7814840333285
2025-02-28,NKE,0.0334263804793756,0.030303030303030304,-0.0031233501763452964,-314.23960213119443
2025-02-28,NVDA,0.029915894461965253,0.030303030303030304,0.0003871358410650512,38.94965527347832
2025-02-28,PEP,0.032187062640617076,0.030303030303030304,-0.0018840323375867718,-189.5520959031011
2025-02-28,PG,0.0,0.030303030303030304,0.030303030303030304,3048.7814840333285
2025-02-28,QCOM,0.030585919680317847,0.030303030303030304,-0.00028288937728754293,-28.461440551631316
2025-02-28,RTX,0.0347262086414657,0.030303030303030304,-0.004423178338435398,-445.01503922037176
2025-02-28,SLB,0.0321316490736745,0.030303030303030304,-0.0018286187706441984,-183.97694862676207
2025-02-28,TMO,0.03197632733872189,0.030303030303030304,-0.0016732970356915858,-168.35006165024396
2025-02-28,TSLA,0.02792187392137909,0.030303030303030304,0.002381156381651213,239.56764106987853
2025-02-28,UPS,0.03294055764960369,0.030303030303030304,-0.0026375273465733887,-265.3610697495286
2025-02-28,WFC,0.032533977220682644,0.030303030303030304,-0.0022309469176523405,-224.45509859518953
2025-02-28,WMT,0.03349426631657313,0.030303030303030304,-0.0031912360135428267,-321.06958188590016
2025-03-07,AAPL,0.030717252916295394,0.02702702702702703,-0.0036902258892683656,-362.0025965838404
2025-03-07,ABT,0.03087727604611476,0.02702702702702703,-0.0038502490190877314,-377.7004942861321
2025-03-07,ADBE,0.03184119937621771,0.02702702702702703,-0.004814172349190682,-472.2591361892685
2025-03-07,AMGN,0.03276772677952805,0.02702702702702703,-0.005740699752501022,-563.1493244511379
2025-03-07,AMZN,0.029165849156910336,0.02702702702702703,-0.0021388221298833075,-209.81348781395167
2025-03-07,AVGO,0.03037668868490106,0.02702702702702703,-0.00334966165787403,-328.59403576189777
2025-03-07,BA,0.0,0.02702702702702703,0.02702702702702703,2651.2886352507785
2025-03-07,BAC,0.0,0.02702702702702703,0.02702702702702703,2651.2886352507785
2025-03-07,BLK,0.030256716098788137,0.02702702702702703,-0.0032296890717611083,-316.8250034600929
2025-03-07,BRK-B,0.02997193067300148,0.02702702702702703,-0.002944903645974453,-288.88821403378404
2025-03-07,CAT,0.03164682229728604,0.02702702702702703,-0.0046197952702590125,-453.1911957972517
2025-03-07,COP,0.028403026650205533,0.02702702702702703,-0.0013759996231785046,-134.98237003257336
2025-03-07,COST,0.02857511789239965,0.02702702702702703,-0.0015480908653726227,-151.86412155482518
2025-03-07,CSCO,0.030990755443572847,0.02702702702702703,-0.003963728416545818,-388.8325598483142
2025-03-07,CVX,0.03062651719429457,0.02702702702702703,-0.0035994901672675404,-353.1016328074141
2025-03-07,DE,0.03229012358252076,0.02702702702702703,-0.005263096555493729,-516.2975591008975
2025-03-07,GE,0.029101998992355285,0.02702702702702703,-0.0020749719653282567,-203.54993483513482
2025-03-07,GS,0.027946313424805115,0.02702702702702703,-0.0009192863977780866,-90.17986242187769
2025-03-07,HD,0.0295218467255784,0.02702702702702703,-0.002494819698551372,-244.73602320945392
2025-03-07,HON,0.03131106639119936,0.02702702702702703,-0.0042840393641723346,-420.254320530292
2025-03-07,JPM,0.028446640898540324,0.02702702702702703,-0.0014196138715132957,-139.2608265875397
2025-03-07,KO,0.0,0.02702702702702703,0.02702702702702703,2651.2886352507785
2025-03-07,LMT,0.03292057454115879,0.02702702702702703,-0.005893547514131764,-578.1433351845368
2025-03-07,MA,0.029480437112493773,0.02702702702702703,-0.0024534100854667444,-240.67383625668197
2025-03-07,MRK,0.0,0.02702702702702703,0.02702702702702703,2651.2886352507785
2025-03-07,NKE,0.03090015179688203,0.02702702702702703,-0.0038731247698550013,-379.9445523533195
2025-03-07,NVDA,0.028031015423826317,0.02702702702702703,-0.0010039883967992887,-98.48893197523131
2025-03-07,PEP,0.031546023027556575,0.02702702702702703,-0.004518996000529546,-443.3030213410651
2025-03-07,PG,0.03145030752105181,0.02702702702702703,-0.004423280494024781,-433.913552260371
2025-03-07,QCOM,0.032045721927459594,0.02702702702702703,-0.005018694900432566,-492.32232387239225
2025-03-07,RTX,0.03000069847212729,0.02702702702702703,-0.002973671445100263,-291.71026837247115
2025-03-07,SLB,0.03085684777033487,0.02702702702702703,-0.00382982074330784,-375.69652783585127
2025-03-07,TMO,0.031234705828741983,0.02702702702702703,-0.004207678801714954,-412.7635265475814
2025-03-07,TSLA,0.027858509512278966,0.02702702702702703,-0.0008314824852519373,-81.56650235166578
2025-03-07,UPS,0.0317492837996988,0.02702702702702703,-0.004722256772671775,-463.2424314224657
2025-03-07,WFC,0.028188813588940858,0.02702702702702703,-0.0011617865619138294,-113.9685658030008
2025-03-07,WMT,0.028902040452933472,0.02702702702702703,-0.0018750134259064438,-183.93446612079012
2025-03-14,AAPL,0.024729907583226313,0.02702702702702703,0.002297119443800715,219.8753945092819
2025-03-14,ABT,0.02558684954647385,0.02702702702702703,0.001440177480553178,137.85072977140547
2025-03-14,ADBE,0.024324734493051038,0.02702702702702703,0.0027022925339759904,258.6577021891268
2025-03-14,AMGN,0.026742509065567105,0.02702702702702703,0.0002845179614599236,27.233455008099515
2025-03-14,AMZN,0.027512319992508583,0.02702702702702703,-0.0004852929654815541,-46.45121198455758
2025-03-14,AVGO,0.02777538564133483,0.02702702702702703,-0.0007483586143078001,-71.63129718805432
2025-03-14,BA,0.029063463991864706,0.02702702702702703,-0.0020364369648376776,-194.92342126368519
2025-03-14,BAC,0.027351855174578176,0.02702702702702703,-0.0003248281475511476,-31.091860409468524
2025-03-14,BLK,0.027160153553654465,0.02702702702702703,-0.00013312652662743688,-12.742588392977579
2025-03-14,BRK-B,0.028753517908833674,0.02702702702702703,-0.0017264908818066457,-165.2560404633653
2025-03-14,CAT,0.02685027800267168,0.02702702702702703,0.00017674902435534795,16.91804122948093
2025-03-14,COP,0.03023526818486023,0.02702702702702703,-0.003208241157833202,-307.0860299246538
2025-03-14,COST,0.025958726102907163,0.02702702702702703,0.0010683009241198652,102.25549558574184
2025-03-14,CSCO,0.026203110401280934,0.02702702702702703,0.0008239166257460948,78.86354957186774
2025-03-14,CVX,0.027813453915318333,0.02702702702702703,-0.0007864268882913049,-75.27511152387373
2025-03-14,DE,0.026466934586363063,0.02702702702702703,0.0005600924406639653,53.61085888894672
2025-03-14,GE,0.028211109328395528,0.02702702702702703,-0.001184082301368499,-113.33784311802798
2025-03-14,GS,0.02678948158236316,0.02702702702702703,0.00023754544466386696,22.73734546120613
2025-03-14,HD,0.025983460753884437,0.02702702702702703,0.0010435662731425911,99.88794732596169
2025-03-14,HON,0.02704108610340236,0.02702702702702703,-1.4059076375329965e-05,-1.3457049318023968
2025-03-14,JPM,0.026568274172753738,0.02702702702702703,0.00045875285427329077,43.91084890592641
2025-03-14,KO,0.027010805342449158,0.02702702702702703,1.6221684577870377e-05,1.5527051959749174
2025-03-14,LMT,0.027255668735787476,0.02702702702702703,-0.00022864170876044781,-21.88509877039775
2025-03-14,MA,0.02672409761022655,0.02702702702702703,0.00030292941680047994,28.995760410815898
2025-03-14,MRK,0.027669600329987092,0.02702702702702703,-0.0006425733029600637,-61.505751854030926
2025-03-14,NKE,0.025251060095398962,0.02702702702702703,0.0017759669316280667,169.99178287441148
2025-03-14,NVDA,0.029902539332962923,0.02702702702702703,-0.002875512305935895,-275.23793087478674
2025-03-14,PEP,0.026644020037448677,0.02702702702702703,0.0003830069895783515,36.66061560735209
2025-03-14,PG,0.026437019940219176,0.02702702702702703,0.0005900070868078526,56.47422528473586
2025-03-14,QCOM,0.02689598365578185,0.02702702702702703,0.0001310433712451778,12.543193184019481
2025-03-14,RTX,0.028035933308330655,0.02702702702702703,-0.0010089062813036266,-96.57036651846497
2025-03-14,SLB,0.027512271950400256,0.02702702702702703,-0.00048524492337322783,-46.446613495981026
2025-03-14,TMO,0.027212874478984912,0.02702702702702703,-0.00018584745195788371,-17.788923396240058
2025-03-14,TSLA,0.026355108274261796,0.02702702702702703,0.0006719187527652326,64.3146359851443
2025-03-14,UPS,0.026586377722702424,0.02702702702702703,0.000440649304324605,42.178015553386516
2025-03-14,WFC,0.02761504879569539,0.02702702702702703,-0.0005880217686683627,-56.28419484886765
2025-03-14,WMT,0.025769710304069215,0.02702702702702703,0.001257316722957813,120.34768641636647
2025-03-21,AAPL,0.027486104385434928,0.02499999999999999,-0.002486104385434937,-239.22114509154932
2025-03-21,ABT,0.02680566731112901,0.02499999999999999,-0.0018056673111290188,-173.74725065982847
2025-03-21,ADBE,0.026374739434237484,0.02499999999999999,-0.001374739434237493,-132.28195227340282
2025-03-21,AMGN,0.027083848263793675,0.02499999999999999,-0.002083848263793684,-200.5147373466182
2025-03-21,AMZN,0.026647857971707444,0.02499999999999999,-0.0016478579717074532,-158.5623167110621
2025-03-21,AVGO,0.026430456976817084,0.02499999999999999,-0.0014304569768170926,-137.6432775723995
2025-03-21,BA,0.029592360263920522,0.02499999999999999,-0.0045923602639205315,-441.89201686147385
2025-03-21,BAC,0.02792299015193811,0.02499999999999999,-0.0029229901519381186,-281.2597312222786
2025-03-21,BLK,0.027550844550183667,0.02499999999999999,-0.0025508445501836764,-245.45065678677108
2025-03-21,BRK-B,0.027266066293830236,0.02499999999999999,-0.0022660662938302455,-218.04835582903223
2025-03-21,CAT,0.02657863089338671,0.02499999999999999,-0.0015786308933867198,-151.90105942667378
2025-03-21,COP,0.027691104503206585,0.02499999999999999,-0.002691104503206594,-258.94693102577867
2025-03-21,COST,0.02704299273215393,0.02499999999999999,-0.0020429927321539386,-196.58348364727925
2025-03-21,CSCO,0.026795295322990687,0.02499999999999999,-0.0017952953229906955,-172.749223829635
2025-03-21,CVX,0.028207658645037204,0.02499999999999999,-0.0032076586450372133,-308.65147039848284
2025-03-21,DE,0.02659871897805233,0.02499999999999999,-0.0015987189780523395,-153.83400103787844
2025-03-21,GE,0.02784164380552464,0.02499999999999999,-0.0028416438055246483,-273.43231808063786
2025-03-21,GS,0.02806250562219175,0.02499999999999999,-0.00306250562219176,-294.68436887932666
2025-03-21,HD,0.026871928110445687,0.02499999999999999,-0.0018719281104456961,-180.12308281719132
2025-03-21,HON,0.026967595609625177,0.02499999999999999,-0.001967595609625186,-189.32852440517945
2025-03-21,INTC,0.0,0.02499999999999999,0.02499999999999999,2405.5822685186467
2025-03-21,JPM,0.0279470961392943,0.02499999999999999,-0.0029470961392943085,-283.579288652246
2025-03-21,KO,0.026693694841232327,0.02499999999999999,-0.0016936948412323363,-162.97289113400058
2025-03-21,LMT,0.0253576360366121,0.02499999999999999,-0.00035763603661211063,-34.41291633029517
2025-03-21,MA,0.02729433257910447,0.02499999999999999,-0.0022943325791044793,-220.7682308151357
2025-03-21,MRK,0.026697790523861436,0.02499999999999999,-0.001697790523861445,-163.3669911944031
2025-03-21,NKE,0.02548856483325511,0.02499999999999999,-0.000488564833255118,-47.01131599601126
2025-03-21,NVDA,0.02600696068990153,0.02499999999999999,-0.0010069606899015399,-96.89307122889794
2025-03-21,PEP,0.026316058195039252,0.02499999999999999,-0.001316058195039261,-126.63545033300407
2025-03-21,PG,0.026679302437867636,0.02499999999999999,-0.0016793024378676455,-161.58800672058183
2025-03-21,QCOM,0.02692538334669601,0.02499999999999999,-0.0019253833466960184,-185.26672155652133
2025-03-21,RTX,0.027376393273173878,0.02499999999999999,-0.0023763932731738872,-228.66438083896375
2025-03-21,SLB,0.026812213003974055,0.02499999999999999,-0.0018122130039740642,-174.37709876555687
2025-03-21,TMO,0.026661187316605703,0.02499999999999999,-0.0016611873166057119,-159.8449101405909
2025-03-21,TSLA,0.026747589825007627,0.02499999999999999,-0.001747589825007636,-168.158843827279
2025-03-21,UNH,0.0,0.02499999999999999,0.02499999999999999,2405.5822685186467
2025-03-21,UPS,0.026501951278202054,0.02499999999999999,-0.0015019512782020635,-144.52269452087208
2025-03-21,WFC,0.027517850740543897,0.02499999999999999,-0.002517850740543906,-242.27588384915865
2025-03-21,WMT,0.027156985114021676,0.02499999999999999,-0.0021569851140216846,-207.5522057499695
2025-03-21,XOM,0.0,0.02499999999999999,0.02499999999999999,2405.5822685186467
2025-03-28,AAPL,0.0252272495358644,0.02499999999999999,-0.00022724953586441068,-21.62973650243778
2025-03-28,ABT,0.02616616648986057,0.02499999999999999,-0.001166166489860579,-110.99637144564741
2025-03-28,ADBE,0.025168948833948032,0.02499999999999999,-0.0001689488339480412,-16.080643451217473
2025-03-28,AMGN,0.024543269541182116,0.02499999999999999,0.000456730458817875,43.47185766206566
2025-03-28,AMZN,0.024820611565274184,0.02499999999999999,0.0001793884347258065,17.074290426797816
2025-03-28,AVGO,0.022298229011472888,0.02499999999999999,0.002701770988527103,257.1560568847089
2025-03-28,BA,0.024589072754889665,0.02499999999999999,0.0004109272451103263,39.11228245021468
2025-03-28,BAC,0.024544174102060792,0.02499999999999999,0.00045582589793919867,43.385761057371795
2025-03-28,BLK,0.025136541063309568,0.02499999999999999,-0.00013654106330957677,-12.99605391894374
2025-03-28,BRK-B,0.025483135581808265,0.02499999999999999,-0.0004831355818082743,-45.985111871471695
2025-03-28,CAT,0.02481177176131721,0.02499999999999999,0.0001882282386827805,17.915667856218114
2025-03-28,COP,0.02538166766677527,0.02499999999999999,-0.00038166766677527955,-36.32733960246732
2025-03-28,COST,0.025837046249240072,0.02499999999999999,-0.000837046249240081,-79.6705249256011
2025-03-28,CSCO,0.02550477760989856,0.02499999999999999,-0.0005047776098985705,-48.04501207408758
2025-03-28,CVX,0.02547563009714726,0.02499999999999999,-0.0004756300971472706,-45.27073569057837
2025-03-28,DE,0.024889248610553624,0.02499999999999999,0.00011075138944636673,10.541378497833673
2025-03-28,GE,0.024743967282443335,0.02499999999999999,0.00025603271755665624,24.36933565425529
2025-03-28,GS,0.024285472136300112,0.02499999999999999,0.0007145278636998785,68.00915723189624
2025-03-28,HD,0.025773842004926092,0.02499999999999999,-0.0007738420049261015,-73.65470999710435
2025-03-28,HON,0.02529654793061492,0.02499999999999999,-0.00029654793061493004,-28.225596039814256
2025-03-28,INTC,0.02365555582974844,0.02499999999999999,0.0013444441702515526,127.96493966056045
2025-03-28,JPM,0.02539768125142364,0.02499999999999999,-0.0003976812514236497,-37.851521445507
2025-03-28,KO,0.025895684589212646,0.02499999999999999,-0.0008956845892126551,-85.25175455373947
2025-03-28,LMT,0.025372964962768075,0.02499999999999999,-0.00037296496276808394,-35.49901142208915
2025-03-28,MA,0.02550218371064332,0.02499999999999999,-0.0005021837106433287,-47.79812330843471
2025-03-28,MRK,0.02421706155318295,0.02499999999999999,0.0007829384468170421,74.52051436701151
2025-03-28,NKE,0.02354053942801299,0.02499999999999999,0.0014594605719870021,138.91226438680604
2025-03-28,NVDA,0.02354605933966639,0.02499999999999999,0.001453940660333601,138.38687614288446
2025-03-28,PEP,0.025933770346366205,0.02499999999999999,-0.0009337703463662139,-88.87677798269303
2025-03-28,PG,0.025473240392250414,0.02499999999999999,-0.0004732403922504229,-45.04328225688581
2025-03-28,QCOM,0.0246094132299135,0.02499999999999999,0.0003905867700864894,37.176264788279774
2025-03-28,RTX,0.025146005834858702,0.02499999999999999,-0.00014600583485871108,-13.896916109420081
2025-03-28,SLB,0.025818775917741777,0.02499999999999999,-0.0008187759177417861,-77.93154466930656
2025-03-28,TMO,0.024412985424492505,0.02499999999999999,0.0005870145755074857,55.8723719413578
2025-03-28,TSLA,0.02677790411689393,0.02499999999999999,-0.0017779041168939393,-169.2218971041592
2025-03-28,UNH,0.025230492520552143,0.02499999999999999,-0.00023049252055215227,-21.938405578528407
2025-03-28,UPS,0.024075747725854465,0.02499999999999999,0.0009242522741455261,87.97084260482065
2025-03-28,WFC,0.02463242369614143,0.02499999999999999,0.00036757630385856124,34.98611588691836
2025-03-28,WMT,0.025026149329641784,0.02499999999999999,-2.6149329641792646e-05,-2.4889076570208264
2025-03-28,XOM,0.02575799097174759,0.02499999999999999,-0.0007579909717475991,-72.14599989286471
2025-04-04,AAPL,0.023957504330539323,0.02380952380952379,-0.00014798052101553175,-12.706261763781376
2025-04-04,ABBV,0.0,0.02380952380952379,0.02380952380952379,2044.3909773979067
2025-04-04,ABT,0.026360264876391502,0.02380952380952379,-0.0025507410668677115,-219.0179049568719
2025-04-04,ADBE,0.025079306794029393,0.02380952380952379,-0.0012697829845056026,-109.02918082461896
2025-04-04,AMGN,0.026577819447803373,0.02380952380952379,-0.0027682956382795824,-237.698102278088
2025-04-04,AMZN,0.024588566068516976,0.02380952380952379,-0.0007790422589931852,-66.89201254248879
2025-04-04,AVGO,0.02397085439647137,0.02380952380952379,-0.00016133058694757854,-13.85255744602541
2025-04-04,BA,0.021840328148819258,0.02380952380952379,0.0019691956607045327,169.0838453419693
2025-04-04,BAC,0.023103201266739697,0.02380952380952379,0.0007063225427840943,60.64797621122312
2025-04-04,BLK,0.024079679895727277,0.02380952380952379,-0.0002701560862034859,-23.1967959351886
2025-04-04,BRK-B,0.025986310692885806,0.02380952380952379,-0.0021767868833620155,-186.90854549066353
2025-04-04,CAT,0.024214259715847702,0.02380952380952379,-0.00040473590632391157,-34.752414274937934
2025-04-04,COP,0.023358857940046884,0.02380952380952379,0.00045066586947690654,38.69616396995038
2025-04-04,COST,0.02731886892681761,0.02380952380952379,-0.0035093451172938175,-301.32788676357717
2025-04-04,CSCO,0.024999822436459852,0.02380952380952379,-0.0011902986269360614,-102.20430247932252
2025-04-04,CVX,0.023905947043971625,0.02380952380952379,-9.64232344478344e-05,-8.279325201700384
2025-04-04,DE,0.02568994406763706,0.02380952380952379,-0.0018804202581132676,-161.46119679492642
2025-04-04,GE,0.023126854518548356,0.02380952380952379,0.000682669290975435,58.61700343870588
2025-04-04,GS,0.024022255431602482,0.02380952380952379,-0.00021273162207869137,-18.266077568965727
2025-04-04,HD,0.027382900922261963,0.02380952380952379,-0.003573377112738172,-306.8259569811285
2025-04-04,HON,0.025162436677220398,0.02380952380952379,-0.0013529128676966068,-116.16708011682786
2025-04-04,INTC,0.02422184857692524,0.02380952380952379,-0.00041232476740145005,-35.40402743779506
2025-04-04,JPM,0.024142963108632294,0.02380952380952379,-0.0003334392991085032,-28.630572373506865
2025-04-04,KO,0.027538468362869592,0.02380952380952379,-0.003728944553345801,-320.1836652032436
2025-04-04,LLY,0.0,0.02380952380952379,0.02380952380952379,2044.3909773979067
2025-04-04,LMT,0.027125486073579584,0.02380952380952379,-0.0033159622640557933,-284.7231800291594
2025-04-04,MA,0.02510568102991942,0.02380952380952379,-0.001296157220395628,-111.2937893199709
2025-04-04,MRK,0.025301756142186348,0.02380952380952379,-0.0014922323326625568,-128.12966531722412
2025-04-04,MSFT,0.0,0.02380952380952379,0.02380952380952379,2044.3909773979067
2025-04-04,NKE,0.02506710981549123,0.02380952380952379,-0.0012575860059674399,-107.98189432387166
2025-04-04,NVDA,0.023830538955814284,0.02380952380952379,-2.1015146290492837e-05,-1.8044533695291884
2025-04-04,PEP,0.02721791599016371,0.02380952380952379,-0.0034083921806399194,-292.65962130442097
2025-04-04,PG,0.02700587949004907,0.02380952380952379,-0.00319635568052528,-274.4532299804582
2025-04-04,QCOM,0.023128203746592267,0.02380952380952379,0.0006813200629315237,58.50115275385005
2025-04-04,RTX,0.024709568353107628,0.02380952380952379,-0.0009000445435838368,-77.2818036546786
2025-04-04,SLB,0.02301371608821275,0.02380952380952379,0.0007958077213110412,68.33156925805903
2025-04-04,TMO,0.024262736078086624,0.0,-0.024262736078086624,-2083.3057864511343
2025-04-04,TSLA,0.025175577053892877,0.02380952380952379,-0.0013660532443690865,-117.29537095219861
2025-04-04,UNH,0.028195587676584935,0.02380952380952379,-0.004386063867061144,-376.6068346366528
2025-04-04,UPS,0.024691906650373418,0.02380952380952379,-0.000882382840849627,-75.7652917746359
2025-04-04,WFC,0.02390524945887032,0.02380952380952379,-9.57256493465293e-05,-8.21942746084322
2025-04-04,WMT,0.027073869757621122,0.02380952380952379,-0.0032643459480973316,-280.29117494261544
2025-04-04,XOM,0.024559953992689187,0.02380952380952379,-0.0007504301831653959,-64.4352532164766
2025-04-11,AAPL,0.023967469561226723,0.024390243902439015,0.0004227743412122918,37.92651899740283
2025-04-11,ABBV,0.021334197446948616,0.024390243902439015,0.0030560464554903986,274.1538278286893
2025-04-11,ABT,0.023232508253793,0.024390243902439015,0.0011577356486460154,103.85891193499654
2025-04-11,ADBE,0.023007666824083492,0.024390243902439015,0.0013825770783555229,124.02913496894097
2025-04-11,AMGN,0.02213479525098904,0.024390243902439015,0.002255448651449974,202.3332728320197
2025-04-11,AMZN,0.024633905674597258,0.024390243902439015,-0.00024366177215824278,-21.858570707487754
2025-04-11,AVGO,0.028338479992570498,0.024390243902439015,-0.003948236090131483,-354.1909630778925
2025-04-11,BA,0.02616380386912885,0.024390243902439015,-0.0017735599666898368,-159.1036853769676
2025-04-11,BAC,0.02381933750166244,0.024390243902439015,0.0005709064007765746,51.21524734141577
2025-04-11,BLK,0.024341309110543653,0.024390243902439015,4.893479189536226e-05,4.389874534796984
2025-04-11,BRK-B,0.024197083573130378,0.024390243902439015,0.00019316032930863716,17.32815401725146
2025-04-11,CAT,0.023210473411050942,0.024390243902439015,0.0011797704913880727,105.83562811759424
2025-04-11,COP,0.022812140028116684,0.024390243902439015,0.0015781038743223307,141.56958153547643
2025-04-11,COST,0.023952517682843472,0.024390243902439015,0.00043772621959554253,39.26783194918499
2025-04-11,CSCO,0.023951339583158558,0.024390243902439015,0.0004389043192804566,39.37351769149519
2025-04-11,CVX,0.02156915524518555,0.024390243902439015,0.0028210886572534663,253.07607894528124
2025-04-11,DE,0.024337256157133412,0.024390243902439015,5.2987745305602824e-05,4.753459548183336
2025-04-11,GE,0.024815561962764854,0.024390243902439015,-0.000425318060325839,-38.154712626674105
2025-04-11,GS,0.023929349119868645,0.024390243902439015,0.0004608947825703695,41.346252652976155
2025-04-11,HD,0.02278315422151598,0.024390243902439015,0.0016070896809230358,144.1698593610994
2025-04-11,HON,0.02368766369475559,0.024390243902439015,0.0007025802076834238,63.02752791831416
2025-04-11,INTC,0.022659461184428985,0.024390243902439015,0.00173078271801003,155.2661957836797
2025-04-11,JPM,0.025594396865736373,0.024390243902439015,-0.0012041529632973585,-108.02294696343408
2025-04-11,KO,0.023274486216061752,0.024390243902439015,0.0011157576863772625,100.09312525339972
2025-04-11,LLY,0.0226067063901129,0.024390243902439015,0.0017835375123261138,159.99875761109757
2025-04-11,LMT,0.025039786435961428,0.024390243902439015,-0.0006495425335224132,-58.26958931949187
2025-04-11,MA,0.02375287975966758,0.024390243902439015,0.0006373641427714349,57.177082222560834
2025-04-11,MRK,0.02214525659470655,0.024390243902439015,0.002244987307732465,201.39479972103865
2025-04-11,MSFT,0.024597370402401748,0.024390243902439015,-0.00020712649996273286,-18.581040450980307
2025-04-11,NKE,0.021647439864292274,0.024390243902439015,0.0027428040381467407,246.05327078421362
2025-04-11,NVDA,0.026801195327478267,0.024390243902439015,-0.0024109514250392518,-216.28321804338512
2025-04-11,PEP,0.022446920652758336,0.024390243902439015,0.0019433232496806792,174.3329217562412
2025-04-11,PG,0.023225443781542326,0.024390243902439015,0.001164800120896689,104.49265626359869
2025-04-11,QCOM,0.02489339621482439,0.024390243902439015,-0.0005031523123853743,-45.13711896410672
2025-04-11,RTX,0.024882908482586723,0.024390243902439015,-0.000492664580147708,-44.19627857438261
2025-04-11,SLB,0.02224851974290783,0.024390243902439015,0.0021417241595311845,192.1312012236528
2025-04-11,TSLA,0.024011476260130057,0.024390243902439015,0.0003787676423089581,33.97873707387264
2025-04-11,UNH,0.026015358499989587,0.0,-0.026015358499989587,-2333.8029113707566
2025-04-11,UPS,0.022638816939786845,0.024390243902439015,0.0017514269626521702,157.1181632762244
2025-04-11,WFC,0.023357425665059564,0.024390243902439015,0.0010328182373794507,92.65273854726777
2025-04-11,WMT,0.025417908518295524,0.024390243902439015,-0.0010276646158565092,-92.19041407403982
2025-04-11,XOM,0.02252367803620266,0.024390243902439015,0.001866565866236354,167.44711985765736
2025-04-17,AAPL,0.024237639384641872,0.024390243902439015,0.0001526045177971426,13.69373192606521
2025-04-17,ABBV,0.02431735486705008,0.024390243902439015,7.288903538893443e-05,6.5405855958494925
2025-04-17,ABT,0.02528606270561835,0.024390243902439015,-0.0008958188031793352,-80.38492386819809
2025-04-17,ADBE,0.024127736718871938,0.024390243902439015,0.00026250718356707683,23.555678772317766
2025-04-17,AMGN,0.023640723945231618,0.024390243902439015,0.0007495199572073973,67.25702171463594
2025-04-17,AMZN,0.02276469355749102,0.024390243902439015,0.0016255503449479937,145.86626252854916
2025-04-17,AVGO,0.022914206786126254,0.024390243902439015,0.001476037116312761,132.44992268562933
2025-04-17,BA,0.025168207918297252,0.024390243902439015,-0.0007779640158582374,-69.80940561307105
2025-04-17,BAC,0.025371786319987027,0.024390243902439015,-0.000981542417548012,-88.07720068832793
2025-04-17,BLK,0.02429837032576938,0.024390243902439015,9.187357666963492e-05,8.244134237723966
2025-04-17,BRK-B,0.024107138223696603,0.024390243902439015,0.00028310567874241174,25.40405308706997
2025-04-17,CAT,0.024448074322551916,0.024390243902439015,-5.78304201129011e-05,-5.189323891776849
2025-04-17,COP,0.02511257329509515,0.024390243902439015,-0.000722329392656134,-64.81711818321936
2025-04-17,COST,0.025168417997050184,0.024390243902439015,-0.0007781740946111691,-69.82825670717715
2025-04-17,CSCO,0.023713904531870757,0.024390243902439015,0.0006763393705682581,60.69027421532092
2025-04-17,CVX,0.024784283943540226,0.024390243902439015,-0.000394040041101211,-35.358577641511566
2025-04-17,DE,0.024006692556329617,0.024390243902439015,0.0003835513461093974,34.41739071241236
2025-04-17,GE,0.024397709237589903,0.024390243902439015,-7.465335150887847e-06,-0.6698903791982226
2025-04-17,GS,0.025123742512632188,0.024390243902439015,-0.0007334986101931729,-65.81937075728425
2025-04-17,HD,0.024464288630107994,0.024390243902439015,-7.404472766897943e-05,-6.644289866865875
2025-04-17,HON,0.02414214702241714,0.024390243902439015,0.00024809688002187455,22.262592325273392
2025-04-17,INTC,0.023381144279730863,0.024390243902439015,0.0010090996227081518,90.55000415143486
2025-04-17,JPM,0.02394393355931157,0.024390243902439015,0.00044631034312744497,40.0489728799618
2025-04-17,KO,0.024917499321346816,0.024390243902439015,-0.0005272554189078016,-47.31245488214399
2025-04-17,LLY,0.02796189663357358,0.024390243902439015,-0.003571652731134564,-320.4967699460282
2025-04-17,LMT,0.023826099793378505,0.024390243902439015,0.0005641441090605097,50.622604813133286
2025-04-17,MA,0.024744161858375708,0.024390243902439015,-0.0003539179559366931,-31.75828397728328
2025-04-17,MRK,0.024018251284051363,0.024390243902439015,0.00037199261838765166,33.38018604040934
2025-04-17,MSFT,0.023084219103911046,0.024390243902439015,0.0013060247985279688,117.19412857494184
2025-04-17,NKE,0.024995737829575003,0.024390243902439015,-0.0006054939271359881,-54.33306720370197
2025-04-17,NVDA,0.022306759997902423,0.024390243902439015,0.002083483904536592,186.9582268784571
2025-04-17,PEP,0.024113194978769733,0.024390243902439015,0.0002770489236692819,24.860559476851122
2025-04-17,PG,0.02492500904504567,0.024390243902439015,-0.0005347651426066552,-47.986328399490446
2025-04-17,QCOM,0.02392811941916003,0.024390243902439015,0.00046212448327898406,41.468030447865964
2025-04-17,RTX,0.02450136462107872,0.024390243902439015,-0.00011112071863970605,-9.971246948970366
2025-04-17,SLB,0.025207244903938896,0.024390243902439015,-0.0008170010014998813,-73.31232953888117
2025-04-17,TSLA,0.02332443360506851,0.024390243902439015,0.0010658102973705036,95.63884940570743
2025-04-17,UPS,0.02421835458408122,0.024390243902439015,0.00017188931835779644,15.424223873074727
2025-04-17,WFC,0.025239702937798373,0.024390243902439015,-0.0008494590353593581,-76.22490133514778
2025-04-17,WMT,0.024491952305756837,0.024390243902439015,-0.00010170840331782255,-9.126647295683549
2025-04-17,XOM,0.025275165136178467,0.024390243902439015,-0.0008849212337394517,-79.40704721874127
2025-04-25,AAPL,0.024937135895054658,0.024390243902439015,-0.0005468919926156432,-50.99401315348782
2025-04-25,ABBV,0.02524485901715766,0.024390243902439015,-0.0008546151147186438,-79.68713199236822
2025-04-25,ABT,0.02308981263234185,0.024390243902439015,0.0013004312700971646,121.25650071301637
2025-04-25,ADBE,0.024744675880099466,0.024390243902439015,-0.0003544319776604514,-33.04840658644666
2025-04-25,AMGN,0.02377200552530863,0.024390243902439015,0.0006182383771303861,57.646585360657724
2025-04-25,AMZN,0.02569886016545734,0.024390243902439015,-0.0013086162630183244,-122.0196964487714
2025-04-25,AVGO,0.026398066551179298,0.024390243902439015,-0.002007822648740283,-187.21600597961304
2025-04-25,BA,0.025798361869025208,0.024390243902439015,-0.0014081179665861934,-131.29756346647406
2025-04-25,BAC,0.02490200716842344,0.024390243902439015,-0.0005117632659844239,-47.71849482064464
2025-04-25,BLK,0.024326713275492996,0.024390243902439015,6.353062694601855e-05,5.923805193489919
2025-04-25,BRK-B,0.024048998347935037,0.024390243902439015,0.0003412455545039779,31.818860999807853
2025-04-25,CAT,0.024562367404625002,0.024390243902439015,-0.00017212350218598696,-16.049363042448658
2025-04-25,COP,0.02419427492949977,0.024390243902439015,0.00019596897293924428,18.27279338273763
2025-04-25,COST,0.023062258644613417,0.024390243902439015,0.001327985257825598,123.82572540752066
2025-04-25,CSCO,0.02387139947840581,0.024390243902439015,0.0005188444240332053,48.37876535222521
2025-04-25,CVX,0.023617914175196732,0.024390243902439015,0.0007723297272422824,72.01457106998073
2025-04-25,DE,0.023846887202228616,0.024390243902439015,0.0005433567002103984,50.664370829503056
2025-04-25,GE,0.025619953014525364,0.024390243902439015,-0.0012297091120863496,-114.66213344389979
2025-04-25,GS,0.025100952703164627,0.024390243902439015,-0.0007107088007256117,-66.26883264310705
2025-04-25,HD,0.023638093307255432,0.024390243902439015,0.000752150595183583,70.13300224190962
2025-04-25,HON,0.023777135071553986,0.024390243902439015,0.0006131088308850285,57.16828955044457
2025-04-25,INTC,0.024860205665552935,0.024390243902439015,-0.00046996176311392066,-43.820784823065445
2025-04-25,JPM,0.02464427196606405,0.024390243902439015,-0.0002540280636250357,-23.68641448907471
2025-04-25,KO,0.023121047047631377,0.024390243902439015,0.001269196854807638,118.34410081391049
2025-04-25,LLY,0.02471722958868541,0.024390243902439015,-0.0003269856862463949,-30.4892238514994
2025-04-25,LMT,0.024157323334909307,0.024390243902439015,0.0002329205675297083,21.718281936293337
2025-04-25,MA,0.02420423858313998,0.024390243902439015,0.00018600531929903463,17.34374945515039
2025-04-25,MRK,0.02489785498093924,0.024390243902439015,-0.0005076110785002252,-47.331331164851676
2025-04-25,MSFT,0.025007642223773663,0.024390243902439015,-0.000617398321334648,-57.56825578758673
2025-04-25,NKE,0.024254453955449104,0.024390243902439015,0.00013578994698991084,12.661502520446414
2025-04-25,NVDA,0.02567318885486934,0.024390243902439015,-0.0012829449524303267,-119.62601878029683
2025-04-25,PEP,0.02191704036145317,0.024390243902439015,0.002473203540985843,230.6096552942605
2025-04-25,PG,0.02228763955111169,0.024390243902439015,0.002102604351327326,196.05376453833176
2025-04-25,QCOM,0.025515343095307282,0.024390243902439015,-0.0011250991928682674,-104.90795955102793
2025-04-25,RTX,0.022803183054047618,0.024390243902439015,0.0015870608483913966,147.98278795633163
2025-04-25,SLB,0.02307708433836198,0.024390243902439015,0.0013131595640770363,122.4433288242248
2025-04-25,TSLA,0.027709352403728904,0.024390243902439015,-0.0033191085012898892,-309.4846237611352
2025-04-25,UPS,0.023831745865620403,0.024390243902439015,0.0005584980368186117,52.07619899408776
2025-04-25,WFC,0.025292352095639823,0.024390243902439015,-0.0009021081932008082,-84.11554327196289
2025-04-25,WMT,0.023942347417913214,0.024390243902439015,0.00044789648452580114,41.76334547169295
2025-04-25,XOM,0.023833723357256923,0.024390243902439015,0.0005565205451820918,51.89181115172548
2025-05-02,AAPL,0.02341436183500507,0.022222222222222213,-0.0011921396127828575,-113.61352107124836
2025-05-02,ABBV,0.025454069845297515,0.022222222222222213,-0.0032318476230753027,-308.0021702879277
2025-05-02,ABT,0.02459769322950751,0.022222222222222213,-0.002375471007285298,-226.38759961204823
2025-05-02,ADBE,0.024715808438742538,0.022222222222222213,-0.002493586216520325,-237.6442382384026
2025-05-02,AMGN,0.023894750753373648,0.022222222222222213,-0.0016725285311514348,-159.3956391337943
2025-05-02,AMZN,0.02398746471972312,0.022222222222222213,-0.0017652424975009087,-168.23148357390653
2025-05-02,AVGO,0.025268329513381878,0.022222222222222213,-0.003046107291159665,-290.30070907683904
2025-05-02,BA,0.024869531234916795,0.022222222222222213,-0.002647309012694582,-252.29435803561827
2025-05-02,BAC,0.024692154188623368,0.022222222222222213,-0.002469931966401155,-235.38993629631256
2025-05-02,BLK,0.02442794754037956,0.022222222222222213,-0.0022057253181573463,-210.2104629564904
2025-05-02,BRK-B,0.02425975222147489,0.022222222222222213,-0.002037529999252677,-194.18107998526816
2025-05-02,CAT,0.025204122179720977,0.022222222222222213,-0.002981899957498764,-284.1816092855127
2025-05-02,COP,0.02378181282233641,0.022222222222222213,-0.0015595906001141975,-148.63240648045613
2025-05-02,COST,0.024654990948003334,0.022222222222222213,-0.002432768725781121,-231.84819791602004
2025-05-02,CRM,0.0,0.022222222222222213,0.022222222222222213,2117.8265411387492
2025-05-02,CSCO,0.02496491207472681,0.022222222222222213,-0.0027426898525045977,-261.38436136857723
2025-05-02,CVX,0.023822908413714327,0.022222222222222213,-0.0016006861914921143,-152.54890651693367
2025-05-02,DE,0.02502467779724011,0.022222222222222213,-0.0028024555750178967,-267.08016587108216
2025-05-02,GE,0.024977240493636768,0.022222222222222213,-0.0027550182714145555,-262.5592867435776
2025-05-02,GS,0.02479268729480659,0.022222222222222213,-0.002570465072584377,-244.97096192052018
2025-05-02,HD,0.024325592752765416,0.022222222222222213,-0.0021033705305432034,-200.45582709450707
2025-05-02,HON,0.025656105408347916,0.022222222222222213,-0.003433883186125704,-327.25660278361994
2025-05-02,INTC,0.024540851713768855,0.022222222222222213,-0.002318629491546643,-220.97047843190364
2025-05-02,JPM,0.024740343552337105,0.022222222222222213,-0.002518121330114892,-239.98248840262187
2025-05-02,KO,0.023776188152458046,0.022222222222222213,-0.0015539659302358337,-148.09636309854673
2025-05-02,LLY,0.022219014890024466,0.022222222222222213,3.207332197746604e-06,0.3056657964586486
2025-05-02,LMT,0.023620662707223437,0.022222222222222213,-0.001398440485001224,-133.27444689023423
2025-05-02,MA,0.0250214168078205,0.022222222222222213,-0.0027991945855982865,-266.7693864236371
2025-05-02,MRK,0.02398936332158094,0.022222222222222213,-0.001767141099358726,-168.41242449715585
2025-05-02,MS,0.0,0.022222222222222213,0.022222222222222213,2117.8265411387492
2025-05-02,MSFT,0.026507221417388663,0.022222222222222213,-0.00428499919516645,-408.36982609267613
2025-05-02,NKE,0.02426417679553056,0.022222222222222213,-0.0020419545733083473,-194.60275160184312
2025-05-02,NVDA,0.024612669006611264,0.022222222222222213,-0.002390446784389051,-227.81482403215102
2025-05-02,ORCL,0.0,0.022222222222222213,0.022222222222222213,2117.8265411387492
2025-05-02,PEP,0.023928656838637534,0.022222222222222213,-0.0017064346164153213,-162.62696346130303
2025-05-02,PG,0.02378836698524617,0.022222222222222213,-0.0015661447630239585,-149.2570325878919
2025-05-02,QCOM,0.02245700033720367,0.022222222222222213,-0.00023477811498145637,-22.374869543381408
2025-05-02,RTX,0.024813384651017,0.022222222222222213,-0.002591162428794789,-246.9434653846418
2025-05-02,SLB,0.02400762976972149,0.022222222222222213,-0.0017854075474992778,-170.15325708795365
2025-05-02,TSLA,0.024051722097951735,0.022222222222222213,-0.001829499875729522,-174.3553527223512
2025-05-02,UPS,0.02349445043229707,0.022222222222222213,-0.001272228210074857,-121.246140135689
2025-05-02,V,0.0,0.022222222222222213,0.022222222222222213,2117.8265411387492
2025-05-02,WFC,0.025255271875960814,0.022222222222222213,-0.003033049653738601,-289.05628757756875
2025-05-02,WMT,0.02478092835748953,0.022222222222222213,-0.002558706135267319,-243.85030939096583
2025-05-02,XOM,0.023343766584006415,0.022222222222222213,-0.001121544361784202,-106.88563874029965
2025-05-09,AAPL,0.021569314188604426,0.022222222222222213,0.0006529080336177863,61.966973786918814
2025-05-09,ABBV,0.020751126931217657,0.022222222222222213,0.001471095291004556,139.62046512220414
2025-05-09,ABT,0.022380822291357096,0.022222222222222213,-0.00015860006913488364,-15.052604380172411
2025-05-09,ADBE,0.022451444595870076,0.022222222222222213,-0.0002292223736478638,-21.755310224177244
2025-05-09,AMGN,0.021091704590338604,0.022222222222222213,0.001130517631883609,107.29651475171055
2025-05-09,AMZN,0.02267197305591157,0.022222222222222213,-0.0004497508336893559,-42.685488134440966
2025-05-09,AVGO,0.02280985397184511,0.022222222222222213,-0.0005876317496228967,-55.771654429603736
2025-05-09,BA,0.023439861787448668,0.022222222222222213,-0.0012176395652264554,-115.56518703287021
2025-05-09,BAC,0.022701394820494977,0.022222222222222213,-0.0004791725982727646,-45.47788403222567
2025-05-09,BLK,0.022171974192127096,0.022222222222222213,5.0248030095116636e-05,4.768999925602351
2025-05-09,BRK-B,0.021233197370957104,0.022222222222222213,0.0009890248512651086,93.8675492984265
2025-05-09,CAT,0.022443989956224215,0.022222222222222213,-0.00022176773400200273,-21.04779640026798
2025-05-09,COP,0.02162199980376994,0.022222222222222213,0.0006002224184522738,56.96662463235441
2025-05-09,COST,0.02230562954410083,0.022222222222222213,-8.340732187861813e-05,-7.9161215092585
2025-05-09,CRM,0.022337856266192276,0.022222222222222213,-0.00011563404397006358,-10.974733657149393
2025-05-09,CSCO,0.022475728295810155,0.022222222222222213,-0.00025350607358794186,-24.060056559274607
2025-05-09,CVX,0.022308662814689073,0.022222222222222213,-8.644059246686042e-05,-8.204006769283154
2025-05-09,DE,0.022816534077973537,0.022222222222222213,-0.0005943118557513241,-56.40565790335548
2025-05-09,GE,0.023090112618027465,0.022222222222222213,-0.0008678903958052528,-82.37077603224274
2025-05-09,GS,0.022349683607397235,0.022222222222222213,-0.00012746138517502267,-12.097257051991996
2025-05-09,HD,0.022199495546332392,0.022222222222222213,2.2726675889820497e-05,2.1569704408825365
2025-05-09,HON,0.022195667347148836,0.022222222222222213,2.655487507337642e-05,2.520301731422889
2025-05-09,INTC,0.02317585064370989,0.022222222222222213,-0.0009536284214876761,-90.50810275583319
2025-05-09,JPM,0.02236063589192807,0.022222222222222213,-0.00013841366970585717,-13.13672952511889
2025-05-09,KO,0.021958411862929884,0.022222222222222213,0.00026381035929232827,25.03802798749941
2025-05-09,LLY,0.019898078733462762,0.022222222222222213,0.0023241434887594503,220.58258013303077
2025-05-09,LMT,0.02234424864572542,0.022222222222222213,-0.00012202642350320897,-11.581429232285085
2025-05-09,MA,0.022679190953232585,0.022222222222222213,-0.00045696873101037233,-43.37053293563563
2025-05-09,MRK,0.02037642835584855,0.022222222222222213,0.0018457938663736621,175.18280407710455
2025-05-09,MS,0.022584928869933508,0.022222222222222213,-0.00036270664771129515,-34.42419479283728
2025-05-09,MSFT,0.0224871017778111,0.022222222222222213,-0.0002648795555888865,-25.13950454387562
2025-05-09,NKE,0.022199845977431194,0.022222222222222213,2.237624479101835e-05,2.1237113085155026
2025-05-09,NVDA,0.02272920317275799,0.022222222222222213,-0.0005069809505357757,-48.117152270649854
2025-05-09,ORCL,0.02225254867491803,0.022222222222222213,-3.032645269581899e-05,-2.8782591153598194
2025-05-09,PEP,0.021758145959244978,0.022222222222222213,0.0004640762629772345,44.04510305026538
2025-05-09,PG,0.021912771223389506,0.022222222222222213,0.0003094509988327068,29.36974419926912
2025-05-09,QCOM,0.023167191543447974,0.022222222222222213,-0.0009449693212257616,-89.68627454830578
2025-05-09,RTX,0.022046406323459163,0.022222222222222213,0.0001758158987630494,16.686544856256557
2025-05-09,SLB,0.02219464398969235,0.022222222222222213,2.7578232529863744e-05,2.6174277605351617
2025-05-09,TSLA,0.023168631263186492,0.022222222222222213,-0.0009464090409642793,-89.82291718509933
2025-05-09,UPS,0.022192244577021614,0.022222222222222213,2.9977645200598285e-05,2.845154077896495
2025-05-09,V,0.022627339787855222,0.022222222222222213,-0.00040511756563300916,-38.44938073605772
2025-05-09,WFC,0.02202231480880395,0.022222222222222213,0.00019990741341826407,18.973051041292702
2025-05-09,WMT,0.021904474266784896,0.022222222222222213,0.00031774795543731624,30.157201644968147
2025-05-09,XOM,0.02254133502358614,0.022222222222222213,-0.0003191128013639265,-30.28673806878699
2025-05-16,AAPL,0.022520542403257047,0.023255813953488358,0.000735271550231311,73.36948283666331
2025-05-16,ABBV,0.021069388151851158,0.023255813953488358,0.0021864258016372,218.1737213637497
2025-05-16,ABT,0.021383259105308375,0.023255813953488358,0.001872554848179983,186.8539327423053
2025-05-16,ADBE,0.02300243706957822,0.023255813953488358,0.00025337688391013913,25.283354060692087
2025-05-16,AMGN,0.021847905780531696,0.023255813953488358,0.0014079081729566623,140.48890440388342
2025-05-16,AMZN,0.02250755186658577,0.023255813953488358,0.0007482620869025888,74.66575080329757
2025-05-16,AVGO,0.02320775310008958,0.023255813953488358,4.80608533987778e-05,4.795779134182062
2025-05-16,BA,0.022325733831568856,0.023255813953488358,0.0009300801219195021,92.80856510826099
2025-05-16,BAC,0.022602504104137108,0.023255813953488358,0.0006533098493512503,65.19088867768687
2025-05-16,BLK,0.022652588506861266,0.023255813953488358,0.0006032254466270918,60.19318854241215
2025-05-16,BRK-B,0.021159245164318982,0.023255813953488358,0.0020965687891693757,209.2072891225759
2025-05-16,CAT,0.022950659982902043,0.023255813953488358,0.00030515397058631516,30.449959610743672
2025-05-16,COP,0.02205194249850503,0.023255813953488358,0.0012038714549833275,120.12898639442933
2025-05-16,COST,0.021507733969654125,0.023255813953488358,0.0017480799838342324,174.43313879163702
2025-05-16,CRM,0.022342914663788623,0.023255813953488358,0.0009128992896997347,91.09416615691947
2025-05-16,CSCO,0.022497225626146828,0.023255813953488358,0.0007585883273415299,75.69616048039414
2025-05-16,CVX,0.02168673340446094,0.023255813953488358,0.0015690805490274178,156.57158008492596
2025-05-16,DE,0.022804002670128276,0.023255813953488358,0.0004518112833600818,45.08424158322168
2025-05-16,GE,0.02278961173230709,0.0,-0.02278961173230709,-2274.0741516813855
2025-05-16,GS,0.02307122287480788,0.023255813953488358,0.00018459107868047664,18.419524017742503
2025-05-16,HD,0.022188765639451706,0.023255813953488358,0.0010670483140366518,106.4760127574276
2025-05-16,HON,0.022226047561548584,0.023255813953488358,0.0010297663919397737,102.75581531126748
2025-05-16,INTC,0.02137260987120233,0.023255813953488358,0.0018832040822860281,187.91657252310637
2025-05-16,JPM,0.02234508223140156,0.023255813953488358,0.000910731722086798,90.87787421046154
2025-05-16,KO,0.021579372276079072,0.023255813953488358,0.0016764416774092857,167.28467032166938
2025-05-16,LLY,0.02183706522993186,0.023255813953488358,0.001418748723556497,141.57063480801008
2025-05-16,LMT,0.020903692086541286,0.023255813953488358,0.002352121866947072,234.7077959053674
2025-05-16,MA,0.0216799508521408,0.023255813953488358,0.001575863101347559,157.24838086129873
2025-05-16,MRK,0.021160832030389015,0.023255813953488358,0.0020949819230993427,209.04894280433098
2025-05-16,MS,0.02295586650470666,0.023255813953488358,0.00029994744878169763,29.93042392074938
2025-05-16,MSFT,0.021924609892479255,0.0,-0.021924609892479255,-2187.759459346336
2025-05-16,NKE,0.022879587635394903,0.023255813953488358,0.0003762263180934547,37.541953553588314
2025-05-16,NVDA,0.02453310125880687,0.023255813953488358,-0.001277287305318512,-127.45482807756234
2025-05-16,ORCL,0.022562747393906298,0.023255813953488358,0.0006930665595820604,69.15803424180393
2025-05-16,PEP,0.02138532764806168,0.023255813953488358,0.001870486305426678,186.64752204684484
2025-05-16,PG,0.0218892064445165,0.023255813953488358,0.0013666075089718566,136.36769455097573
2025-05-16,QCOM,0.022201465400079928,0.023255813953488358,0.0010543485534084303,105.20876004086472
2025-05-16,RTX,0.022254426579337776,0.023255813953488358,0.0010013873741505815,99.92399915035323
2025-05-16,SLB,0.02188212717740609,0.023255813953488358,0.0013736867760822669,137.07410317863173
2025-05-16,TSLA,0.02480086280378689,0.023255813953488358,-0.0015450488502985332,-154.1735635876603
2025-05-16,UPS,0.022332657079875664,0.023255813953488358,0.000923156873612694,92.11772490417515
2025-05-16,V,0.021926356906695272,0.023255813953488358,0.001329457046793086,132.66061490626223
2025-05-16,WFC,0.022223946480720513,0.023255813953488358,0.0010318674727678445,102.96547283671516
2025-05-16,WMT,0.021467953943680746,0.023255813953488358,0.0017878600098076118,178.40261093016557
2025-05-16,XOM,0.021505382565069432,0.023255813953488358,0.0017504313884189257,174.66777501313155
2025-05-23,AAPL,0.02214490964651483,0.022727272727272728,0.0005823630807578993,56.40220713656164
2025-05-23,ABBV,0.023859333239015564,0.022727272727272728,-0.0011320605117428363,-109.64072686638171
2025-05-23,ABT,0.023336215448660044,0.022727272727272728,-0.0006089427213873157,-58.97646097566952
2025-05-23,ADBE,0.023416086575898696,0.022727272727272728,-0.000688813848625968,-66.71202665899266
2025-05-23,AMGN,0.02389232126739284,0.022727272727272728,-0.0011650485401201137,-112.83563683069565
2025-05-23,AMZN,0.023422226008417913,0.022727272727272728,-0.0006949532811451851,-67.30663431200385
2025-05-23,AVGO,0.023969807842227863,0.022727272727272728,-0.0012425351149551352,-120.34025721023588
2025-05-23,BA,0.023555523841231298,0.022727272727272728,-0.0008282511139585703,-80.21660787593729
2025-05-23,BAC,0.023159492094089924,0.022727272727272728,-0.0004322193668171957,-41.860700070359535
2025-05-23,BLK,0.023316061895055033,0.022727272727272728,-0.0005887891677823047,-57.0245774471184
2025-05-23,BRK-B,0.0234528530072502,0.022727272727272728,-0.0007255802799774717,-70.27287717523917
2025-05-23,CAT,0.023267819309099966,0.022727272727272728,-0.0005405465818272386,-52.35225460292322
2025-05-23,COP,0.02226957305693307,0.022727272727272728,0.0004576996703396577,44.32848246361502
2025-05-23,COST,0.023553541751210317,0.022727272727272728,-0.000826269023937589,-80.02464129079387
2025-05-23,CRM,0.022475446240129194,0.022727272727272728,0.000251826487143534,24.389543498975698
2025-05-23,CSCO,0.02376622374905397,0.022727272727272728,-0.0010389510217812432,-100.62301796155404
2025-05-23,CVX,0.02330125911174918,0.022727272727272728,-0.0005739863844764527,-55.59091917137789
2025-05-23,DE,0.022992704797990905,0.022727272727272728,-0.0002654320707181773,-25.70725227610515
2025-05-23,GS,0.02316526034775151,0.022727272727272728,-0.00043798762047878373,-42.419358832542244
2025-05-23,HD,0.02282133878166381,0.022727272727272728,-9.40660543910822e-05,-9.110352732834922
2025-05-23,HON,0.023866912168731644,0.022727272727272728,-0.0011396394414589159,-110.3747506701631
2025-05-23,INTC,0.022177449308627535,0.022727272727272728,0.0005498234186451928,53.2507217088692
2025-05-23,JPM,0.02334490995389081,0.022727272727272728,-0.0006176372266180827,-59.8185289246498
2025-05-23,KO,0.023881747484089593,0.022727272727272728,-0.0011544747568168652,-111.81155969429683
2025-05-23,LLY,0.022576565418867614,0.022727272727272728,0.00015070730840511387,14.59609152179864
2025-05-23,LMT,0.023986929740716978,0.022727272727272728,-0.00125965701344425,-121.99852315645184
2025-05-23,MA,0.02314910199023336,0.022727272727272728,-0.000421829262960631,-40.854412396481436
2025-05-23,MRK,0.02443707233211527,0.022727272727272728,-0.001709799604842542,-165.59509807667735
2025-05-23,MS,0.02285081838067937,0.022727272727272728,-0.0001235456534066405,-11.965469248487679
2025-05-23,NKE,0.022785231292021643,0.022727272727272728,-5.7958564748914615e-05,-5.613321108975126
2025-05-23,NVDA,0.02323103913231311,0.022727272727272728,-0.0005037664050403824,-48.790072833172566
2025-05-23,ORCL,0.023283530986830118,0.022727272727272728,-0.0005562582595573899,-53.873939838610916
2025-05-23,PEP,0.023479044400372164,0.022727272727272728,-0.0007517716730994356,-72.80952901473697
2025-05-23,PG,0.024336849081644938,0.022727272727272728,-0.0016095763543722101,-155.88841727958686
2025-05-23,QCOM,0.022839705330615356,0.022727272727272728,-0.00011243260334262845,-10.889163808909235
2025-05-23,RTX,0.023524093375740712,0.022727272727272728,-0.0007968206484679843,-77.17254879394416
2025-05-23,SLB,0.0225450301831787,0.022727272727272728,0.00018224254409402937,17.65029765916525
2025-05-23,TSLA,0.023229908245894538,0.022727272727272728,-0.00050263551862181,-48.68054581792077
2025-05-23,UNH,0.0,0.022727272727272728,0.022727272727272728,2201.1497403724748
2025-05-23,UPS,0.02292236932676038,0.022727272727272728,-0.00019509659948765273,-18.89522048963118
2025-05-23,V,0.023198432521204328,0.022727272727272728,-0.0004711597939315998,-45.63210335580555
2025-05-23,WFC,0.022904723778257113,0.022727272727272728,-0.00017745105098438546,-17.186238731336527
2025-05-23,WMT,0.023494918347798408,0.022727272727272728,-0.0007676456205256803,-74.34693016599941
2025-05-23,XOM,0.02281561920807994,0.022727272727272728,-8.834648080721305e-05,-8.55640866483123
2025-05-30,AAPL,0.022993449342431423,0.022727272727272728,-0.00026617661515869473,-26.20777029509801
2025-05-30,ABBV,0.02270229684938932,0.022727272727272728,2.4975877883408326e-05,2.459126884968965
2025-05-30,ABT,0.022742830127945562,0.022727272727272728,-1.5557400672834565e-05,-1.531782884004914
2025-05-30,ADBE,0.0227604051021206,0.022727272727272728,-3.313237484787318e-05,-3.262216212443932
2025-05-30,AMGN,0.023714058837874714,0.022727272727272728,-0.0009867861106019858,-97.15903743697167
2025-05-30,AMZN,0.02280175915726133,0.022727272727272728,-7.448642998860236e-05,-7.333939707961696
2025-05-30,AVGO,0.023659450913817315,0.022727272727272728,-0.0009321781865445876,-91.78233697387803
2025-05-30,BA,0.022902575614401465,0.022727272727272728,-0.00017530288712873723,-17.260335943479912
2025-05-30,BAC,0.022835891972098944,0.022727272727272728,-0.00010861924482621563,-10.694659319847785
2025-05-30,BLK,0.02274247067839245,0.022727272727272728,-1.5197951119722691e-05,-1.4963914529619757
2025-05-30,BRK-B,0.022376846256634907,0.022727272727272728,0.0003504264706378213,34.503017638579855
2025-05-30,CAT,0.022656710437401313,0.022727272727272728,7.056228987141477e-05,6.947568565869758
2025-05-30,COP,0.022396626093654184,0.022727272727272728,0.00033064663361854346,32.55549334247801
2025-05-30,COST,0.023056869589416596,0.022727272727272728,-0.00032959686214386816,-32.45213276118039
2025-05-30,CRM,0.021719517384957414,0.022727272727272728,0.001007755342315314,99.22366962744394
2025-05-30,CSCO,0.022329850538501495,0.022727272727272728,0.0003974221887712327,39.130219712508506
2025-05-30,CVX,0.022380842996512103,0.022727272727272728,0.0003464297307606244,34.10949831845332
2025-05-30,DE,0.02218810194747272,0.022727272727272728,0.0005391707798000078,53.086797044146344
2025-05-30,GS,0.022537767618831583,0.022727272727272728,0.0001895051084411445,18.65868776192874
2025-05-30,HD,0.02269855530336808,0.022727272727272728,2.8717423904648515e-05,2.827519798128293
2025-05-30,HON,0.022821814082628886,0.022727272727272728,-9.454135535615776e-05,-9.308549224296803
2025-05-30,INTC,0.02179717277089559,0.022727272727272728,0.0009300999563771374,91.57771426945149
2025-05-30,JPM,0.022636747569125464,0.022727272727272728,9.052515814726367e-05,8.913114133773329
2025-05-30,KO,0.02245743099655438,0.022727272727272728,0.00026984173071834677,26.568637859046415
2025-05-30,LLY,0.023105113615586082,0.022727272727272728,-0.00037784088831335425,-37.20224334173147
2025-05-30,LMT,0.02299828288196718,0.022727272727272728,-0.0002710101546944538,-26.683680974892034
2025-05-30,MA,0.023228075829767655,0.022727272727272728,-0.0005008031024949268,-49.30911254331779
2025-05-30,MRK,0.022141414805835934,0.022727272727272728,0.0005858579214367936,57.683616652142696
2025-05-30,MS,0.022702189341924146,0.022727272727272728,2.5083385348581566e-05,2.469712078377442
2025-05-30,NKE,0.022566946994759803,0.022727272727272728,0.00016032573251292467,15.785684131519034
2025-05-30,NVDA,0.023008486453090178,0.022727272727272728,-0.0002812137258174502,-27.688325383724695
2025-05-30,ORCL,0.023724846677842044,0.022727272727272728,-0.0009975739505693158,-98.22120900180091
2025-05-30,PEP,0.022719327806756222,0.022727272727272728,7.944920516506082e-06,0.7822574939021697
2025-05-30,PG,0.02289780801305932,0.022727272727272728,-0.00017053528578659174,-16.790917543373443
2025-05-30,QCOM,0.02232696919375788,0.022727272727272728,0.00040030353351484804,39.41391714076168
2025-05-30,RTX,0.023052220836153953,0.022727272727272728,-0.00032494810888122547,-31.994416152254054
2025-05-30,SLB,0.021949524788503313,0.022727272727272728,0.0007777479387694151,76.57712272959215
2025-05-30,TSLA,0.022823687991746968,0.022727272727272728,-9.641526447424012e-05,-9.493054462261874
2025-05-30,UNH,0.02283415380808472,0.022727272727272728,-0.00010688108081199216,-10.523519555399226
2025-05-30,UPS,0.02286328718957733,0.022727272727272728,-0.00013601446230460112,-13.391994570090292
2025-05-30,V,0.023091284647545413,0.022727272727272728,-0.00036401192027268534,-35.840642069538475
2025-05-30,WFC,0.02295317913957052,0.022727272727272728,-0.00022590641229779107,-22.242762979611875
2025-05-30,WMT,0.022906900148543418,0.022727272727272728,-0.00017962742127069012,-17.68612991248819
2025-05-30,XOM,0.022196257654239958,0.022727272727272728,0.0005310150730327701,52.283785519552005
2025-06-06,AAPL,0.02278217555710499,0.022727272727272728,-5.490282983226097e-05,-5.475059278507707
2025-06-06,ABBV,0.02288771435193309,0.022727272727272728,-0.00016044162466036238,-15.9996744874415
2025-06-06,ABT,0.022439194709235163,0.022727272727272728,0.00028807801803756514,28.727922229318146
2025-06-06,ADBE,0.022538122917967043,0.022727272727272728,0.00018914980930568454,18.86253261682566
2025-06-06,AMGN,0.022606604920752976,0.022727272727272728,0.00012066780651975167,12.03332133738091
2025-06-06,AMZN,0.023376123636943597,0.022727272727272728,-0.0006488509096708693,-64.70517465520888
2025-06-06,AVGO,0.022889701682445297,0.022727272727272728,-0.0001624289551725687,-16.19785648267853
2025-06-06,BA,0.02281585059848292,0.022727272727272728,-8.857787121019367e-05,-8.833225848676802
2025-06-06,BAC,0.02300107212888432,0.022727272727272728,-0.00027379940161159286,-27.304019825997297
2025-06-06,BLK,0.022768905005601383,0.022727272727272728,-4.163227832865504e-05,-4.151683846627169
2025-06-06,BRK-B,0.021974791501766237,0.022727272727272728,0.0007524812255064912,75.03947115657267
2025-06-06,CAT,0.022782197163123147,0.022727272727272728,-5.492443585041959e-05,-5.477213889309233
2025-06-06,COP,0.022930836108471773,0.022727272727272728,-0.0002035633811990449,-20.299893145823564
2025-06-06,COST,0.021894709032370452,0.022727272727272728,0.000832563694902276,83.02551246720769
2025-06-06,CRM,0.02321205955105421,0.022727272727272728,-0.00048478682378148147,-48.344258497281466
2025-06-06,CSCO,0.02351416692754158,0.022727272727272728,-0.0007868942002688534,-78.47122644768174
2025-06-06,CVX,0.02301535797987701,0.022727272727272728,-0.00028808525260428167,-28.728643679956456
2025-06-06,DE,0.02304775655925276,0.022727272727272728,-0.00032048383198003336,-31.959517993058736
2025-06-06,GS,0.022945562666509385,0.022727272727272728,-0.00021828993923665718,-21.768465503034445
2025-06-06,HD,0.02251978614817318,0.022727272727272728,0.00020748657909954935,20.691125093834327
2025-06-06,HON,0.022648073878326156,0.022727272727272728,7.919884894657184e-05,7.897924279984267
2025-06-06,INTC,0.023024565291549042,0.022727272727272728,-0.00029729256427631426,-29.646821802178728
2025-06-06,JPM,0.022586239933408782,0.022727272727272728,0.00014103279386394607,14.064173176096267
2025-06-06,KO,0.02220577907570362,0.022727272727272728,0.000521493651569109,52.00476304098612
2025-06-06,LLY,0.02341899336045114,0.022727272727272728,-0.0006917206331784123,-68.98025989533461
2025-06-06,LMT,0.022561438565301847,0.022727272727272728,0.00016583416197088127,16.537432951383312
2025-06-06,MA,0.02261239670957123,0.022727272727272728,0.00011487601770149639,11.455748428927425
2025-06-06,MRK,0.023061208619243333,0.022727272727272728,-0.0003339358919706055,-33.30099394414254
2025-06-06,MS,0.023103449868108708,0.022727272727272728,-0.00037617714083598014,-37.513405986339784
2025-06-06,NKE,0.023412216467492326,0.022727272727272728,-0.0006849437402195978,-68.3044497269522
2025-06-06,NVDA,0.023533503768681904,0.022727272727272728,-0.0008062310414091757,-80.39954875503469
2025-06-06,ORCL,0.023590098587582663,0.022727272727272728,-0.0008628258603099355,-86.0433377780186
2025-06-06,PEP,0.022440351248740966,0.022727272727272728,0.00028692147853176184,28.612588969237475
2025-06-06,PG,0.021663883988505033,0.022727272727272728,0.0010633887387676948,106.0440126426706
2025-06-06,QCOM,0.023202079253762765,0.022727272727272728,-0.0004748065264900368,-47.348996150063044
2025-06-06,RTX,0.02286995853860843,0.022727272727272728,-0.00014268581133570352,-14.229016567118764
2025-06-06,SLB,0.023189687462166684,0.022727272727272728,-0.000462414734893956,-46.11325304241744
2025-06-06,TSLA,0.019115350743294998,0.022727272727272728,0.0036119219839777297,360.1906683506345
2025-06-06,UNH,0.02253656226112582,0.022727272727272728,0.00019071046614690945,19.018165554967844
2025-06-06,UPS,0.022602531978876603,0.022727272727272728,0.0001247407483961245,12.439486161292308
2025-06-06,V,0.022748262273296876,0.022727272727272728,-2.0989546024148542e-05,-2.093134526258107
2025-06-06,WFC,0.02290430795688562,0.022727272727272728,-0.00017703522961289367,-17.654433832940004
2025-06-06,WMT,0.02215506702638824,0.022727272727272728,0.0005722057008844886,57.06190630636223
2025-06-06,XOM,0.02287130399543685,0.022727272727272728,-0.00014403126816412218,-14.36318917561219
2025-06-13,AAPL,0.021743415466645964,0.023255813953488358,0.0015123984868423944,151.86722647036638
2025-06-13,ABBV,0.02271882709949723,0.023255813953488358,0.0005369868539911275,53.92143993541197
2025-06-13,ABT,0.02291489066049982,0.023255813953488358,0.0003409232929885396,34.23375214650624
2025-06-13,ADBE,0.021203824033008942,0.023255813953488358,0.0020519899204794155,206.0502048100972
2025-06-13,AMGN,0.02295035774551795,0.023255813953488358,0.00030545620797040735,30.672331079537315
2025-06-13,AMZN,0.02241485660907124,0.023255813953488358,0.0008409573444171162,84.44458295059178
2025-06-13,AVGO,0.02273199161360054,0.023255813953488358,0.0005238223398878195,52.59952758090182
2025-06-13,BA,0.02144812149505566,0.023255813953488358,0.0018076924584326977,181.5191183817815
2025-06-13,BAC,0.022128535259539603,0.023255813953488358,0.001127278693948755,113.19549060549585
2025-06-13,BLK,0.022177018533258343,0.023255813953488358,0.0010787954202300144,108.32705125308593
2025-06-13,BRK-B,0.022296271858919525,0.023255813953488358,0.0009595420945688327,96.3522496560923
2025-06-13,CAT,0.022806545672290013,0.023255813953488358,0.00044926828119834505,45.11319496831221
2025-06-13,COP,0.025090654920347285,0.023255813953488358,-0.001834840966858927,-184.24523105206515
2025-06-13,COST,0.02202026317655887,0.023255813953488358,0.001235550776929488,124.06761266162349
2025-06-13,CRM,0.021245636520259296,0.023255813953488358,0.002010177433229062,201.85161130066027
2025-06-13,CSCO,0.021897132526547538,0.023255813953488358,0.00135868142694082,136.4317550972295
2025-06-13,CVX,0.023487761665535605,0.023255813953488358,-0.00023194771204724726,-23.290988467137637
2025-06-13,DE,0.022118790433165482,0.023255813953488358,0.001137023520322876,114.1740156217188
2025-06-13,GS,0.022553300042843952,0.023255813953488358,0.0007025139106444055,70.5428100428499
2025-06-13,HD,0.02179171545646731,0.023255813953488358,0.0014640984970210463,147.01719153808503
2025-06-13,HON,0.022127248143924656,0.023255813953488358,0.0011285658095637023,113.32473609224375
2025-06-13,INTC,0.022660217938021084,0.023255813953488358,0.0005955960154672736,59.80666851542687
2025-06-13,JPM,0.022503959354560087,0.023255813953488358,0.0007518545989282713,75.49734652711606
2025-06-13,KO,0.02262554661899326,0.023255813953488358,0.0006302673344950986,63.28818288127252
2025-06-13,LLY,0.02402078896274357,0.023255813953488358,-0.0007649750092552123,-76.81483020872552
2025-06-13,LMT,0.022793245200077212,0.023255813953488358,0.000462568753411146,46.44875953233226
2025-06-13,MA,0.02149585525067285,0.023255813953488358,0.0017599587028155096,176.7259417569281
2025-06-13,MRK,0.023353321471570633,0.023255813953488358,-9.750751808227515e-05,-9.791200176403887
2025-06-13,MS,0.02217126576504034,0.023255813953488358,0.0010845481884480188,108.90471445587
2025-06-13,NKE,0.02175437523338422,0.023255813953488358,0.0015014387201041368,150.7667034324358
2025-06-13,NVDA,0.02261159146478904,0.023255813953488358,0.000644222488699317,64.68948722162907
2025-06-13,ORCL,0.027913798932335573,0.0,-0.027913798932335573,-2802.959181052817
2025-06-13,PEP,0.022712543139959795,0.023255813953488358,0.0005432708135285624,54.55244262055397
2025-06-13,PG,0.02205555827226212,0.023255813953488358,0.0012002556812262394,120.52346187127885
2025-06-13,QCOM,0.023398968550571206,0.023255813953488358,-0.00014315459708284795,-14.374843537991765
2025-06-13,RTX,0.023639494180523888,0.023255813953488358,-0.0003836802270355301,-38.52718211392824
2025-06-13,SLB,0.024189505110561525,0.023255813953488358,-0.0009336911570731674,-93.75643234122441
2025-06-13,TSLA,0.0248773927384708,0.023255813953488358,-0.0016215787849824422,-162.83054679102776
2025-06-13,UNH,0.023337633117917922,0.023255813953488358,-8.181916442956405e-05,-8.215856920078771
2025-06-13,UPS,0.02297222018858542,0.023255813953488358,0.00028359376490293825,28.47701772699968
2025-06-13,V,0.021511259694366857,0.023255813953488358,0.0017445542591215009,175.17910726887442
2025-06-13,WFC,0.02139630488981383,0.023255813953488358,0.0018595090636745262,186.72227362932205
2025-06-13,WMT,0.02186858152821516,0.023255813953488358,0.0013872324252731973,139.298698543299
2025-06-13,XOM,0.024269413464008766,0.023255813953488358,-0.0010135995105204076,-101.78041551458945
2025-06-20,AAPL,0.023865649784606664,0.022727272727272728,-0.0011383770573339357,-113.96090669690939
2025-06-20,ABBV,0.022619834374326613,0.022727272727272728,0.00010743835294611467,10.755462820409038
2025-06-20,ABT,0.022873074108250378,0.022727272727272728,-0.0001458013809776497,-14.5959174658598
2025-06-20,ADBE,0.022446415650766414,0.022727272727272728,0.0002808570765063141,28.11610343400819
2025-06-20,AMGN,0.022860029255097218,0.022727272727272728,-0.0001327565278244902,-13.290020370091113
2025-06-20,AMZN,0.023060368052232175,0.022727272727272728,-0.00033309532495944677,-33.34558176864675
2025-06-20,AVGO,0.02350157955719291,0.022727272727272728,-0.0007743068299201836,-77.51448242111654
2025-06-20,BA,0.023142592097025586,0.022727272727272728,-0.0004153193697528576,-41.57688495292699
2025-06-20,BAC,0.02407135495568684,0.022727272727272728,-0.0013440822284141105,-134.55368626630906
2025-06-20,BLK,0.02338828886544989,0.022727272727272728,-0.0006610161381771611,-66.17315235110297
2025-06-20,BRK-B,0.023196706929702108,0.022727272727272728,-0.00046943420242938,-46.99422480340765
2025-06-20,CAT,0.023552090905349835,0.022727272727272728,-0.0008248181780771066,-82.57108383218804
2025-06-20,COP,0.022779320671543077,0.022727272727272728,-5.204794427034892e-05,-5.21042732067221
2025-06-20,COST,0.02309172621531226,0.022727272727272728,-0.0003644534880395331,-36.484791816788025
2025-06-20,CRM,0.023564015429509526,0.022727272727272728,-0.0008367427022367979,-83.7648267808998
2025-06-20,CSCO,0.02413701163738145,0.022727272727272728,-0.0014097389101087217,-141.12646013628822
2025-06-20,CVX,0.023907299513623543,0.022727272727272728,-0.001180026786350815,-118.13038714441616
2025-06-20,DE,0.023865068530826716,0.022727272727272728,-0.0011377958035539877,-113.90271841266988
2025-06-20,EOG,0.0,0.022727272727272728,0.022727272727272728,2275.1869339441323
2025-06-20,GS,0.02436176459974929,0.022727272727272728,-0.0016344918724765616,-163.62608028344826
2025-06-20,HD,0.022993929584304858,0.022727272727272728,-0.0002666568570321298,-26.69454466650885
2025-06-20,HON,0.023066452793459116,0.022727272727272728,-0.00033918006618638766,-33.95471441302931
2025-06-20,INTC,0.024414078839648013,0.022727272727272728,-0.0016868061123752852,-168.86316598682723
2025-06-20,JPM,0.02421017037497602,0.022727272727272728,-0.0014828976477032907,-148.4502515069647
2025-06-20,KO,0.022609421911179397,0.022727272727272728,0.000117850816093331,11.797836024928781
2025-06-20,LLY,0.021713268383708437,0.022727272727272728,0.0010140043435642905,101.5101750713631
2025-06-20,LMT,0.022563473806627262,0.022727272727272728,0.00016379892064546583,16.397619218055485
2025-06-20,MA,0.0221193526596318,0.022727272727272728,0.000607920067640929,60.85779897027928
2025-06-20,MRK,0.02279488545066085,0.022727272727272728,-6.761272338812185e-05,-6.7685897321254815
2025-06-20,MS,0.023905432835429882,0.022727272727272728,-0.0011781601081571544,-117.94351730362798
2025-06-20,NKE,0.023040241859770234,0.022727272727272728,-0.00031296913249750577,-31.33078436339082
2025-06-20,NVDA,0.02363428462491571,0.022727272727272728,-0.0009070118976429835,-90.7993512117643
2025-06-20,PEP,0.023008100358822735,0.022727272727272728,-0.0002808276315500076,-28.113155751694386
2025-06-20,PG,0.023150771618929953,0.022727272727272728,-0.00042349889165722507,-42.395722372886965
2025-06-20,QCOM,0.022812826424974564,0.022727272727272728,-8.555369770183591e-05,-8.56462882712022
2025-06-20,RTX,0.023477503692202233,0.022727272727272728,-0.0007502309649295054,-75.104290309308
2025-06-20,SLB,0.023029818930988554,0.022727272727272728,-0.0003025462037158262,-30.287363462780487
2025-06-20,TSLA,0.023099543744393367,0.022727272727272728,-0.00037227101712063865,-37.26739077771465
2025-06-20,UNH,0.0226278578208576,0.022727272727272728,9.941490641512951e-05,9.952249829059179
2025-06-20,UPS,0.0231551309419332,0.022727272727272728,-0.00042785821466047314,-42.83212646135158
2025-06-20,V,0.02238141531499213,0.022727272727272728,0.0003458574122805966,34.623171678855854
2025-06-20,WFC,0.024305358669912538,0.022727272727272728,-0.0015780859426398099,-157.9793827627402
2025-06-20,WMT,0.023740340961983804,0.022727272727272728,-0.0010130682347110759,-101.41646287557343
2025-06-20,XOM,0.02386214726206481,0.022727272727272728,-0.0011348745347920831,-113.61027538189441
2025-06-27,AAPL,0.022170995734865213,0.02380952380952379,0.0016385280746585781,168.20405139321232
2025-06-27,ABBV,0.021804567451433415,0.02380952380952379,0.0020049563580903755,205.81995970234004
2025-06-27,ABT,0.0223938153597549,0.02380952380952379,0.0014157084497688904,145.33037335497005
2025-06-27,ADBE,0.022686065473240445,0.02380952380952379,0.0011234583362833457,115.32926817486032
2025-06-27,AMGN,0.021227682155390056,0.02380952380952379,0.0025818416541337347,265.0404549043431
2025-06-27,AMZN,0.023600619632163904,0.02380952380952379,0.00020890417735988653,21.445179688008064
2025-06-27,AVGO,0.023878486149301794,0.02380952380952379,-6.896233977800315e-05,-7.07936905300354
2025-06-27,BA,0.023923999735895287,0.02380952380952379,-0.00011447592637149617,-11.751592725494792
2025-06-27,BAC,0.022951247207014802,0.02380952380952379,0.0008582766025089887,88.10688323915062
2025-06-27,BLK,0.023831094795800502,0.02380952380952379,-2.1570986276711612e-05,-2.2143821277193045
2025-06-27,BRK-B,0.022200114231292842,0.02380952380952379,0.0016094095782309484,165.21487522628783
2025-06-27,CAT,0.023649205155852622,0.02380952380952379,0.00016031865367116885,16.457604528390448
2025-06-27,COP,0.021104267790265727,0.02380952380952379,0.0027052560192580635,277.70962825272096
2025-06-27,COST,0.022271826353258688,0.02380952380952379,0.0015376974562651032,157.85322568532848
2025-06-27,CRM,0.023249751248446564,0.02380952380952379,0.0005597725610772264,57.46377745255495
2025-06-27,CSCO,0.022940793331040234,0.02380952380952379,0.0008687304784835564,89.1800319504114
2025-06-27,CVX,0.021308587948040393,0.02380952380952379,0.0025009358614833978,256.73502375828144
2025-06-27,DE,0.021820422075027185,0.02380952380952379,0.001989101734496606,204.19239410671108
2025-06-27,EOG,0.02136283745752319,0.02380952380952379,0.0024466863520006023,251.16600884652775
2025-06-27,GS,0.023891781554745445,0.0,-0.023891781554745445,-2452.624715232411
2025-06-27,HD,0.023374181409421366,0.02380952380952379,0.00043534240010242517,44.69032699102881
2025-06-27,HON,0.022866609029679352,0.02380952380952379,0.0009429147798444386,96.79546450336015
2025-06-27,INTC,0.023854828705560768,0.02380952380952379,-4.530489603697674e-05,-4.650800422175044
2025-06-27,JPM,0.0231381161441639,0.02380952380952379,0.000671407665359891,68.92374393616899
2025-06-27,KO,0.02264186132193668,0.02380952380952379,0.0011676624875871094,119.86707100697896
2025-06-27,LLY,0.022531776087494963,0.02380952380952379,0.0012777477220288283,131.16793470168685
2025-06-27,LMT,0.02159841942052266,0.02380952380952379,0.002211104389001132,226.9822055754525
2025-06-27,MA,0.02288363026055007,0.02380952380952379,0.0009258935489737212,95.04814015998541
2025-06-27,MRK,0.02217338832899976,0.02380952380952379,0.0016361354805240307,167.95843825237287
2025-06-27,MS,0.02349481435555255,0.0,-0.02349481435555255,-2411.8738167845004
2025-06-27,NKE,0.026702847774280277,0.02380952380952379,-0.0028933239647564862,-297.0158524543564
2025-06-27,NVDA,0.02430367008098172,0.02380952380952379,-0.0004941462714579299,-50.72687256664379
2025-06-27,PEP,0.022500433183237287,0.02380952380952379,0.0013090906262865042,134.3854587466558
2025-06-27,PG,0.022270838161933277,0.02380952380952379,0.001538685647590514,157.95466903992
2025-06-27,QCOM,0.02321960923374958,0.02380952380952379,0.00058991457577421,60.55802348202432
2025-06-27,RTX,0.02186293410424366,0.02380952380952379,0.0019465897052801315,199.82829705048724
2025-06-27,SLB,0.02103057127929687,0.02380952380952379,0.002778952530226919,285.2749863995985
2025-06-27,TSLA,0.022263301075046503,0.02380952380952379,0.0015462227344772879,158.72839307288913
2025-06-27,UNH,0.022683191425184938,0.02380952380952379,0.0011263323843388531,115.62430524765253
2025-06-27,UPS,0.022588585285853686,0.02380952380952379,0.001220938523670105,125.336153441345
2025-06-27,V,0.022819371765604536,0.02380952380952379,0.0009901520439192547,101.64463328905259
2025-06-27,WFC,0.02336727897217043,0.02380952380952379,0.0004422448373533616,45.3989006969367
2025-06-27,WMT,0.02242732905099481,0.02380952380952379,0.0013821947585289825,141.8900059112396
2025-06-27,XOM,0.02113425270318728,0.02380952380952379,0.0026752711063365124,274.63150959727557
2025-07-03,AAPL,0.024758055605732337,0.02499999999999999,0.00024194439426765413,25.364054491033162
2025-07-03,ABBV,0.024203606667365027,0.02499999999999999,0.0007963933326349641,83.48928251217293
2025-07-03,ABT,0.023322741450573645,0.02499999999999999,0.0016772585494263456,175.83411003165605
2025-07-03,ADBE,0.022918392435259873,0.02499999999999999,0.0020816075647401185,218.22372806293137
2025-07-03,AMGN,0.025088122808037513,0.02499999999999999,-8.812280803752182e-05,-9.238286804421238
2025-07-03,AMZN,0.023323822437317083,0.02499999999999999,0.0016761775626829081,175.72078561780623
2025-07-03,AVGO,0.023816924651361,0.02499999999999999,0.0011830753486389914,124.02679425868884
2025-07-03,BA,0.023461197887140257,0.02499999999999999,0.0015388021128597343,161.3191359925187
2025-07-03,BAC,0.024207823298407802,0.0,-0.024207823298407802,-2537.8085369932674
2025-07-03,BLK,0.024076127452215018,0.02499999999999999,0.0009238725477849728,96.85346798679889
2025-07-03,BRK-B,0.023279699236427916,0.02499999999999999,0.0017203007635720746,180.34640744739718
2025-07-03,CAT,0.024109190706306318,0.0,-0.024109190706306318,-2527.468465059688
2025-07-03,COP,0.02421980849815874,0.02499999999999999,0.0007801915018412521,81.79077604191515
2025-07-03,COST,0.02335682547100675,0.02499999999999999,0.0016431745289932423,172.26093796393562
2025-07-03,CRM,0.023204055963270978,0.02499999999999999,0.001795944036729013,188.27641181075592
2025-07-03,CSCO,0.023698497348648012,0.02499999999999999,0.0013015026513519788,136.44202945490215
2025-07-03,CVX,0.024054884619671035,0.02499999999999999,0.0009451153803289557,99.08044399845807
2025-07-03,DE,0.023733738862556975,0.02499999999999999,0.0012662611374430165,132.74751244888063
2025-07-03,EOG,0.02376584931186959,0.02499999999999999,0.0012341506881303997,129.3812381916818
2025-07-03,HD,0.02349820925340199,0.02499999999999999,0.0015017907465980015,157.43907787630684
2025-07-03,HON,0.02448890528380076,0.02499999999999999,0.000511094716199232,53.580221484344385
2025-07-03,INTC,0.023106852109333432,0.02499999999999999,0.0018931478906665591,198.46670307777688
2025-07-03,JPM,0.024149964793279317,0.0,-0.024149964793279317,-2531.742985107717
2025-07-03,KO,0.023650440178281783,0.02499999999999999,0.0013495598217182075,141.48006594896302
2025-07-03,LLY,0.02346926498336516,0.02499999999999999,0.0015307350166348307,160.47342816427076
2025-07-03,LMT,0.023512118843059482,0.02499999999999999,0.0014878811569405091,155.98087674257752
2025-07-03,MA,0.02411381589758535,0.02499999999999999,0.0008861841024146409,92.90242880298581
2025-07-03,MRK,0.023851675427151553,0.02499999999999999,0.001148324572848438,120.3837234058788
2025-07-03,NKE,0.02472000694979422,0.02499999999999999,0.0002799930502057693,29.35285607267802
2025-07-03,NVDA,0.023547308364433955,0.02499999999999999,0.0014526916355660363,152.29181033392118
2025-07-03,PEP,0.02408444065243063,0.02499999999999999,0.000915559347569362,95.98196003596637
2025-07-03,PG,0.023453794462580044,0.02499999999999999,0.0015462055374199472,162.0952683122358
2025-07-03,QCOM,0.023851991102789648,0.02499999999999999,0.0011480088972103432,120.35062979314863
2025-07-03,RTX,0.023487990257158652,0.02499999999999999,0.0015120097428413387,158.510378487938
2025-07-03,SLB,0.024436487984238586,0.02499999999999999,0.0005635120157614047,59.075348769240115
2025-07-03,TMO,0.0,0.02499999999999999,0.02499999999999999,2620.855772233127
2025-07-03,TSLA,0.02271589767862629,0.02499999999999999,0.0022841023213737016,239.45211013373412
2025-07-03,UNH,0.023270103298799194,0.02499999999999999,0.001729896701200797,181.3523901883662
2025-07-03,UPS,0.02399203289433545,0.02499999999999999,0.0010079671056645416,105.66945628408132
2025-07-03,V,0.02399778358624036,0.02499999999999999,0.001002216413759631,105.06658692114854
2025-07-03,WFC,0.024514610240847192,0.02499999999999999,0.0004853897591527989,50.88546208233843
2025-07-03,WMT,0.023573571907480734,0.02499999999999999,0.0014264280925192566,149.53849199818336
2025-07-03,XOM,0.023913369139659593,0.02499999999999999,0.0010866308603403978,113.91611050439126
2025-07-11,AAPL,0.024800737861335742,0.024390243902439015,-0.00041049395889672727,-42.887855620919225
2025-07-11,ABBV,0.025501498460649256,0.024390243902439015,-0.001111254558210241,-116.10237865303007
2025-07-11,ABT,0.024629967219101042,0.024390243902439015,-0.00023972331666202717,-25.045969060303484
2025-07-11,ADBE,0.02402610756130852,0.024390243902439015,0.0003641363411304964,38.044474190821106
2025-07-11,AMGN,0.024831669943721126,0.024390243902439015,-0.0004414260412821114,-46.11959790274044
2025-07-11,AMZN,0.02526219294082209,0.024390243902439015,-0.0008719490383830748,-91.10006044298649
2025-07-11,AVGO,0.02500852666682099,0.024390243902439015,-0.0006182827643819756,-64.59734999020566
2025-07-11,BA,0.026349919852672564,0.024390243902439015,-0.001959675950233549,-204.74430231151987
2025-07-11,BLK,0.025533172164318805,0.024390243902439015,-0.00114292826187979,-119.41160452717054
2025-07-11,BRK-B,0.02460877429910255,0.024390243902439015,-0.00021853039666353685,-22.83176133962516
2025-07-11,COP,0.02559817109509318,0.024390243902439015,-0.0012079271926541645,-126.2026052182838
2025-07-11,COST,0.024657329073308268,0.024390243902439015,-0.000267085170869253,-27.904698713509834
2025-07-11,CRM,0.02378382534486361,0.024390243902439015,0.0006064185575754034,63.35779365192346
2025-07-11,CSCO,0.024568029591761586,0.024390243902439015,-0.000177785689322571,-18.574809226486806
2025-07-11,CVX,0.02625462805432565,0.024390243902439015,-0.0018643841518866354,-194.7883436407898
2025-07-11,DE,0.024669331959565482,0.024390243902439015,-0.000279088057126467,-29.158744093902918
2025-07-11,EOG,0.02505903938385706,0.024390243902439015,-0.0006687954814180441,-69.87485059237233
2025-07-11,GE,0.0,0.024390243902439015,0.024390243902439015,2548.2598132704206
2025-07-11,HD,0.024972799488982157,0.024390243902439015,-0.0005825555865431424,-60.86462259754683
2025-07-11,HON,0.024615080936340513,0.024390243902439015,-0.00022483703390149823,-23.4906702990704
2025-07-11,INTC,0.026129757430695632,0.024390243902439015,-0.001739513528256617,-181.74202916655975
2025-07-11,KO,0.024561186913150203,0.024390243902439015,-0.00017094301071118867,-17.85989538674587
2025-07-11,LLY,0.025477906440200527,0.024390243902439015,-0.001087662537761512,-113.63751615047272
2025-07-11,LMT,0.025352041993123662,0.024390243902439015,-0.0009617980906846471,-100.48736834184818
2025-07-11,MA,0.024274438881425667,0.024390243902439015,0.00011580502101334739,12.099152530153244
2025-07-11,MRK,0.02583454001971975,0.024390243902439015,-0.001444296117280735,-150.89811191928902
2025-07-11,NKE,0.023846908076229658,0.024390243902439015,0.0005433358262093568,56.76699489261482
2025-07-11,NVDA,0.025959784190882584,0.024390243902439015,-0.0015695402884435689,-163.9834541363341
2025-07-11,PEP,0.025059208468246656,0.024390243902439015,-0.0006689645658076414,-69.89251630152987
2025-07-11,PG,0.024491957307187884,0.024390243902439015,-0.00010171340474886964,-10.626879453490588
2025-07-11,QCOM,0.024346980837082928,0.024390243902439015,4.3263065356086844e-05,4.520066764678124
2025-07-11,RTX,0.02527418051190071,0.024390243902439015,-0.0008839366094616948,-92.35250571415966
2025-07-11,SLB,0.026249331078017833,0.024390243902439015,-0.0018590871755788177,-194.23492269465046
2025-07-11,TMO,0.025404504849927644,0.024390243902439015,-0.0010142609474886287,-105.96861691884901
2025-07-11,TSLA,0.02493509933485107,0.024390243902439015,-0.0005448554324120544,-56.92576130076638
2025-07-11,UNH,0.024719712344404756,0.024390243902439015,-0.0003294684419657412,-34.422418806486775
2025-07-11,UPS,0.02439256404980184,0.024390243902439015,-2.320147362826902e-06,-0.24240586970784284
2025-07-11,V,0.024317521146548986,0.024390243902439015,7.272275589002841e-05,7.597975530138204
2025-07-11,WFC,0.024766427817954385,0.024390243902439015,-0.00037618391551537053,-39.3031885265679
2025-07-11,WMT,0.024071660365222677,0.024390243902439015,0.00031858353721633814,33.28517862737539
2025-07-11,XOM,0.025803486045474548,0.024390243902439015,-0.0014132421430355334,-147.65363454022236
2025-07-18,AAPL,0.0246297072442273,0.024390243902439015,-0.00023946334178828396,-24.77659574597508
2025-07-18,ABBV,0.02442834046147114,0.024390243902439015,-3.809655903212403e-05,-3.9417433808559434
2025-07-18,ABT,0.023173293379945125,0.024390243902439015,0.0012169505224938898,125.91443397354058
2025-07-18,ADBE,0.024792755496202915,0.024390243902439015,-0.0004025115937639004,-41.64673794026305
2025-07-18,AMGN,0.024584840192526144,0.024390243902439015,-0.00019459629008712967,-20.13432860808428
2025-07-18,AMZN,0.024748859725732833,0.024390243902439015,-0.00035861582329381816,-37.10496652851643
2025-07-18,AVGO,0.025431594091338945,0.024390243902439015,-0.0010413501888999303,-107.74556334046245
2025-07-18,BA,0.024898793321394688,0.024390243902439015,-0.0005085494189556727,-52.618172268953515
2025-07-18,BLK,0.02467096615614367,0.024390243902439015,-0.0002807222537046551,-29.045538849485787
2025-07-18,BRK-B,0.02452076351614446,0.024390243902439015,-0.00013051961370544665,-13.504495851226359
2025-07-18,COP,0.02360477594165415,0.024390243902439015,0.0007854679607848664,81.27015179211955
2025-07-18,COST,0.024135505098621814,0.024390243902439015,0.0002547388038172012,26.35710466519869
2025-07-18,CRM,0.025038676736618224,0.024390243902439015,-0.0006484328341792092,-67.09151422049187
2025-07-18,CSCO,0.024663615105775877,0.024390243902439015,-0.00027337120333686266,-28.284946426817083
2025-07-18,CVX,0.02379171349607462,0.024390243902439015,0.0005985304063643934,61.928250935694244
2025-07-18,DE,0.024022280002868004,0.024390243902439015,0.00036796389957101036,38.07218558255981
2025-07-18,EOG,0.023749446840191032,0.024390243902439015,0.000640797062247983,66.30146246168981
2025-07-18,GE,0.02538426536269671,0.024390243902439015,-0.0009940214602576943,-102.84859344109304
2025-07-18,HD,0.023917309375233283,0.024390243902439015,0.0004729345272057317,48.9331999937185
2025-07-18,HON,0.024691047989421025,0.024390243902439015,-0.00030080408698201014,-31.123349428906337
2025-07-18,INTC,0.024280511050174754,0.024390243902439015,0.00010973285226426044,11.353748345365354
2025-07-18,KO,0.024620323831645145,0.024390243902439015,-0.0002300799292061298,-23.805720544244707
2025-07-18,LLY,0.023965891821605502,0.024390243902439015,0.00042435208083351286,43.906511461244875
2025-07-18,LMT,0.02444036939504378,0.024390243902439015,-5.0125492604764094e-05,-5.186343168693167
2025-07-18,MA,0.024738387013941973,0.024390243902439015,-0.0003481431115029583,-36.0213846137712
2025-07-18,MRK,0.023622900027291723,0.024390243902439015,0.0007673438751472916,79.39490383243542
2025-07-18,NKE,0.02457312572697417,0.024390243902439015,-0.00018288182453515475,-18.9222659383081
2025-07-18,NVDA,0.025745851659119464,0.024390243902439015,-0.0013556077566804492,-140.2609064358382
2025-07-18,PEP,0.026080332858239314,0.024390243902439015,-0.0016900889558002993,-174.8687315556787
2025-07-18,PG,0.02448791657210518,0.024390243902439015,-9.76726696661663e-05,-10.105915309109609
2025-07-18,QCOM,0.02421134117298037,0.024390243902439015,0.0001789027294586444,18.51056020744654
2025-07-18,RTX,0.025403743916053392,0.024390243902439015,-0.0010135000136143775,-104.86398435074484
2025-07-18,SLB,0.021993679629952988,0.024390243902439015,0.002396564272486027,247.96573753293515
2025-07-18,TMO,0.023488489572293037,0.024390243902439015,0.0009017543301459777,93.30197404479122
2025-07-18,TSLA,0.025895231093087046,0.024390243902439015,-0.0015049871906480314,-155.7167746306854
2025-07-18,UNH,0.022890259469053445,0.024390243902439015,0.0014999844333855698,155.1991534641987
2025-07-18,UPS,0.02412884854273325,0.024390243902439015,0.00026139535970576624,27.045839705308847
2025-07-18,V,0.0247066540059321,0.024390243902439015,-0.00031641010349308524,-32.73805988693452
2025-07-18,WFC,0.02405755709793849,0.024390243902439015,0.00033268680450052393,34.42216417583218
2025-07-18,WMT,0.024796948279005443,0.024390243902439015,-0.00040670437656642813,-42.08055333669543
2025-07-18,XOM,0.02299308773054711,0.024390243902439015,0.0013971561718919036,144.55980362775273
2025-07-25,AAPL,0.02425374404239611,0.022222222222222213,-0.002031521820173899,-214.0759637460216
2025-07-25,ABBV,0.024076630225183786,0.022222222222222213,-0.0018544080029615738,-195.41221584238374
2025-07-25,ABT,0.024503317645679625,0.022222222222222213,-0.002281095423457412,-240.3753168309478
2025-07-25,ADBE,0.024271631375095488,0.022222222222222213,-0.002049409152873275,-215.96087974763114
2025-07-25,AMGN,0.02490787093305263,0.022222222222222213,-0.0026856487108304176,-283.00598612574476
2025-07-25,AMZN,0.024509903720771376,0.022222222222222213,-0.0022876814985491635,-241.06933860249327
2025-07-25,AVGO,0.02452566968301864,0.022222222222222213,-0.002303447460796429,-242.73071064829185
2025-07-25,BA,0.0243360062639174,0.022222222222222213,-0.002113784041695186,-222.74452156173376
2025-07-25,BAC,0.0,0.022222222222222213,0.022222222222222213,2341.714271320628
2025-07-25,BLK,0.024374834104738164,0.022222222222222213,-0.0021526118825159514,-226.8360884655886
2025-07-25,BRK-B,0.02446664957568147,0.022222222222222213,-0.0022444273534592586,-236.51134040420715
2025-07-25,COP,0.024812543533984006,0.022222222222222213,-0.002590321311761793,-272.96065723763536
2025-07-25,COST,0.023557984338464972,0.022222222222222213,-0.0013357621162427592,-140.75879448128015
2025-07-25,CRM,0.0245618112592175,0.022222222222222213,-0.0023395890369952883,-246.53920666307195
2025-07-25,CSCO,0.024172790707175856,0.022222222222222213,-0.001950568484953643,-205.5453326281892
2025-07-25,CVX,0.024713683272535633,0.022222222222222213,-0.0024914610503134205,-262.54304540812893
2025-07-25,DE,0.0247889077420888,0.022222222222222213,-0.0025666855198665864,-270.46998503386175
2025-07-25,EOG,0.024092047501488675,0.022222222222222213,-0.0018698252792664627,-197.03684436004605
2025-07-25,GE,0.024704371627874828,0.022222222222222213,-0.002482149405652615,-261.5618109045036
2025-07-25,GS,0.0,0.022222222222222213,0.022222222222222213,2341.714271320628
2025-07-25,HD,0.02500968220300683,0.022222222222222213,-0.002787459980784616,-293.7345667982308
2025-07-25,HON,0.022702301155728646,0.022222222222222213,-0.0004800789335064337,-50.58934604785815
2025-07-25,INTC,0.02145950730050651,0.022222222222222213,0.0007627149217157014,80.37271877088845
2025-07-25,KO,0.023714433317673936,0.022222222222222213,-0.0014922110954517231,-157.24494081190304
2025-07-25,LLY,0.025219249471141247,0.022222222222222213,-0.002997027248919034,-315.8181666148728
2025-07-25,LMT,0.021738935129538887,0.022222222222222213,0.0004832870926833252,50.927412693671926
2025-07-25,MA,0.024621799847395105,0.022222222222222213,-0.0023995776251728926,-252.8606326504062
2025-07-25,MRK,0.02537016140209761,0.022222222222222213,-0.003147939179875398,-331.720834624361
2025-07-25,MS,0.0,0.022222222222222213,0.022222222222222213,2341.714271320628
2025-07-25,NKE,0.025203263946127666,0.022222222222222213,-0.002981041723905453,-314.1336576722243
2025-07-25,NVDA,0.02409896442773504,0.022222222222222213,-0.0018767422055128262,-197.76573028076123
2025-07-25,ORCL,0.0,0.022222222222222213,0.022222222222222213,2341.714271320628
2025-07-25,PEP,0.023982670465491927,0.022222222222222213,-0.0017604482432697147,-185.511004883371
2025-07-25,PG,0.024441647353383653,0.022222222222222213,-0.00221942513116144,-233.87667766957816
2025-07-25,QCOM,0.024504483789196473,0.022222222222222213,-0.00228226156697426,-240.4982017021593
2025-07-25,RTX,0.02479798207286543,0.022222222222222213,-0.002575759850643216,-271.42621207856604
2025-07-25,SLB,0.025492798825392297,0.022222222222222213,-0.003270576603170084,-344.64401581908294
2025-07-25,TMO,0.02761808170089124,0.022222222222222213,-0.005395859478669027,-568.6002516257978
2025-07-25,TSLA,0.0229603145000447,0.022222222222222213,-0.0007380922778224865,-77.77805492378103
2025-07-25,UNH,0.02381285568752424,0.022222222222222213,-0.001590633465302027,-167.6164088762075
2025-07-25,UPS,0.024995059912308423,0.022222222222222213,-0.0027728376900862106,-292.19371159187733
2025-07-25,V,0.024495742645431147,0.022222222222222213,-0.0022735204232089343,-239.5770849525275
2025-07-25,WFC,0.025040410550456638,0.022222222222222213,-0.002818188328234425,-296.97263223731005
2025-07-25,WMT,0.02455727755877112,0.022222222222222213,-0.002335055336548906,-246.06145826639855
2025-07-25,XOM,0.024531979184926028,0.022222222222222213,-0.0023097569627038156,-243.3955879280572
2025-08-01,AAPL,0.02179486876312262,0.021739130434782608,-5.573832834001105e-05,-5.6656886257070695
2025-08-01,ABBV,0.023631320547051412,0.021739130434782608,-0.0018921901122688038,-192.33730748722738
2025-08-01,ABT,0.02316985241828259,0.021739130434782608,-0.0014307219834999822,-145.43000319308285
2025-08-01,ADBE,0.0216081193702264,0.021739130434782608,0.00013101106455620792,13.317010402069311
2025-08-01,AMGN,0.022304577058191707,0.021739130434782608,-0.0005654466234090993,-57.47650850148851
2025-08-01,AMZN,0.0213723161266665,0.021739130434782608,0.00036681430811610904,37.28593438544511
2025-08-01,AVGO,0.022911100914190446,0.021739130434782608,-0.0011719704794078377,-119.12843482388749
2025-08-01,BA,0.02193039200882053,0.021739130434782608,-0.00019126157403792296,-19.441353137668855
2025-08-01,BAC,0.021706957869886304,0.021739130434782608,3.2172564896303796e-05,3.2702763147269307
2025-08-01,BLK,0.02238782241073658,0.021739130434782608,-0.0006486919759539703,-65.9382306431963
2025-08-01,BRK-B,0.022498982222116617,0.021739130434782608,-0.0007598517873340094,-77.23740120909106
2025-08-01,COP,0.022502078834401085,0.021739130434782608,-0.0007629483996184766,-77.55216560050422
2025-08-01,COST,0.02348538794433258,0.021739130434782608,-0.0017462575095499727,-177.50355283458927
2025-08-01,CRM,0.021461034885270163,0.021739130434782608,0.000278095549512445,28.26785156025913
2025-08-01,CSCO,0.022503521946402483,0.021739130434782608,-0.0007643915116198746,-77.69885502402023
2025-08-01,CVX,0.02252161657568151,0.021739130434782608,-0.0007824861408989026,-79.53813758497539
2025-08-01,DE,0.022303221175403554,0.021739130434782608,-0.0005640907406209462,-57.338685751517076
2025-08-01,EOG,0.022685082869935744,0.021739130434782608,-0.0009459524351531357,-96.15415660860063
2025-08-01,GE,0.022845905964454613,0.021739130434782608,-0.001106775529672005,-112.5014997116857
2025-08-01,GS,0.022420047924520993,0.021739130434782608,-0.0006809174897383849,-69.21388910557724
2025-08-01,HD,0.02293023663575414,0.021739130434782608,-0.0011911062009715319,-121.07354231521306
2025-08-01,HON,0.022362591454383792,0.021739130434782608,-0.000623461019601184,-63.373554832474554
2025-08-01,INTC,0.02148665162389888,0.021739130434782608,0.00025247881088372864,25.66396175949083
2025-08-01,JNJ,0.0,0.021739130434782608,0.021739130434782608,2209.738750788768
2025-08-01,KO,0.02293010790474826,0.021739130434782608,-0.0011909774699656525,-121.06045706817555
2025-08-01,LLY,0.021606028319703947,0.021739130434782608,0.0001331021150786614,13.52956146905815
2025-08-01,LMT,0.02302458711219135,0.021739130434782608,-0.001285456677408741,-130.6640778963925
2025-08-01,MA,0.022695675252822914,0.021739130434782608,-0.0009565448180403058,-97.23085095933332
2025-08-01,MRK,0.021559596528421307,0.021739130434782608,0.00017953390636130107,18.249259378484258
2025-08-01,MS,0.022557609644465165,0.021739130434782608,-0.0008184792096825565,-83.19676041212348
2025-08-01,NKE,0.022535040790154053,0.021739130434782608,-0.0007959103553714444,-80.90268190324365
2025-08-01,NVDA,0.023062543204213543,0.021739130434782608,-0.0013234127694309351,-134.52223807541006
2025-08-01,ORCL,0.022967558962380966,0.021739130434782608,-0.0012284285275983575,-124.8672815203901
2025-08-01,PEP,0.022363772997327874,0.021739130434782608,-0.0006246425625452655,-63.493656289020414
2025-08-01,PG,0.02192022672576915,0.021739130434782608,-0.00018109629098654254,-18.40807262358576
2025-08-01,QCOM,0.021548675225352042,0.021739130434782608,0.00019045520943056574,19.359387802142333
2025-08-01,RTX,0.023023057554441624,0.021739130434782608,-0.001283927119659016,-130.50860143696022
2025-08-01,SLB,0.021461846272756557,0.021739130434782608,0.00027728416202605147,28.18537565921204
2025-08-01,TMO,0.022297533248060143,0.021739130434782608,-0.0005584028132775351,-56.760519412246374
2025-08-01,TSLA,0.022054605538987283,0.021739130434782608,-0.00031547510420467523,-32.067407882828995
2025-08-01,UNH,0.019485647069735833,0.021739130434782608,0.0022534833650467746,229.06203773607956
2025-08-01,UPS,0.018794098640246792,0.021739130434782608,0.0029450317945358163,299.35654041977585
2025-08-01,V,0.02189211750804405,0.021739130434782608,-0.0001529870732614423,-15.550827351156187
2025-08-01,WFC,0.02124683474322149,0.021739130434782608,0.0004922956915611176,50.04086385849201
2025-08-01,WMT,0.023274373764695756,0.021739130434782608,-0.0015352433299131475,-156.0543871879571
2025-08-01,XOM,0.022874775448528405,0.021739130434782608,-0.0011356450137457973,-115.43602452465005
2025-08-08,AAPL,0.024226661751555367,0.021739130434782608,-0.0024875313167727585,-257.1115733105366
2025-08-08,ABBV,0.021687673470855488,0.021739130434782608,5.1456963927120486e-05,5.318598750447041
2025-08-08,ABT,0.022551710290558614,0.021739130434782608,-0.0008125798557760064,-83.98836378472961
2025-08-08,ADBE,0.020962878326337874,0.021739130434782608,0.0007762521084447339,80.23352290767531
2025-08-08,AMGN,0.020754904584690783,0.021739130434782608,0.000984225850091825,101.72971697028356
2025-08-08,AMZN,0.022168177247266992,0.021739130434782608,-0.0004290468124843842,-44.34633656184363
2025-08-08,AVGO,0.022587235255581806,0.021739130434782608,-0.0008481048207991983,-87.660228973854
2025-08-08,BA,0.022073344366601626,0.021739130434782608,-0.00033421393181901765,-34.544397191256735
2025-08-08,BAC,0.02154163899273328,0.021739130434782608,0.00019749144204932872,20.412742158577696
2025-08-08,BLK,0.022027250330908632,0.021739130434782608,-0.00028811989612602396,-29.780111428361035
2025-08-08,BRK-B,0.021041398701855642,0.021739130434782608,0.0006977317329269657,72.11764627521568
2025-08-08,COP,0.021642805779765455,0.021739130434782608,9.632465501715343e-05,9.956129369332253
2025-08-08,COST,0.022016509363436992,0.021739130434782608,-0.0002773789286543843,-28.66992357790478
2025-08-08,CRM,0.020505574477178247,0.021739130434782608,0.0012335559576043612,127.5005106016988
2025-08-08,CSCO,0.022868582827629626,0.021739130434782608,-0.0011294523928470183,-116.74035206961594
2025-08-08,CVX,0.021887504059015184,0.021739130434782608,-0.0001483736242325756,-15.335917866439802
2025-08-08,DE,0.02177845846612988,0.021739130434782608,-3.93280313472702e-05,-4.064950638700429
2025-08-08,EOG,0.021319100662803507,0.021739130434782608,0.000420029771979101,43.41433403577051
2025-08-08,GE,0.021824564697215453,0.021739130434782608,-8.54342624328451e-05,-8.8304969190226
2025-08-08,GS,0.021730268328007844,0.021739130434782608,8.862106774764483e-06,0.9159885547337663
2025-08-08,HD,0.022189609367527726,0.021739130434782608,-0.00045047893274511794,-46.56156341043139
2025-08-08,HON,0.021240302692304307,0.021739130434782608,0.0004988277424783014,51.55890292305236
2025-08-08,INTC,0.022086306388807778,0.021739130434782608,-0.00034717595402516954,-35.884153559443305
2025-08-08,JNJ,0.02214432316645161,0.021739130434782608,-0.0004051927316690018,-41.88077554278614
2025-08-08,KO,0.021837236865017144,0.021739130434782608,-9.810643023453608e-05,-10.140293896764744
2025-08-08,LLY,0.017544899518147593,0.021739130434782608,0.004194230916635015,433.5162747630387
2025-08-08,LMT,0.021612359882432985,0.021739130434782608,0.00012677055234962264,13.103021435060297
2025-08-08,MA,0.02192873945723162,0.021739130434782608,-0.0001896090224490117,-19.59801420268581
2025-08-08,MRK,0.02175523176409606,0.021739130434782608,-1.610132931345251e-05,-1.664235575350958
2025-08-08,MS,0.022006390378138976,0.021739130434782608,-0.0002672599433563676,-27.62402388902985
2025-08-08,NKE,0.021254586006697707,0.021739130434782608,0.0004845444280849008,50.082577615702775
2025-08-08,NVDA,0.022482838588339518,0.021739130434782608,-0.0007437081535569094,-76.8697753292885
2025-08-08,ORCL,0.021870191799157442,0.021739130434782608,-0.00013106136437483415,-13.546520346267243
2025-08-08,PEP,0.022287955631066957,0.021739130434782608,-0.0005488251962843492,-56.72664651000402
2025-08-08,PG,0.021783612401324984,0.021739130434782608,-4.448196654237638e-05,-4.59766207747479
2025-08-08,QCOM,0.021286887503851434,0.021739130434782608,0.00045224293093117443,46.74389050150187
2025-08-08,RTX,0.021111927789983307,0.021739130434782608,0.0006272026447993011,64.82775018812336
2025-08-08,SLB,0.02126134402281919,0.021739130434782608,0.0004777864119634191,49.384068155445455
2025-08-08,TMO,0.02127066083841546,0.021739130434782608,0.00046846959636714924,48.421080835426956
2025-08-08,TSLA,0.02328646282184433,0.021739130434782608,-0.0015473323870617214,-159.93248478492652
2025-08-08,UNH,0.02255738376356665,0.021739130434782608,-0.0008182533287840431,-84.57477472210977
2025-08-08,UPS,0.02192676079254206,0.021739130434782608,-0.00018763035775945167,-19.393499152782113
2025-08-08,V,0.021215871219644557,0.021739130434782608,0.0005232592151380513,54.08414324122903
2025-08-08,WFC,0.021522710075421,0.021739130434782608,0.00021642035936160833,22.36923761188493
2025-08-08,WMT,0.022515141719250526,0.021739130434782608,-0.000776011284467918,-80.20863130886305
2025-08-08,XOM,0.02082402356579075,0.021739130434782608,0.0009151068689918565,94.58556973627404
2025-08-15,AAPL,0.02148229140107047,0.02127659574468084,-0.00020569565638962894,-21.749121182989096
2025-08-15,ABBV,0.022177449426361413,0.02127659574468084,-0.0009008536816805732,-95.25128646323971
2025-08-15,ABT,0.020850009925593483,0.02127659574468084,0.0004265858190873571,45.1048254354066
2025-08-15,ADBE,0.022110254440419978,0.02127659574468084,-0.0008336586957391375,-88.14646024677702
2025-08-15,AMGN,0.021857901924787055,0.02127659574468084,-0.0005813061801062148,-61.46410078588319
2025-08-15,AMZN,0.022046244392456473,0.02127659574468084,-0.000769648647775633,-81.37839175898083
2025-08-15,AVGO,0.021345851264764275,0.02127659574468084,-6.925552008343536e-05,-7.322695701616744
2025-08-15,BA,0.02181986467694699,0.02127659574468084,-0.0005432689322661492,-57.442252550187106
2025-08-15,BAC,0.02167992640191051,0.02127659574468084,-0.00040333065722967035,-42.645953224635136
2025-08-15,BLK,0.021440047235126325,0.02127659574468084,-0.0001634514904454848,-17.282456691770328
2025-08-15,BRK-B,0.0217891874217787,0.02127659574468084,-0.0005125916770978602,-54.198609237890906
2025-08-15,COP,0.021571714335015132,0.02127659574468084,-0.00029511859033429233,-31.204207697878537
2025-08-15,COST,0.02105672990075608,0.02127659574468084,0.00021986584392475958,23.24739844997944
2025-08-15,CRM,0.021420919087186664,0.02127659574468084,-0.00014432334250582407,-15.25995210976886
2025-08-15,CSCO,0.019595704854540832,0.02127659574468084,0.0016808908901400077,177.72810717883814
2025-08-15,CVX,0.02146151376021231,0.02127659574468084,-0.00018491801553147114,-19.552208341695458
2025-08-15,DE,0.02035227713321206,0.02127659574468084,0.0009243186114687788,97.73233837494038
2025-08-15,EOG,0.021745650330273293,0.02127659574468084,-0.000469054585592453,-49.59523794787018
2025-08-15,GE,0.020697128562815904,0.02127659574468084,0.0005794671818649365,61.26965528174914
2025-08-15,GS,0.021528809709675592,0.02127659574468084,-0.0002522139649947519,-26.667709882616663
2025-08-15,HD,0.021882122871166792,0.02127659574468084,-0.0006055271264859517,-64.02508971110261
2025-08-15,HON,0.021406440170776694,0.02127659574468084,-0.00012984442609585353,-13.729031558863655
2025-08-15,INTC,0.02616088297351386,0.02127659574468084,-0.0048842872288330196,-516.4375208351329
2025-08-15,JNJ,0.021656200270396917,0.02127659574468084,-0.000379604525716077,-40.13728328697137
2025-08-15,KO,0.02112350697445179,0.02127659574468084,0.00015308877022904982,16.18675996327092
2025-08-15,LLY,0.02386980269800587,0.02127659574468084,-0.0025932069533250307,-274.1913624739025
2025-08-15,LMT,0.021846021818380922,0.02127659574468084,-0.0005694260737000821,-60.207964033027515
2025-08-15,MA,0.02152345507573468,0.02127659574468084,-0.00024685933105383917,-26.10154050152452
2025-08-15,MRK,0.022177414806786366,0.02127659574468084,-0.0009008190621055262,-95.24762598082498
2025-08-15,MS,0.021465600829937075,0.02127659574468084,-0.00018900508525623513,-19.984352492366497
2025-08-15,NKE,0.022046672321258832,0.02127659574468084,-0.0007700765765779917,-81.42363858404048
2025-08-15,NVDA,0.020988687136411537,0.02127659574468084,0.0002879086082693029,30.44186406646222
2025-08-15,ORCL,0.02109996944195346,0.02127659574468084,0.00017662630272738053,18.675488484037825
2025-08-15,PEP,0.02200990835742968,0.02127659574468084,-0.0007333126127488411,-77.53642035823287
2025-08-15,PFE,0.0,0.02127659574468084,0.02127659574468084,2249.669571709367
2025-08-15,PG,0.021368059886596014,0.02127659574468084,-9.146414191517349e-05,-9.670912557546442
2025-08-15,QCOM,0.022732279230980614,0.02127659574468084,-0.001455683486299774,-153.9159217229154
2025-08-15,RTX,0.02123785591118232,0.02127659574468084,3.8739833498519644e-05,4.096135757831226
2025-08-15,SLB,0.02132797431626427,0.02127659574468084,-5.137857158343112e-05,-5.432486029069421
2025-08-15,TMO,0.02255525173074019,0.02127659574468084,-0.0012786559860593488,-135.1980128325225
2025-08-15,TSLA,0.021309054800249496,0.02127659574468084,-3.245905556865589e-05,-3.4320410330437476
2025-08-15,UNH,0.025749659532477747,0.02127659574468084,-0.004473063787796907,-472.95702829892235
2025-08-15,UPS,0.021694183478064982,0.02127659574468084,-0.0004175877333841421,-44.15341761372928
2025-08-15,V,0.021773870087607596,0.02127659574468084,-0.0004972743429267554,-52.579039029482296
2025-08-15,WFC,0.0210456663971503,0.02127659574468084,0.0002309293475305403,24.417192138645262
2025-08-15,WMT,0.02053410481704134,0.02127659574468084,0.0007424909276395018,78.50688461749994
2025-08-15,XOM,0.02138587788053702,0.02127659574468084,-0.00010928213585617921,-11.554888701051619
2025-08-22,AAPL,0.020652082824529624,0.020408163265306107,-0.00024391955922351688,-26.129790738650836
2025-08-22,ABBV,0.02139661749745297,0.020408163265306107,-0.000988454232146864,-105.88778662503093
2025-08-22,ABT,0.021133251538885,0.020408163265306107,-0.0007250882735788944,-77.67480769471418
2025-08-22,ADBE,0.021427816276464704,0.020408163265306107,-0.0010196530111585972,-109.22994405378789
2025-08-22,AMGN,0.020973356489496286,0.020408163265306107,-0.0005651932241901789,-60.54611086542536
2025-08-22,AMZN,0.020800307765696285,0.020408163265306107,-0.00039214450039017773,-42.00833162837325
2025-08-22,AVGO,0.020153471569183085,0.020408163265306107,0.00025469169612302167,27.283751839139008
2025-08-22,BA,0.02054056939018265,0.020408163265306107,-0.0001324061248765447,-14.183956163882005
2025-08-22,BAC,0.022135681313291775,0.020408163265306107,-0.0017275180479856683,-185.05971901066005
2025-08-22,BLK,0.02124284639827087,0.020408163265306107,-0.0008346831329647635,-89.41511565075007
2025-08-22,BRK-B,0.02151862997153424,0.020408163265306107,-0.0011104667062281325,-118.95832686951832
2025-08-22,CAT,0.0,0.020408163265306107,0.020408163265306107,2186.2167887652395
2025-08-22,COP,0.021494645103815626,0.020408163265306107,-0.001086481838509519,-116.38895696586376
2025-08-22,COST,0.020707719798056967,0.020408163265306107,-0.0002995565327508602,-32.089880533127534
2025-08-22,CRM,0.021506073839014928,0.020408163265306107,-0.0010979105737088206,-117.61325591144997
2025-08-22,CSCO,0.02135464688607481,0.020408163265306107,-0.0009464836207687018,-101.39170071877662
2025-08-22,CVX,0.02145421398123616,0.020408163265306107,-0.0010460507159300546,-112.05778821624308
2025-08-22,DE,0.021308256855313904,0.020408163265306107,-0.0009000935900077972,-96.42218617881618
2025-08-22,EOG,0.0213735054419038,0.020408163265306107,-0.0009653421765976923,-103.4119163956717
2025-08-22,GE,0.020895879905409778,0.020408163265306107,-0.0004877166401036706,-52.24646103098616
2025-08-22,GS,0.021320370320674416,0.020408163265306107,-0.0009122070553683088,-97.71983658453873
2025-08-22,HD,0.02170446518250149,0.020408163265306107,-0.0012963019171953818,-138.86585371937454
2025-08-22,HON,0.02158642377120544,0.020408163265306107,-0.0011782605058993333,-126.22071207727129
2025-08-22,INTC,0.02120457239510458,0.020408163265306107,-0.000796409129798472,-85.31502750427543
2025-08-22,JNJ,0.021314404562183135,0.020408163265306107,-0.0009062412968770285,-97.08075695734229
2025-08-22,KO,0.021062439458100216,0.020408163265306107,-0.0006542761927941093,-70.08909026161838
2025-08-22,LLY,0.02131230817638674,0.020408163265306107,-0.0009041449110806336,-96.85618241997572
2025-08-22,LMT,0.021414018666949097,0.020408163265306107,-0.0010058554016429896,-107.75188034096333
2025-08-22,MA,0.02162245626909442,0.020408163265306107,-0.0012142930037883116,-130.08067981674688
2025-08-22,MCD,0.0,0.020408163265306107,0.020408163265306107,2186.2167887652395
2025-08-22,MRK,0.0217873743638149,0.020408163265306107,-0.0013792110985087931,-147.74746848175243
2025-08-22,MS,0.021491573058632005,0.020408163265306107,-0.0010834097933258985,-116.05986528480621
2025-08-22,NKE,0.021384047614715126,0.020408163265306107,-0.0009758843494090189,-104.54124267999084
2025-08-22,NVDA,0.020713093437031992,0.020408163265306107,-0.0003049301717258854,-32.66552958058173
2025-08-22,ORCL,0.019992026408932217,0.020408163265306107,0.00041613685637388945,44.57850370960076
2025-08-22,PEP,0.02089325558408192,0.020408163265306107,-0.00048509231877581424,-51.96533159902852
2025-08-22,PFE,0.021617488766255993,0.020408163265306107,-0.0012093255009498864,-129.54853794967028
2025-08-22,PG,0.021585707657627667,0.020408163265306107,-0.0011775443923215598,-126.14399868047812
2025-08-22,QCOM,0.021020648837788373,0.020408163265306107,-0.0006124855724822659,-65.61228583042376
2025-08-22,RTX,0.02129236964139989,0.020408163265306107,-0.0008842063760937831,-94.72027438332557
2025-08-22,SLB,0.022667093210482565,0.020408163265306107,-0.0022589299451764577,-241.98701796867655
2025-08-22,TMO,0.021470874615287357,0.020408163265306107,-0.0010627113499812497,-113.84255235207873
2025-08-22,TSLA,0.021599694599583774,0.020408163265306107,-0.0011915313342776672,-127.64234455954654
2025-08-22,UNH,0.021234910603098674,0.020408163265306107,-0.0008267473377925674,-88.56499658750487
2025-08-22,UPS,0.02147816542413334,0.020408163265306107,-0.001070002158827233,-114.6235774985143
2025-08-22,V,0.02133892260571851,0.020408163265306107,-0.0009307593404124029,-99.70724311917321
2025-08-22,WFC,0.021544098781875232,0.020408163265306107,-0.0011359355165691254,-121.6866635666288
2025-08-22,WMT,0.020333687353001034,0.020408163265306107,7.44759123050727e-05,7.978204002157929
2025-08-22,XOM,0.021943935788526256,0.020408163265306107,-0.001535772523220149,-164.51905202542403
2025-08-29,AAPL,0.020780868999296084,0.01999999999999999,-0.0007808689992960943,-83.72287803705206
2025-08-29,ABBV,0.02036941017934196,0.01999999999999999,-0.00036941017934196893,-39.60726244552283
2025-08-29,ABT,0.020399540475352543,0.01999999999999999,-0.00039954047535255277,-42.837759622883375
2025-08-29,ADBE,0.02008527368029291,0.01999999999999999,-8.527368029291951e-05,-9.142836943674757
2025-08-29,AMGN,0.019971583664506954,0.01999999999999999,2.8416335493035988e-05,3.0467304924232055
2025-08-29,AMZN,0.020403031790476405,0.01999999999999999,-0.0004030317904764151,-43.21208995302522
2025-08-29,AVGO,0.02062387215686589,0.01999999999999999,-0.0006238721568658998,-66.89005780365288
2025-08-29,BA,0.020792794717939007,0.01999999999999999,-0.0007927947179390167,-85.00152463250613
2025-08-29,BAC,0.020907973165570786,0.01999999999999999,-0.0009079731655707961,-97.35067811697675
2025-08-29,BLK,0.02001533213908133,0.01999999999999999,-1.533213908134004e-05,-1.6438747235596294
2025-08-29,BRK-B,0.020971670372375448,0.01999999999999999,-0.0009716703723754577,-104.18013796416606
2025-08-29,CAT,0.019610516095203392,0.01999999999999999,0.00038948390479659825,41.75951854674106
2025-08-29,COP,0.02085014698415445,0.01999999999999999,-0.0008501469841544589,-91.15069535619018
2025-08-29,COST,0.02006503791649649,0.01999999999999999,-6.503791649650065e-05,-6.973207484903331
2025-08-29,CRM,0.021042427805366026,0.01999999999999999,-0.0010424278053660363,-111.76657811971741
2025-08-29,CSCO,0.020924842107665317,0.01999999999999999,-0.0009248421076653267,-99.15932512802162
2025-08-29,CVX,0.02070070334033774,0.01999999999999999,-0.0007007033403377515,-75.12771073782588
2025-08-29,DE,0.019675568496573564,0.01999999999999999,0.00032443150342642557,34.78475802885407
2025-08-29,EOG,0.021013353364521908,0.01999999999999999,-0.0010133533645219177,-108.64928716952998
2025-08-29,GE,0.02105200821940362,0.01999999999999999,-0.0010520082194036308,-112.79376685014087
2025-08-29,GS,0.0205907535562065,0.01999999999999999,-0.0005907535562065108,-63.33916185790097
2025-08-29,HD,0.02009143375488645,0.01999999999999999,-9.143375488646077e-05,-9.803305184005856
2025-08-29,HON,0.020084082219876273,0.01999999999999999,-8.408221987628306e-05,-9.01509145084824
2025-08-29,INTC,0.020018819369958255,0.01999999999999999,-1.8819369958265192e-05,-2.017767150662039
2025-08-29,JNJ,0.02029557645527687,0.01999999999999999,-0.00029557645527688095,-31.69098983066038
2025-08-29,JPM,0.0,0.01999999999999999,0.01999999999999999,2144.3514369893815
2025-08-29,KO,0.02005734551525087,0.01999999999999999,-5.734551525088047e-05,-6.148446901656104
2025-08-29,LLY,0.020987536805179476,0.01999999999999999,-0.0009875368051794862,-105.88129836332676
2025-08-29,LMT,0.020819673948299942,0.01999999999999999,-0.0008196739482999524,-87.88345044498818
2025-08-29,MA,0.020263847978222272,0.01999999999999999,-0.00026384797822228204,-28.28913956238469
2025-08-29,MCD,0.02035436949427514,0.01999999999999999,-0.0003543694942751488,-37.9946367137058
2025-08-29,MRK,0.019630350582779052,0.01999999999999999,0.000369649417220938,39.63291295000031
2025-08-29,MS,0.02072762297367151,0.01999999999999999,-0.0007276229736715191,-78.01396845895049
2025-08-29,NKE,0.02012605071360773,0.01999999999999999,-0.00012605071360774142,-13.514851442914871
2025-08-29,NVDA,0.019952338943406877,0.01999999999999999,4.7661056593113066e-05,5.1101027596937145
2025-08-29,ORCL,0.019505494015289056,0.01999999999999999,0.0004945059847109336,53.019730945737
2025-08-29,PEP,0.020253884286046204,0.01999999999999999,-0.00025388428604621385,-27.220856680611107
2025-08-29,PFE,0.019506418931575585,0.01999999999999999,0.0004935810684244049,52.92056366733137
2025-08-29,PG,0.020179322500223168,0.01999999999999999,-0.00017932250022317797,-19.226523051905026
2025-08-29,QCOM,0.02073975392202108,0.01999999999999999,-0.0007397539220210907,-79.31461928522288
2025-08-29,RTX,0.020696748105688608,0.01999999999999999,-0.0006967481056886181,-74.70364008265092
2025-08-29,SLB,0.021093020174148682,0.01999999999999999,-0.001093020174148692,-117.19096905470666
2025-08-29,TMO,0.020092318628472404,0.01999999999999999,-9.231862847241395e-05,-9.898179181285489
2025-08-29,TSLA,0.020020588722954438,0.01999999999999999,-2.0588722954448246e-05,-2.207472882657369
2025-08-29,UNH,0.020551264265907587,0.01999999999999999,-0.0005512642659075973,-59.10521603799266
2025-08-29,UPS,0.020071995791839294,0.01999999999999999,-7.199579183930424e-05,-7.719213984390025
2025-08-29,V,0.02049012413284959,0.01999999999999999,-0.0004901241328496009,-52.549919428960834
2025-08-29,WFC,0.021182676841786832,0.01999999999999999,-0.0011826768417868422,-126.80373925898398
2025-08-29,WMT,0.02042036103071996,0.01999999999999999,-0.0004203610307199693,-45.0700890139352
2025-08-29,XOM,0.02094027066875761,0.01999999999999999,-0.0009402706687576187,-100.81353798546837
2025-09-05,AAPL,0.020735107392617077,0.01999999999999999,-0.0007351073926170869,-78.49123621403052
2025-09-05,ABBV,0.020288140206023732,0.01999999999999999,-0.00028814020602374243,-30.76622708588346
2025-09-05,ABT,0.020124361194688578,0.01999999999999999,-0.00012436119468858808,-13.278690986101386
2025-09-05,ADBE,0.019646777075494885,0.01999999999999999,0.0003532229245051047,37.7154471332906
2025-09-05,AMGN,0.01979789253535125,0.01999999999999999,0.0002021074646487396,21.580064229644243
2025-09-05,AMZN,0.020373993353225175,0.01999999999999999,-0.00037399335322518476,-39.93321373897036
2025-09-05,AVGO,0.022614250734220912,0.01999999999999999,-0.002614250734220922,-279.137135557719
2025-09-05,BA,0.019648123550247417,0.01999999999999999,0.00035187644975257296,37.57167702715559
2025-09-05,BAC,0.019807627006524067,0.01999999999999999,0.00019237299347592274,20.540664158419222
2025-09-05,BLK,0.019675736854624377,0.01999999999999999,0.00032426314537561257,34.62326102934381
2025-09-05,BRK-B,0.019953808227235127,0.01999999999999999,4.61917727648635e-05,4.932135608545433
2025-09-05,CAT,0.020275580984850265,0.01999999999999999,-0.0002755809848502752,-29.425213778587885
2025-09-05,COP,0.01886045620270806,0.01999999999999999,0.0011395437972919302,121.67501275023248
2025-09-05,COST,0.020511149313120165,0.01999999999999999,-0.0005111493131201746,-54.578068292742266
2025-09-05,CRM,0.01965172631130345,0.01999999999999999,0.0003482736886965404,37.18699150785343
2025-09-05,CSCO,0.019445420872453736,0.01999999999999999,0.0005545791275462543,59.21529525724457
2025-09-05,CVX,0.019214170644478334,0.01999999999999999,0.0007858293555216556,83.90708376442456
2025-09-05,DE,0.019856246355190614,0.01999999999999999,0.00014375364480937597,15.349323656221246
2025-09-05,EOG,0.01897345599615236,0.01999999999999999,0.0010265440038476313,109.6094376132495
2025-09-05,GE,0.02037605022217133,0.01999999999999999,-0.00037605022217133965,-40.15283632464342
2025-09-05,GS,0.019892269798273472,0.01999999999999999,0.00010773020172651776,11.502913446424666
2025-09-05,HD,0.020800632076451518,0.01999999999999999,-0.0008006320764515282,-85.48764719881001
2025-09-05,HON,0.01960165195898339,0.01999999999999999,0.0003983480410165996,42.533690310902564
2025-09-05,INTC,0.020197432032845065,0.01999999999999999,-0.00019743203284507474,-21.080844080602418
2025-09-05,JNJ,0.020224789908004095,0.01999999999999999,-0.00022478990800410548,-24.001986573506148
2025-09-05,JPM,0.019612935446531435,0.01999999999999999,0.00038706455346855517,41.32889371200214
2025-09-05,KO,0.019782153778129842,0.01999999999999999,0.00021784622187014796,23.260573122886093
2025-09-05,LLY,0.019934764935326352,0.01999999999999999,6.523506467363827e-05,6.965486842006601
2025-09-05,LMT,0.020595641459576937,0.01999999999999999,-0.0005956414595769469,-63.59973382403083
2025-09-05,MA,0.01970852689242356,0.01999999999999999,0.00029147310757643083,31.122098303718488
2025-09-05,MCD,0.020250089090372982,0.01999999999999999,-0.0002500890903729923,-26.703311739436707
2025-09-05,MRK,0.020222820830621418,0.01999999999999999,-0.00022282083062142785,-23.79173794926471
2025-09-05,MS,0.01976301942783182,0.01999999999999999,0.0002369805721681717,25.303647133742228
2025-09-05,NKE,0.019283597817206764,0.01999999999999999,0.0007164021827932264,76.49398376158183
2025-09-05,NVDA,0.01925646359824171,0.01999999999999999,0.0007435364017582789,79.39124532044983
2025-09-05,ORCL,0.020674316832647643,0.01999999999999999,-0.0006743168326476534,-72.00031223466925
2025-09-05,PEP,0.019970117646951564,0.01999999999999999,2.9882353048425736e-05,3.1906941153247224
2025-09-05,PFE,0.02017929701572152,0.01999999999999999,-0.00017929701572153012,-19.14447406570979
2025-09-05,PG,0.02046304759982678,0.01999999999999999,-0.0004630475998267901,-49.44199840917182
2025-09-05,QCOM,0.02008442198156624,0.01999999999999999,-8.442198156624961e-05,-9.014173661323351
2025-09-05,RTX,0.019945222994300838,0.01999999999999999,5.4777005699151865e-05,5.8488255411533006
2025-09-05,SLB,0.019682210175357134,0.01999999999999999,0.00031778982464285635,33.932070936811826
2025-09-05,TMO,0.020077080472881235,0.01999999999999999,-7.708047288124478e-05,-8.230282629687062
2025-09-05,TSLA,0.021102701393857438,0.01999999999999999,-0.0011027013938574477,-117.74115788805605
2025-09-05,UNH,0.020439711343882595,0.01999999999999999,-0.0004397113438826053,-46.95026509773688
2025-09-05,UPS,0.019530771014653198,0.01999999999999999,0.00046922898534679236,50.102017062029006
2025-09-05,V,0.019593310108678902,0.01999999999999999,0.0004066898913210881,43.424393015415774
2025-09-05,WFC,0.0192951135210316,0.01999999999999999,0.000704886478968391,75.26439222412222
2025-09-05,WMT,0.02081293857577438,0.01999999999999999,-0.0008129385757743891,-86.8016760808752
2025-09-05,XOM,0.019192875239367302,0.01999999999999999,0.0008071247606326881,86.18090482734809
2025-09-12,AAPL,0.01928017392815403,0.01999999999999999,0.0007198260718459595,77.85794547308926
2025-09-12,ABBV,0.020279946692477693,0.01999999999999999,-0.0002799466924777033,-30.279640000265235
2025-09-12,ABT,0.01986041022762678,0.01999999999999999,0.00013958977237320952,15.098331820856918
2025-09-12,ADBE,0.019765151660487472,0.01999999999999999,0.0002348483395125181,25.4017045608263
2025-09-12,AMGN,0.019238440783765475,0.01999999999999999,0.0007615592162345149,82.37189267132305
2025-09-12,AMZN,0.019387876784716356,0.01999999999999999,0.0006121232152836338,66.20857146247411
2025-09-12,AVGO,0.02121575269137754,0.01999999999999999,-0.0012157526913775495,-131.49844171564106
2025-09-12,BA,0.018567669089001135,0.01999999999999999,0.0014323309109988552,154.92401057659066
2025-09-12,BAC,0.020064404323417943,0.01999999999999999,-6.440432341795269e-05,-6.966110977401815
2025-09-12,BLK,0.0201788482744517,0.01999999999999999,-0.00017884827445171017,-19.34461635226406
2025-09-12,BRK-B,0.019504877007261584,0.01999999999999999,0.000495122992738406,53.55357422973282
2025-09-12,CAT,0.020136943985156478,0.01999999999999999,-0.00013694398515648812,-14.812157750605994
2025-09-12,COP,0.01963263625482038,0.01999999999999999,0.0003673637451796115,39.73485757140626
2025-09-12,COST,0.01983366259085084,0.01999999999999999,0.0001663374091491511,17.991414090431768
2025-09-12,CRM,0.019113225076757626,0.01999999999999999,0.0008867749232423644,95.91549448000794
2025-09-12,CSCO,0.01963389810814849,0.01999999999999999,0.0003661018918514995,39.59837278506998
2025-09-12,CVX,0.020186362130307015,0.01999999999999999,-0.00018636213030702453,-20.157331259874283
2025-09-12,DE,0.019628366094647985,0.01999999999999999,0.00037163390535200486,40.19672733532154
2025-09-12,EOG,0.01978159358771046,0.01999999999999999,0.00021840641228952976,23.623310135743743
2025-09-12,GE,0.019917023659395537,0.01999999999999999,8.297634060445286e-05,8.974900541974911
2025-09-12,GS,0.020862346270255735,0.01999999999999999,-0.0008623462702557448,-93.27323851484714
2025-09-12,HD,0.019919335758044426,0.01999999999999999,8.066424195556435e-05,8.72481894924804
2025-09-12,HON,0.019485989945405086,0.01999999999999999,0.0005140100545949038,55.59643970749889
2025-09-12,INTC,0.019412558857918663,0.01999999999999999,0.0005874411420813269,63.53890501844006
2025-09-12,JNJ,0.01970214792317967,0.01999999999999999,0.0002978520768203187,32.21632511399974
2025-09-12,JPM,0.020583432044893997,0.01999999999999999,-0.000583432044894007,-63.105272391872084
2025-09-12,KO,0.01946710342320141,0.01999999999999999,0.0005328965767985791,57.63924681524799
2025-09-12,LLY,0.02050814866000963,0.01999999999999999,-0.0005081486600096406,-54.962458586413106
2025-09-12,LMT,0.020058450100324757,0.01999999999999999,-5.845010032476741e-05,-6.322089324039093
2025-09-12,MA,0.019614332189810308,0.01999999999999999,0.00038566781018968196,41.71466484878828
2025-09-12,MCD,0.019179145307978093,0.01999999999999999,0.0008208546920218975,88.78541963460157
2025-09-12,MRK,0.019300261932179423,0.01999999999999999,0.000699738067820567,75.68518349176594
2025-09-12,MS,0.020849630857811566,0.01999999999999999,-0.0008496308578115758,-91.89791199158415
2025-09-12,NKE,0.019500006578190805,0.01999999999999999,0.0004999934218091855,54.080370376544856
2025-09-12,NVDA,0.02102092306580196,0.01999999999999999,-0.0010209230658019715,-110.42524784575873
2025-09-12,ORCL,0.024778932252450744,0.01999999999999999,-0.004778932252450754,-516.8996529630035
2025-09-12,PEP,0.019357368241922315,0.01999999999999999,0.0006426317580776747,69.508441464724
2025-09-12,PFE,0.018941622802427022,0.01999999999999999,0.0010583771975729676,114.4763677804534
2025-09-12,PG,0.019481525656333952,0.01999999999999999,0.000518474343666038,56.0793068731534
2025-09-12,QCOM,0.019988888389765033,0.01999999999999999,1.1111610234957464e-05,1.20185580604626
2025-09-12,RTX,0.019533776161534937,0.01999999999999999,0.0004662238384650526,50.42777917223643
2025-09-12,SLB,0.01960529237097193,0.01999999999999999,0.0003947076290280599,42.69243121448843
2025-09-12,TMO,0.019216444938039028,0.01999999999999999,0.0007835550619609624,84.75101093917418
2025-09-12,TSLA,0.022281035417125783,0.01999999999999999,-0.002281035417125793,-246.721726365547
2025-09-12,UNH,0.0220667601696145,0.01999999999999999,-0.0020667601696145108,-223.54525195113285
2025-09-12,UPS,0.019582894738432135,0.01999999999999999,0.00041710526156785513,45.115007613447816
2025-09-12,V,0.01952507442682229,0.01999999999999999,0.0004749255731777008,51.3689776273594
2025-09-12,WFC,0.02036818421056542,0.01999999999999999,-0.00036818421056543024,-39.82360088283956
2025-09-12,WMT,0.020328446310479736,0.01999999999999999,-0.0003284463104797457,-35.525463625665594
2025-09-12,XOM,0.020272678047976663,0.01999999999999999,-0.00027267804797667314,-29.493447683316784
2025-09-19,AAPL,0.020693231450806693,0.020408163265306107,-0.00028506818550058655,-31.254860325333752
2025-09-19,ABBV,0.020102995707392338,0.020408163265306107,0.0003051675579137693,33.458554421529556
2025-09-19,ABT,0.020070599431635035,0.020408163265306107,0.0003375638336710722,37.01048033033433
2025-09-19,ADBE,0.020663879443510592,0.020408163265306107,-0.00025571617820448547,-28.036707844737393
2025-09-19,AMGN,0.020373680879724236,0.020408163265306107,3.448238558187086e-05,3.7806468763013146
2025-09-19,AMZN,0.020017766639108835,0.020408163265306107,0.0003903966261972723,42.80306482412494
2025-09-19,AVGO,0.01891126406593176,0.020408163265306107,0.0014968991993743463,164.11994665554445
2025-09-19,BA,0.019703299828763586,0.020408163265306107,0.0007048634365425209,77.28118877553915
2025-09-19,BAC,0.020381216468048826,0.020408163265306107,2.694679725728094e-05,2.9544453829965165
2025-09-19,BLK,0.02007121184509152,0.020408163265306107,0.00033695142021458735,36.94333535233485
2025-09-19,BRK-B,0.019694233378276284,0.020408163265306107,0.0007139298870298232,78.27523391294928
2025-09-19,CAT,0.021330970059311186,0.020408163265306107,-0.0009228067940050787,-101.17648661231762
2025-09-19,COP,0.019620931955084613,0.020408163265306107,0.0007872313102214937,86.31199795759616
2025-09-19,COST,0.019388565775450745,0.020408163265306107,0.0010195974898553617,111.7886132313585
2025-09-19,CRM,0.020116676780641624,0.020408163265306107,0.0002914864846644827,31.958562295939544
2025-09-19,CSCO,0.020228007148115942,0.020408163265306107,0.00018015611719016458,19.752306872285008
2025-09-19,CVX,0.01961678010991079,0.020408163265306107,0.0007913831553953178,86.76720603622624
2025-09-19,DE,0.019692893733165153,0.020408163265306107,0.0007152695321409538,78.42211252993833
2025-09-19,EOG,0.01936913093537843,0.020408163265306107,0.0010390323299276777,113.91944803791107
2025-09-19,GE,0.021092090103950193,0.0,-0.021092090103950193,-2312.5356097198055
2025-09-19,GS,0.020360595852373563,0.020408163265306107,4.7567412932544156e-05,5.215288562045037
2025-09-19,HD,0.01940306012680856,0.020408163265306107,0.001005103138497547,110.19945333826381
2025-09-19,HON,0.01953479243210881,0.020408163265306107,0.0008733708331972977,95.75633056304606
2025-09-19,INTC,0.02423618758487538,0.020408163265306107,-0.003828024319569273,-419.704377814101
2025-09-19,JNJ,0.019522595555652025,0.020408163265306107,0.0008855677096540823,97.0935954331779
2025-09-19,JPM,0.020235721731889856,0.020408163265306107,0.00017244153341625101,18.906480327669566
2025-09-19,KO,0.01970902833064202,0.020408163265306107,0.0006991349346640863,76.6531161417253
2025-09-19,LLY,0.019640992658246807,0.020408163265306107,0.0007671706070592997,84.11254355597174
2025-09-19,LMT,0.01979803216896369,0.020408163265306107,0.0006101310963424166,66.89474015782706
2025-09-19,MA,0.019857269239755372,0.020408163265306107,0.0005508940255507348,60.39999094396885
2025-09-19,MCD,0.0195346933302156,0.020408163265306107,0.0008734699350905067,95.76719608921759
2025-09-19,MRK,0.019611900353996726,0.020408163265306107,0.0007962629113093811,87.30222220875334
2025-09-19,MS,0.02017387375879524,0.020408163265306107,0.0002342895065108666,25.687488727757177
2025-09-19,MSFT,0.0,0.020408163265306107,0.020408163265306107,2237.5499083970462
2025-09-19,NKE,0.019159523190770734,0.020408163265306107,0.0012486400745353732,136.90082973547786
2025-09-19,NVDA,0.019602197306342065,0.020408163265306107,0.0008059659589640424,88.36606382490545
2025-09-19,ORCL,0.020842628214861707,0.020408163265306107,-0.0004344649495555998,-47.63471339591316
2025-09-19,PEP,0.01948649198263319,0.020408163265306107,0.0009216712826729152,101.05198921173158
2025-09-19,PFE,0.019862046176298918,0.020408163265306107,0.0005461170890071892,59.87624788162284
2025-09-19,PG,0.01949738731930981,0.020408163265306107,0.0009107759459962977,99.85742509217827
2025-09-19,QCOM,0.020341820783104276,0.020408163265306107,6.634248220183103e-05,7.27378613370345
2025-09-19,RTX,0.020032356191702003,0.020408163265306107,0.0003758070736041043,41.20346707277348
2025-09-19,SLB,0.019097468344653652,0.020408163265306107,0.0013106949206524547,143.70451968247642
2025-09-19,TMO,0.019752451076954988,0.020408163265306107,0.0006557121883511187,71.8922486020138
2025-09-19,TSLA,0.02123118331364093,0.0,-0.02123118331364093,-2327.7857816513115
2025-09-19,UNH,0.01896324725320667,0.020408163265306107,0.001444916012099437,158.4205128352116
2025-09-19,UPS,0.0196619668135785,0.020408163265306107,0.0007461964517276078,81.81293830825624
2025-09-19,V,0.019856513248389975,0.020408163265306107,0.0005516500169161324,60.48287779607818
2025-09-19,WFC,0.02050000272763901,0.020408163265306107,-9.183946233290441e-05,-10.069273645980994
2025-09-19,WMT,0.019508651012843607,0.020408163265306107,0.0008995122524625004,98.62247434687501
2025-09-19,XOM,0.01984589618044751,0.020408163265306107,0.0005622670848585976,61.64693254678147
2025-09-26,AAPL,0.021221220820778937,0.02083333333333332,-0.00038788748744561855,-42.55374161828106
2025-09-26,ABBV,0.02022333181936877,0.02083333333333332,0.0006100015139645469,66.92107286819058
2025-09-26,ABT,0.020020559144482298,0.02083333333333332,0.0008127741888510204,89.16653397133183
2025-09-26,ADBE,0.020085615916535467,0.02083333333333332,0.0007477174167978516,82.0293894176342
2025-09-26,AMGN,0.01950565766629447,0.02083333333333332,0.0013276756670388482,145.65452384171326
2025-09-26,AMZN,0.01936304403155285,0.02083333333333332,0.0014702893017804683,161.3001529492767
2025-09-26,AVGO,0.019812256192613675,0.02083333333333332,0.001021077140719643,112.01870187836013
2025-09-26,BA,0.020924369432968812,0.02083333333333332,-9.10360996354935e-05,-9.987243175427261
2025-09-26,BAC,0.020378222287605087,0.02083333333333332,0.00045511104572823133,49.92859649864329
2025-09-26,BLK,0.020636522162621868,0.02083333333333332,0.00019681117071145005,21.591445914379037
2025-09-26,BRK-B,0.02069094022121031,0.02083333333333332,0.00014239311212300987,15.621436363953357
2025-09-26,CAT,0.020359739036864295,0.02083333333333332,0.00047359429646902373,51.95632748184458
2025-09-26,COP,0.021849274404561688,0.02083333333333332,-0.0010159410712283698,-111.45524216094448
2025-09-26,COST,0.01963889869705361,0.02083333333333332,0.0011944346362797072,131.03712941835528
2025-09-26,CRM,0.020091754232788018,0.02083333333333332,0.0007415791005453004,81.35597681156509
2025-09-26,CSCO,0.02009784006210552,0.02083333333333332,0.0007354932712277974,80.68832235842605
2025-09-26,CVX,0.020909521846607774,0.02083333333333332,-7.618851327445553e-05,-8.358367859485794
2025-09-26,DE,0.020148919113290958,0.02083333333333332,0.0006844142200423606,75.08462330495563
2025-09-26,EOG,0.020624144803645557,0.02083333333333332,0.00020918852968776144,22.949321465516814
2025-09-26,GS,0.020330753702821287,0.02083333333333332,0.000502579630512031,55.13620426443511
2025-09-26,HD,0.02011909837389548,0.02083333333333332,0.0007142349594378393,78.35614940510911
2025-09-26,HON,0.020278899493443806,0.02083333333333332,0.0005544338398895121,60.82494313611356
2025-09-26,INTC,0.02447536158821159,0.0,-0.02447536158821159,-2685.1039199473457
2025-09-26,JNJ,0.02080127222578164,0.02083333333333332,3.206110755167926e-05,3.517308835442534
2025-09-26,JPM,0.020476763147602613,0.02083333333333332,0.0003565701857307056,39.118033046874785
2025-09-26,KO,0.020160516447262064,0.02083333333333332,0.0006728168860712543,73.81232149259938
2025-09-26,LLY,0.01964939743657274,0.02083333333333332,0.0011839358967605795,129.88535045338614
2025-09-26,LMT,0.021019095405047133,0.02083333333333332,-0.00018576207171381448,-20.379288989811805
2025-09-26,MA,0.019729476137107387,0.02083333333333332,0.001103857196225931,121.10020413655147
2025-09-26,MCD,0.020586726442210004,0.02083333333333332,0.00024660689112331394,27.05435536283012
2025-09-26,MRK,0.019655742567469207,0.02083333333333332,0.001177590765864111,129.18924895632418
2025-09-26,MS,0.020419341786513664,0.02083333333333332,0.0004139915468196545,45.417524116412636
2025-09-26,MSFT,0.02013907692892599,0.02083333333333332,0.0006942564044073278,76.16437396457188
2025-09-26,NKE,0.019939296279670206,0.02083333333333332,0.0008940370536631125,98.08159069344352
2025-09-26,NVDA,0.020569297740073732,0.02083333333333332,0.00026403559325958656,28.96639561020445
2025-09-26,ORCL,0.018728819757880783,0.02083333333333332,0.002104513575452535,230.87861769330092
2025-09-26,PEP,0.020203938461029736,0.02083333333333332,0.0006293948723035819,69.04864848375031
2025-09-26,PFE,0.020164689863376703,0.02083333333333332,0.0006686434699566153,73.3544710159639
2025-09-26,PG,0.019931173973731533,0.02083333333333332,0.0009021593596017854,98.97265967464487
2025-09-26,QCOM,0.0206810720528156,0.02083333333333332,0.00015226128051771745,16.7040376380482
2025-09-26,RTX,0.021052410945674834,0.02083333333333332,-0.00021907761234151585,-24.034217167775548
2025-09-26,SLB,0.021039473249999763,0.02083333333333332,-0.00020613991666644516,-22.61486909207848
2025-09-26,TMO,0.01974151246275876,0.02083333333333332,0.0010918208705745572,119.77974212532492
2025-09-26,UNH,0.020841459879048018,0.02083333333333332,-8.126545714699784e-06,-0.8915341117853582
2025-09-26,UPS,0.020311350193167738,0.02083333333333332,0.0005219831401655807,57.26489354421172
2025-09-26,V,0.020140711900169046,0.02083333333333332,0.0006926214331642727,75.98500714795077
2025-09-26,WFC,0.020482987832111787,0.02083333333333332,0.00035034550122153146,38.435145289904156
2025-09-26,WMT,0.02055925043853259,0.02083333333333332,0.00027408289480072845,30.06864893773065
2025-09-26,XOM,0.021189201394143844,0.02083333333333332,-0.0003558680608105255,-39.041005446335625
2025-10-03,AAPL,0.020697095161301984,0.021739130434782608,0.0010420352734806237,116.21730337031194
2025-10-03,ABBV,0.021727134949975076,0.021739130434782608,1.1995484807531681e-05,1.3378461674280355
2025-10-03,ABT,0.02065132008600904,0.021739130434782608,0.0010878103487735671,121.3225583914298
2025-10-03,ADBE,0.01971669909051823,0.021739130434782608,0.002022431344264379,225.56003915002944
2025-10-03,AMGN,0.022361657447183162,0.021739130434782608,-0.000622527012400554,-69.42990558727418
2025-10-03,AMZN,0.020466568433393728,0.021739130434782608,0.00127256200138888,141.9277522909044
2025-10-03,AVGO,0.020726961724662984,0.021739130434782608,0.0010121687101196236,112.88631108714281
2025-10-03,BA,0.02003237899094726,0.021739130434782608,0.0017067514438353498,190.35252968297823
2025-10-03,BAC,0.0198755388845185,0.021739130434782608,0.0018635915502641064,207.844772693696
2025-10-03,BLK,0.020566875239791636,0.021739130434782608,0.0011722551949909718,130.7406199107167
2025-10-03,BRK-B,0.020439287298546223,0.021739130434782608,0.0012998431362363852,144.97039394186177
2025-10-03,CAT,0.021903585800382475,0.0,-0.021903585800382475,-2442.8882021986956
2025-10-03,COP,0.019592835226876,0.021739130434782608,0.002146295207906608,239.37446998925145
2025-10-03,COST,0.02047899182734576,0.021739130434782608,0.0012601386074368483,140.54218178234618
2025-10-03,CRM,0.020233313253760023,0.021739130434782608,0.0015058171810225854,167.9425031002886
2025-10-03,CSCO,0.020830156442678997,0.021739130434782608,0.0009089739921036115,101.37709239263411
2025-10-03,CVX,0.019646024038566128,0.021739130434782608,0.0020931063962164806,233.44236728465634
2025-10-03,DE,0.020514113949622166,0.021739130434782608,0.001225016485160442,136.6250415055375
2025-10-03,EOG,0.019359814785824686,0.021739130434782608,0.002379315648957922,265.36304060518466
2025-10-03,GS,0.020171794327449623,0.021739130434782608,0.0015673361073329853,174.8036563683066
2025-10-03,HD,0.019740710585237322,0.021739130434782608,0.001998419849545286,222.8820576678648
2025-10-03,HON,0.02057639151628495,0.021739130434782608,0.0011627389184976564,129.6792777274667
2025-10-03,JNJ,0.021510002671508568,0.021739130434782608,0.0002291277632740403,25.554423590705166
2025-10-03,JPM,0.020100791918657813,0.021739130434782608,0.0016383385161247953,182.7224943314575
2025-10-03,KO,0.020797545997575814,0.021739130434782608,0.0009415844372067939,105.0141074611724
2025-10-03,LLY,0.023753554092796676,0.021739130434782608,-0.002014423658014068,-224.66694874711234
2025-10-03,LMT,0.021208517174866357,0.0,-0.021208517174866357,-2365.367792505679
2025-10-03,MA,0.021047248693637943,0.021739130434782608,0.0006918817411446648,77.1649792030618
2025-10-03,MCD,0.020205756090410663,0.021739130434782608,0.0015333743443719447,171.01592997412206
2025-10-03,MRK,0.02326449400927151,0.021739130434782608,-0.0015253635744889027,-170.12249565628218
2025-10-03,MS,0.02016921745053653,0.021739130434782608,0.0015699129842460767,175.09105324783485
2025-10-03,MSFT,0.020727726325132832,0.021739130434782608,0.0010114041096497758,112.80103585028391
2025-10-03,NKE,0.021266356973471217,0.021739130434782608,0.0004727734613113911,52.72802003633905
2025-10-03,NVDA,0.02157618657878994,0.021739130434782608,0.00016294385599266784,18.172988982393047
2025-10-03,ORCL,0.020685482778369024,0.021739130434782608,0.0010536476564135845,117.5124225131259
2025-10-03,PEP,0.02071644771304618,0.021739130434782608,0.001022682721736428,114.05892981590013
2025-10-03,PFE,0.02360517882413016,0.021739130434782608,-0.0018660483893475528,-208.11878185668644
2025-10-03,PG,0.020460838833376162,0.021739130434782608,0.0012782916014064463,142.56676968348063
2025-10-03,QCOM,0.0204893207359972,0.021739130434782608,0.001249809698785409,139.39020742909904
2025-10-03,RTX,0.020896931796616437,0.021739130434782608,0.0008421986381661715,93.92969424431057
2025-10-03,SLB,0.01976483781298178,0.021739130434782608,0.0019742926218008286,220.19116858030424
2025-10-03,TMO,0.023982368307510205,0.021739130434782608,-0.002243237872727597,-250.1864025348697
2025-10-03,UNH,0.02145177234166585,0.021739130434782608,0.0002873580931167588,32.048802505614695
2025-10-03,UPS,0.021240724523420434,0.021739130434782608,0.0004984059113621736,55.58678528113338
2025-10-03,V,0.021249168635308582,0.021739130434782608,0.0004899617994740257,54.64502069986368
2025-10-03,WFC,0.019445578918958883,0.021739130434782608,0.0022935515158237253,255.79784014373013
2025-10-03,WMT,0.020275224376188145,0.021739130434782608,0.0014639060585944635,163.26819143946565
2025-10-03,XOM,0.01979947736489858,0.021739130434782608,0.0019396530698840286,216.3278489632248
2025-10-10,AAPL,0.02124029382652722,0.021739130434782608,0.0004988366082553895,54.122111685724335
2025-10-10,ABBV,0.02201869712702884,0.021739130434782608,-0.000279566692246231,-30.332055608903005
2025-10-10,ABT,0.022009088532335665,0.021739130434782608,-0.0002699580975530566,-29.28955506559765
2025-10-10,ADBE,0.021749647263142706,0.021739130434782608,-1.0516828360097874e-05,-1.1410408732339876
2025-10-10,AMGN,0.02176237155455795,0.021739130434782608,-2.3241119775342656e-05,-2.521584140710069
2025-10-10,AMZN,0.02202481298307053,0.021739130434782608,-0.0002856825482879209,-30.995605633629115
2025-10-10,AVGO,0.021437113219447114,0.021739130434782608,0.00030201721533549414,32.76786264056727
2025-10-10,BA,0.02176904242826857,0.021739130434782608,-2.9911993485960686e-05,-3.2453517352138563
2025-10-10,BAC,0.021466372938031608,0.021739130434782608,0.0002727574967509999,29.593280561153996
2025-10-10,BLK,0.021799063694270582,0.021739130434782608,-5.993325948797437e-05,-6.502559174720716
2025-10-10,BRK-B,0.021913456653098434,0.021739130434782608,-0.00017432621831582618,-18.913814466096117
2025-10-10,COP,0.020797225344142845,0.021739130434782608,0.0009419050906397629,102.19356733108566
2025-10-10,COST,0.022701557213179843,0.021739130434782608,-0.0009624267783972344,-104.42010214911731
2025-10-10,CRM,0.022467150074079047,0.021739130434782608,-0.0007280196392964386,-78.98770774904709
2025-10-10,CSCO,0.022351021164559635,0.021739130434782608,-0.0006118907297770274,-66.3881075855139
2025-10-10,CVX,0.0216677738480831,0.021739130434782608,7.135658669950654e-05,7.741952156176859
2025-10-10,DE,0.02154649303619665,0.021739130434782608,0.00019263739858595835,20.900516579125764
2025-10-10,EOG,0.021787998078083907,0.021739130434782608,-4.8867643301298697e-05,-5.301976648868877
2025-10-10,GS,0.02161978452393074,0.021739130434782608,0.00011934591085186949,12.948634100752356
2025-10-10,HD,0.021252274511609583,0.021739130434782608,0.00048685592317302545,52.822247230373
2025-10-10,HON,0.021474391884756503,0.021739130434782608,0.000264738550026105,28.723251531479335
2025-10-10,JNJ,0.022590816131519052,0.021739130434782608,-0.0008516856967364442,-92.4050633755903
2025-10-10,JPM,0.021791133501729825,0.021739130434782608,-5.2003066947216986e-05,-5.642159678618713
2025-10-10,KO,0.022475187345050135,0.021739130434782608,-0.0007360569102675268,-79.85972489844396
2025-10-10,LLY,0.022174702977318925,0.021739130434782608,-0.0004355725425363166,-47.25817112106616
2025-10-10,MA,0.021488539732275068,0.021739130434782608,0.0002505907025075402,27.18825716490642
2025-10-10,MCD,0.022049711987041292,0.021739130434782608,-0.000310581552258684,-33.69706469149964
2025-10-10,MRK,0.021542756330010314,0.021739130434782608,0.00019637410477229417,21.305936763223528
2025-10-10,MS,0.02153199784006201,0.021739130434782608,0.00020713259472059792,22.473197114440037
2025-10-10,MSFT,0.022068456725155384,0.021739130434782608,-0.00032932629037277575,-35.730806387560435
2025-10-10,NKE,0.020260037101495335,0.021739130434782608,0.0014790933332872735,160.4767037001423
2025-10-10,NVDA,0.02181328285622929,0.021739130434782608,-7.415242144668058e-05,-8.045290920688531
2025-10-10,ORCL,0.022916707681820702,0.021739130434782608,-0.001177577247038094,-127.76321189749997
2025-10-10,PEP,0.023619198361538234,0.021739130434782608,-0.0018800679267556263,-203.9811125019148
2025-10-10,PFE,0.020230004090203212,0.021739130434782608,0.0015091263445793958,163.73518546453334
2025-10-10,PG,0.021965845404676564,0.021739130434782608,-0.0002267149698939562,-24.59781964346992
2025-10-10,QCOM,0.02028539310211908,0.021739130434782608,0.0014537373326635288,157.72566202647465
2025-10-10,RTX,0.021153311903729034,0.021739130434782608,0.0005858185310535745,63.55936080179612
2025-10-10,SLB,0.020687851206477308,0.021739130434782608,0.0010512792283053005,114.06029723081542
2025-10-10,TMO,0.021582786872809658,0.021739130434782608,0.00015634356197295057,16.962756105726477
2025-10-10,UNH,0.02199084932064698,0.021739130434782608,-0.0002517188858643729,-27.310661304117502
2025-10-10,UPS,0.021337679732947545,0.021739130434782608,0.0004014507018350634,43.55606497489847
2025-10-10,V,0.021949080116278753,0.021739130434782608,-0.00020994968149614518,-22.77884165329571
2025-10-10,WFC,0.021499636508963412,0.021739130434782608,0.00023949392581919596,25.984293828337048
2025-10-10,WMT,0.022294090730065996,0.021739130434782608,-0.0005549602952833882,-60.21134492818287
2025-10-10,XOM,0.02184531254143591,0.021739130434782608,-0.00010618210665330058,-11.520405159144287
2025-10-17,AAPL,0.02201559781633247,0.02127659574468084,-0.0007390020716516316,-81.43668217286469
2025-10-17,ABBV,0.021470331533263574,0.02127659574468084,-0.00019373578858273427,-21.34933100398516
2025-10-17,ABT,0.020844657288595903,0.02127659574468084,0.00043193845608493694,47.598831066618196
2025-10-17,ADBE,0.021133500368891896,0.02127659574468084,0.00014309537578894443,15.768849757736911
2025-10-17,AMGN,0.022043338622786852,0.02127659574468084,-0.0007667428781060123,-84.49366851309964
2025-10-17,AMZN,0.021073612744357824,0.02127659574468084,0.00020298300032301625,22.368356893581748
2025-10-17,AVGO,0.023031494552653364,0.02127659574468084,-0.0017548988079725235,-193.386652017083
2025-10-17,BA,0.02162747341988726,0.02127659574468084,-0.00035087767520642146,-38.66608066940445
2025-10-17,BAC,0.022560047706129682,0.02127659574468084,-0.001283451961448842,-141.4340682902988
2025-10-17,BLK,0.02194736243192605,0.02127659574468084,-0.0006707666872452084,-73.91726710488007
2025-10-17,BRK-B,0.021546973697120754,0.02127659574468084,-0.00027037795243991386,-29.79515785414318
2025-10-17,COP,0.021119725355560677,0.02127659574468084,0.0001568703891201631,17.28683113507498
2025-10-17,COST,0.0215484611451349,0.02127659574468084,-0.0002718654004540584,-29.959071915853215
2025-10-17,CRM,0.021526996459009403,0.02127659574468084,-0.0002504007143285629,-27.59370260364607
2025-10-17,CSCO,0.02209292186811593,0.02127659574468084,-0.0008163261234350912,-89.95765183041144
2025-10-17,CVX,0.02200385052086227,0.02127659574468084,-0.0007272547761814283,-80.14215161023773
2025-10-17,DE,0.021985618769448677,0.02127659574468084,-0.0007090230247678367,-78.13304581435676
2025-10-17,EOG,0.021238611894731474,0.02127659574468084,3.798384994936621e-05,4.185751075250709
2025-10-17,GS,0.021022478183459023,0.02127659574468084,0.00025411756122181717,28.003292360890804
2025-10-17,HD,0.022322929186983597,0.02127659574468084,-0.001046333442302757,-115.3040394016884
2025-10-17,HON,0.021621400195946106,0.02127659574468084,-0.0003448044512652654,-37.99682245372016
2025-10-17,INTC,0.0,0.02127659574468084,0.02127659574468084,2344.642094855856
2025-10-17,JNJ,0.021683566994259343,0.0,-0.021683566994259343,-2389.489585244275
2025-10-17,JPM,0.02116614036036445,0.02127659574468084,0.0001104553843163901,12.171982152569417
2025-10-17,KO,0.021849973122454507,0.02127659574468084,-0.0005733773777736664,-63.18514259981176
2025-10-17,LLY,0.02061570193752093,0.02127659574468084,0.000660893807159911,72.82929370334381
2025-10-17,MA,0.0215370035752541,0.02127659574468084,-0.00026040783057326017,-28.696468585431422
2025-10-17,MCD,0.022201453778372456,0.02127659574468084,-0.0009248580336916161,-101.91767064527205
2025-10-17,MRK,0.021104333364307983,0.02127659574468084,0.00017226238037285763,18.98300053396685
2025-10-17,MS,0.02236280234750349,0.02127659574468084,-0.0010862066028226487,-119.6979890603529
2025-10-17,MSFT,0.021512759786906942,0.02127659574468084,-0.0002361640422261016,-26.0248472706478
2025-10-17,NKE,0.022108570166354,0.02127659574468084,-0.0008319744216731609,-91.68206579221777
2025-10-17,NVDA,0.02141002167200815,0.02127659574468084,-0.0001334259273273082,-14.70329415056891
2025-10-17,ORCL,0.021282467933887966,0.02127659574468084,-5.872189207126177e-06,-0.647104554187355
2025-10-17,PEP,0.02192068713282579,0.02127659574468084,-0.0006440913881449496,-70.97769773420322
2025-10-17,PFE,0.02116980639696495,0.02127659574468084,0.0001067893477158903,11.767991597033154
2025-10-17,PG,0.02164750872558071,0.02127659574468084,-0.0003709129808998693,-40.87393486167611
2025-10-17,QCOM,0.022777019060023676,0.02127659574468084,-0.001500423315342836,-165.3439162670319
2025-10-17,RTX,0.021436940949846453,0.02127659574468084,-0.0001603452051656129,-17.66974953376096
2025-10-17,SLB,0.022017033331716555,0.02127659574468084,-0.0007404375870357152,-81.59487335333948
2025-10-17,TMO,0.0219788736535448,0.02127659574468084,-0.0007022779088639609,-77.38974632826005
2025-10-17,TSLA,0.0,0.02127659574468084,0.02127659574468084,2344.642094855856
2025-10-17,UNH,0.02152980209432042,0.02127659574468084,-0.00025320634963958005,-27.902878504338236
2025-10-17,UPS,0.02231729578233922,0.02127659574468084,-0.0010407000376583785,-114.68324847135978
2025-10-17,V,0.021293398591038612,0.02127659574468084,-1.680284635777185e-05,-1.8516430615398833
2025-10-17,WFC,0.02296370518052469,0.02127659574468084,-0.0016871094358438497,-185.91638668967636
2025-10-17,WMT,0.022640873658501436,0.02127659574468084,-0.0013642779138205961,-150.34094101381737
2025-10-17,XOM,0.021694876642380685,0.02127659574468084,-0.00041828089769984506,-46.09379301039421
2025-10-24,AAPL,0.021701856574371615,0.02127659574468084,-0.00042526082969077464,-47.85799538121058
2025-10-24,ABBV,0.020688982735377368,0.02127659574468084,0.0005876130093034719,66.12878196572561
2025-10-24,ABT,0.02055846453074937,0.02127659574468084,0.0007181312139314701,80.81703726258098
2025-10-24,ADBE,0.022098829330600533,0.02127659574468084,-0.0008222335859196933,-92.53250807471332
2025-10-24,AMGN,0.020340853154015612,0.02127659574468084,0.0009357425906652284,105.30658234999443
2025-10-24,AMZN,0.02192463376116077,0.02127659574468084,-0.0006480380164799286,-72.92889030503174
2025-10-24,AVGO,0.021118610313570697,0.02127659574468084,0.0001579854311101435,17.779361522352385
2025-10-24,BA,0.02165512919534595,0.02127659574468084,-0.00037853345066510974,-42.599390465228915
2025-10-24,BAC,0.021356420325091618,0.02127659574468084,-7.982458041077764e-05,-8.983297152911854
2025-10-24,BLK,0.020392271291901954,0.02127659574468084,0.0008843244527788861,99.52008890016425
2025-10-24,BRK-B,0.020818822876150413,0.02127659574468084,0.0004577728685304268,51.51683460642964
2025-10-24,COP,0.021205741462606523,0.02127659574468084,7.085428207431743e-05,7.973797884741408
2025-10-24,COST,0.020739136318561398,0.02127659574468084,0.0005374594261194424,60.4845989495805
2025-10-24,CRM,0.021839355914063344,0.02127659574468084,-0.0005627601693825035,-63.33189352666447
2025-10-24,CSCO,0.020980889707342135,0.02127659574468084,0.0002957060373387048,33.278160557233235
2025-10-24,CVX,0.021169860301419353,0.02127659574468084,0.0001067354432614867,12.011791338351205
2025-10-24,DE,0.021480279146275396,0.02127659574468084,-0.00020368340159455586,-22.92211887897038
2025-10-24,EOG,0.020863741710789457,0.02127659574468084,0.00041285403389138345,46.4617596251579
2025-10-24,GS,0.021751096270042403,0.02127659574468084,-0.0004745005253615625,-53.3993313413043
2025-10-24,HD,0.02055488059583492,0.02127659574468084,0.0007217151488459195,81.22036606365349
2025-10-24,HON,0.022185191518457895,0.02127659574468084,-0.0009085957737770545,-102.2515343734538
2025-10-24,INTC,0.021547224935702783,0.02127659574468084,-0.0002706291910219427,-30.456062890548083
2025-10-24,JPM,0.021033990580651394,0.02127659574468084,0.00024260516402944618,27.302295459522174
2025-10-24,KO,0.021218933763276424,0.02127659574468084,5.7661981404416585e-05,6.489162996109076
2025-10-24,LLY,0.021419319187054545,0.02127659574468084,-0.0001427234423737045,-16.061808116392807
2025-10-24,MA,0.021303994239744384,0.02127659574468084,-2.7398495063543638e-05,-3.0833713303824593
2025-10-24,MCD,0.020676843467109268,0.02127659574468084,0.0005997522775715719,67.4949107134131
2025-10-24,MRK,0.021495732902522314,0.02127659574468084,-0.00021913715784147372,-24.661253413475084
2025-10-24,MS,0.02151377477911793,0.02127659574468084,-0.00023717903443708915,-26.691649787881786
2025-10-24,MSFT,0.021239208332054244,0.02127659574468084,3.738741262659592e-05,4.207503950222993
2025-10-24,NKE,0.021370410395735485,0.02127659574468084,-9.381465105464531e-05,-10.557711464109708
2025-10-24,NVDA,0.021178011031868785,0.02127659574468084,9.858471281205469e-05,11.094524585882958
2025-10-24,ORCL,0.02026168667055794,0.02127659574468084,0.0010149090741229001,114.21581860017741
2025-10-24,PEP,0.020539616266622273,0.02127659574468084,0.0007369794780585671,82.93818286208132
2025-10-24,PFE,0.021044851149307382,0.02127659574468084,0.00023174459537345787,26.08006898511692
2025-10-24,PG,0.02112907190464165,0.02127659574468084,0.00014752384003919108,16.60203518002781
2025-10-24,QCOM,0.021532084030292924,0.02127659574468084,-0.0002554882856120842,-28.75213595775427
2025-10-24,RTX,0.02356252613379844,0.02127659574468084,-0.0022859303891176012,-257.2539918235792
2025-10-24,SLB,0.02287537503936225,0.02127659574468084,-0.0015987792946814093,-179.9233946753922
2025-10-24,TMO,0.022130420628731235,0.02127659574468084,-0.0008538248840503949,-96.08772899906916
2025-10-24,TSLA,0.020567279929498878,0.02127659574468084,0.0007093158151819622,79.82497008126016
2025-10-24,UNH,0.02117703494789598,0.02127659574468084,9.956079678485885e-05,11.204371105949484
2025-10-24,UPS,0.021027641050741522,0.02127659574468084,0.00024895469393931835,28.01685873900522
2025-10-24,V,0.02116688104351362,0.02127659574468084,0.00010971470116722185,12.347071009408106
2025-10-24,WFC,0.021615327666860154,0.02127659574468084,-0.0003387319221793139,-38.12020678912262
2025-10-24,WMT,0.02053069379044045,0.02127659574468084,0.0007459019542403918,83.94230032149845
2025-10-24,XOM,0.021417019099168686,0.02127659574468084,-0.00014042335448784596,-15.802960868463018
2025-10-31,AAPL,0.021907330771375765,0.02127659574468084,-0.0006307350266949244,-70.91683041595036
2025-10-31,ABBV,0.020366187629577762,0.02127659574468084,0.0009104081151030778,102.36193516377854
2025-10-31,ABT,0.020753324154148146,0.02127659574468084,0.0005232715905326944,58.83415551177336
2025-10-31,ADBE,0.020499822580980896,0.02127659574468084,0.0007767731636999439,87.33666023024665
2025-10-31,AMGN,0.021782415621827,0.02127659574468084,-0.0005058198771461589,-56.871968307447816
2025-10-31,AMZN,0.023196133894592203,0.02127659574468084,-0.001919538149911363,-215.823690920615
2025-10-31,AVGO,0.02222766509382748,0.02127659574468084,-0.000951069349146641,-106.9336898898172
2025-10-31,BA,0.0193396722207647,0.02127659574468084,0.0019369235239161398,217.7784192420706
2025-10-31,BAC,0.021652055533057574,0.02127659574468084,-0.00037545978837673355,-42.21490326903972
2025-10-31,BLK,0.020287219900472404,0.02127659574468084,0.0009893758442084365,111.24068902440109
2025-10-31,BRK-B,0.020665492602226568,0.02127659574468084,0.0006111031424542723,68.70951522571075
2025-10-31,COP,0.021496364724516666,0.02127659574468084,-0.00021976897983582572,-24.709773223426854
2025-10-31,COST,0.020852353078104645,0.02127659574468084,0.0004242426665761953,47.699816828702396
2025-10-31,CRM,0.02176188285783852,0.02127659574468084,-0.0004852871131576786,-54.56336250609902
2025-10-31,CSCO,0.022043316403377235,0.02127659574468084,-0.0007667206586963946,-86.20640463570994
2025-10-31,CVX,0.02159127036382872,0.02127659574468084,-0.0003146746191478797,-35.38050949738626
2025-10-31,DE,0.02079422148489301,0.02127659574468084,0.00048237425978783083,54.235855201584066
2025-10-31,EOG,0.02118747691116306,0.02127659574468084,8.911883351778171e-05,10.020095501220236
2025-10-31,GS,0.02144472253209015,0.02127659574468084,-0.00016812678740930898,-18.903372044456727
2025-10-31,HD,0.02090510859807072,0.02127659574468084,0.0003714871466101201,41.768238424782524
2025-10-31,HON,0.021046414565014222,0.02127659574468084,0.00023018117966661783,25.880471184386018
2025-10-31,INTC,0.022246867933368025,0.02127659574468084,-0.0009702721886871851,-109.09276534553968
2025-10-31,JPM,0.02205258632470442,0.02127659574468084,-0.0007759905800235785,-87.24867026375642
2025-10-31,KO,0.021048132316875835,0.02127659574468084,0.0002284634278050049,25.6873353788402
2025-10-31,LLY,0.02226070757900877,0.02127659574468084,-0.000984111834327929,-110.64882892435246
2025-10-31,MA,0.020490776299869732,0.02127659574468084,0.0007858194448111082,88.3537808217843
2025-10-31,MCD,0.020783013509802512,0.02127659574468084,0.000493582234878328,55.49602632758596
2025-10-31,MRK,0.02092803174396279,0.02127659574468084,0.00034856400071804974,39.19086951228302
2025-10-31,MS,0.02144352695006866,0.02127659574468084,-0.00016693120538781997,-18.768946518874962
2025-10-31,MSFT,0.021059681817822775,0.02127659574468084,0.00021691392685806513,24.388764718614052
2025-10-31,NKE,0.019902775897475498,0.02127659574468084,0.0013738198472053424,154.46573442551465
2025-10-31,NVDA,0.023151195277562774,0.02127659574468084,-0.0018745995328819341,-210.7710077048075
2025-10-31,ORCL,0.019738225052545365,0.02127659574468084,0.0015383706921354746,172.96704459669664
2025-10-31,PEP,0.020528344505482486,0.02127659574468084,0.000748251239198354,84.129791422572
2025-10-31,PFE,0.021200966352363328,0.02127659574468084,7.562939231751248e-05,8.503407235121879
2025-10-31,PG,0.020999512521268682,0.02127659574468084,0.0002770832234121577,31.153912711635677
2025-10-31,QCOM,0.022803181999505578,0.02127659574468084,-0.0015265862548247376,-171.6420588151203
2025-10-31,RTX,0.021277697512223425,0.02127659574468084,-1.101767542584925e-06,-0.12387747416647828
2025-10-31,SLB,0.021432274879789607,0.02127659574468084,-0.00015567913510876677,-17.503817540721776
2025-10-31,TMO,0.021105497949251012,0.02127659574468084,0.00017109779542982817,19.237417979815092
2025-10-31,TSLA,0.022417014692104158,0.02127659574468084,-0.0011404189474233176,-128.2232533070877
2025-10-31,UNH,0.020065424230512087,0.02127659574468084,0.0012111715141687532,136.17833359440172
2025-10-31,UPS,0.02354183895416042,0.02127659574468084,-0.0022652432094795796,-254.69311476060946
2025-10-31,V,0.02088852076556228,0.02127659574468084,0.0003880749791185592,43.633294993994035
2025-10-31,WFC,0.02143358415919129,0.02127659574468084,-0.00015698841451045054,-17.651026656065888
2025-10-31,WMT,0.020294683099845046,0.02127659574468084,0.0009819126448357939,110.40156257372101
2025-10-31,XOM,0.02110548615392574,0.02127659574468084,0.00017110959075510024,19.238744189786978
2025-11-07,AAPL,0.021375718123273647,0.02083333333333332,-0.0005423847899403283,-60.27182703416672
2025-11-07,ABBV,0.021637574100937352,0.02083333333333332,-0.0008042407676040336,-89.37024293064829
2025-11-07,ABT,0.02200413532823914,0.02083333333333332,-0.00117080199490582,-130.10389789135576
2025-11-07,ADBE,0.020681884050866357,0.02083333333333332,0.00015144928246696096,16.829610871465587
2025-11-07,AMGN,0.023097358132159636,0.02083333333333332,-0.0022640247988263175,-251.58690584029193
2025-11-07,AMZN,0.02154374487573691,0.02083333333333332,-0.0007104115424035919,-78.94358839143624
2025-11-07,AVGO,0.020350562446255493,0.02083333333333332,0.0004827708870778248,53.64730711989013
2025-11-07,BA,0.020840557147175174,0.02083333333333332,-7.223813841855664e-06,-0.802737219919542
2025-11-07,BAC,0.021426308134943783,0.02083333333333332,-0.0005929748016104651,-65.8935783988656
2025-11-07,BLK,0.021514866162084607,0.02083333333333332,-0.0006815328287512884,-75.73447768902815
2025-11-07,BRK-B,0.02249709520848821,0.02083333333333332,-0.0016637618751548927,-184.88344405160933
2025-11-07,COP,0.021035212597227845,0.02083333333333332,-0.00020187926389452632,-22.43357907690302
2025-11-07,COST,0.021793649401511815,0.02083333333333332,-0.0009603160681784968,-106.71391424112983
2025-11-07,CRM,0.019829868712465944,0.02083333333333332,0.001003464620867374,111.50874284376219
2025-11-07,CSCO,0.020926328817306737,0.02083333333333332,-9.299548397341886e-05,-10.334006094863339
2025-11-07,CVX,0.021158479562958455,0.02083333333333332,-0.00032514622962513673,-36.13146547662909
2025-11-07,DE,0.021814253730556833,0.02083333333333332,-0.0009809203972235142,-109.00354436975672
2025-11-07,EOG,0.021439539252618964,0.02083333333333332,-0.0006062059192856462,-67.36386969533605
2025-11-07,GS,0.02144436369532765,0.02083333333333332,-0.0006110303619943323,-67.89997981838388
2025-11-07,HD,0.021046083194775512,0.02083333333333332,-0.00021274986144219354,-23.641560545600026
2025-11-07,HON,0.020750727558348947,0.02083333333333332,8.26057749843713e-05,9.179462761905762
2025-11-07,INTC,0.020525740977591977,0.02083333333333332,0.00030759235574134153,34.18081333791392
2025-11-07,JPM,0.021740801203361457,0.02083333333333332,-0.0009074678700281384,-100.84122474639638
2025-11-07,KO,0.022042518816742906,0.02083333333333332,-0.0012091854834095882,-134.3692147346278
2025-11-07,LLY,0.02306157479530266,0.02083333333333332,-0.00222824146196934,-247.6105275757275
2025-11-07,LMT,0.0,0.02083333333333332,0.02083333333333332,2315.0779418979473
2025-11-07,MA,0.021526217150593843,0.02083333333333332,-0.0006928838172605249,-76.99584199861874
2025-11-07,MCD,0.021615722022060763,0.02083333333333332,-0.000782388688727445,-86.94195817264168
2025-11-07,MRK,0.021602109776396886,0.02083333333333332,-0.0007687764430635673,-85.42931450818699
2025-11-07,MS,0.021311727739836996,0.02083333333333332,-0.000478394406503678,-53.16097622515323
2025-11-07,MSFT,0.020654378197308382,0.02083333333333332,0.00017895513602493585,19.886164224032445
2025-11-07,NKE,0.02036049514515193,0.02083333333333332,0.00047283818818138687,52.543548458194564
2025-11-07,NVDA,0.020002488294574933,0.02083333333333332,0.0008308450387583856,92.32660907351448
2025-11-07,ORCL,0.019612920468038312,0.02083333333333332,0.0012204128652950064,135.6168434137412
2025-11-07,PEP,0.021064303134955407,0.02083333333333332,-0.00023096980162208916,-25.666228463032496
2025-11-07,PFE,0.02171054285462839,0.02083333333333332,-0.0008772095212950734,-97.478803832308
2025-11-07,PG,0.021041683202192043,0.02083333333333332,-0.00020834986885872459,-23.152616908423855
2025-11-07,QCOM,0.020335811986981592,0.02083333333333332,0.0004975213463517258,55.286433338988004
2025-11-07,RTX,0.02134248086476381,0.02083333333333332,-0.0005091475314304914,-56.57837852095311
2025-11-07,SLB,0.021885183485183188,0.02083333333333332,-0.0010518501518498695,-116.88552406702276
2025-11-07,TMO,0.021717454213982013,0.02083333333333332,-0.000884120880648695,-98.24681994053678
2025-11-07,TSLA,0.020252049099124966,0.02083333333333332,0.000581284234208352,64.59447881226224
2025-11-07,UNH,0.02043350607373374,0.02083333333333332,0.00039982725959957985,44.430300924887625
2025-11-07,UPS,0.021422064824941908,0.02083333333333332,-0.0005887314916085892,-65.42204591633867
2025-11-07,V,0.021228798308815498,0.02083333333333332,-0.0003954649754821793,-43.94554759353631
2025-11-07,WFC,0.021408770783288854,0.02083333333333332,-0.0005754374499555362,-63.9447622720352
2025-11-07,WMT,0.02182698525955239,0.02083333333333332,-0.0009936519262190718,-110.41831950308071
2025-11-07,XOM,0.02206536108763572,0.02083333333333332,-0.001232027754302402,-136.9075333339947
2025-11-14,AAPL,0.02093007343979226,0.021739130434782608,0.0008090569949903495,90.886330997517
2025-11-14,ABBV,0.02184855744204975,0.021739130434782608,-0.0001094270072671405,-12.292606409845897
2025-11-14,ABT,0.02129722326385227,0.021739130434782608,0.00044190717093033766,49.64214098146456
2025-11-14,ADBE,0.020869574415420398,0.021739130434782608,0.0008695560193622102,97.68255720671426
2025-11-14,AMGN,0.021671853664312384,0.0,-0.021671853664312384,-2434.5321499728725
2025-11-14,AMZN,0.019787835191789678,0.021739130434782608,0.00195129524299293,219.20095423024088
2025-11-14,AVGO,0.02019632458727713,0.021739130434782608,0.0015428058475054768,173.31283678347046
2025-11-14,BA,0.020597845157365985,0.021739130434782608,0.0011412852774166232,128.20757020599953
2025-11-14,BAC,0.02037883591041593,0.021739130434782608,0.0013602945243666766,152.81022123438217
2025-11-14,BLK,0.020145412396849468,0.021739130434782608,0.0015937180379331402,179.03211517753763
2025-11-14,BRK-B,0.02101534383931606,0.021739130434782608,0.0007237865954665482,81.30738439252144
2025-11-14,COP,0.021684853962769982,0.021739130434782608,5.427647201262584e-05,6.09720876435389
2025-11-14,COST,0.02061273359283086,0.021739130434782608,0.0011263968419517496,126.53506099827453
2025-11-14,CRM,0.020932103790916454,0.021739130434782608,0.0008070266438661537,90.65824921161385
2025-11-14,CSCO,0.02261678780199344,0.021739130434782608,-0.0008776573672108316,-98.59263126411068
2025-11-14,CVX,0.020952998543409214,0.021739130434782608,0.0007861318913733942,88.31101359913295
2025-11-14,DE,0.02097917853073568,0.021739130434782608,0.0007599519040469294,85.37005516431678
2025-11-14,EOG,0.021582905405284167,0.021739130434782608,0.0001562250294984413,17.54971507447576
2025-11-14,GS,0.020727136884575188,0.021739130434782608,0.0010119935502074205,113.68343805321288
2025-11-14,HD,0.020121497784834706,0.021739130434782608,0.0016176326499479018,181.7185901189931
2025-11-14,HON,0.021261705519400688,0.021739130434782608,0.00047742491538192017,53.63206690571944
2025-11-14,INTC,0.019196799011275172,0.021739130434782608,0.002542331423507436,285.5956708773546
2025-11-14,JPM,0.019912174111665574,0.021739130434782608,0.0018269563231170342,205.23320128120517
2025-11-14,KO,0.020785555281812345,0.021739130434782608,0.0009535751529702631,107.12094144232326
2025-11-14,LLY,0.022890571182031288,0.0,-0.022890571182031288,-2571.4381583180493
2025-11-14,LMT,0.020940977119888116,0.021739130434782608,0.0007981533148944918,89.66145378315588
2025-11-14,MA,0.02037440968245596,0.021739130434782608,0.0013647207523266487,153.30744654969544
2025-11-14,MCD,0.021114203094453592,0.021739130434782608,0.0006249273403290158,70.20191834966876
2025-11-14,MRK,0.022193290737620913,0.021739130434782608,-0.0004541603028383051,-51.018610388736725
2025-11-14,MS,0.020797760662219278,0.021739130434782608,0.0009413697725633302,105.7498362538336
2025-11-14,MSFT,0.021161527175239874,0.021739130434782608,0.000577603259542734,64.88571430331905
2025-11-14,NKE,0.021646346070286194,0.021739130434782608,9.278436449641422e-05,10.423036343831322
2025-11-14,NVDA,0.02082861924007116,0.021739130434782608,0.0009105111947114476,102.28330306998504
2025-11-14,ORCL,0.019193989687171998,0.021739130434782608,0.00254514074761061,285.91125947235025
2025-11-14,PEP,0.021025434362726823,0.021739130434782608,0.0007136960720557847,80.17385405247441
2025-11-14,PFE,0.02113879764802779,0.021739130434782608,0.0006003327867548196,67.43906140544665
2025-11-14,PG,0.02070411604968443,0.021739130434782608,0.0010350143850981798,116.26950953232505
2025-11-14,QCOM,0.020979993301570923,0.021739130434782608,0.0007591371332116847,85.2785269626231
2025-11-14,RTX,0.020444350190617876,0.021739130434782608,0.0012947802441647324,145.45060059904114
2025-11-14,SLB,0.02076476744636187,0.021739130434782608,0.0009743629884207371,109.4561664081444
2025-11-14,TMO,0.02083418482138048,0.021739130434782608,0.0009049456134021285,101.6580872097867
2025-11-14,TSLA,0.019399777403222268,0.021739130434782608,0.00233935303156034,262.7938640453557
2025-11-14,UNH,0.02045800349732019,0.021739130434782608,0.0012811269374624172,143.91684097537947
2025-11-14,UPS,0.02061382019247198,0.021739130434782608,0.0011253102423106273,126.41299660076443
2025-11-14,V,0.02027949908542219,0.021739130434782608,0.0014596313493604185,163.96933562623207
2025-11-14,WFC,0.020370262048047833,0.021739130434782608,0.001368868386734775,153.77337574381625
2025-11-14,WMT,0.02058527993057921,0.021739130434782608,0.0011538505042033992,129.61909914385316
2025-11-14,XOM,0.0211547098411825,0.021739130434782608,0.0005844205936001087,65.65154722176084
2025-11-21,AAPL,0.022129215841910726,0.021739130434782608,-0.00039008540712811776,-42.89889156133836
2025-11-21,ABBV,0.022578801114816582,0.021739130434782608,-0.0008396706800339743,-92.3411662979286
2025-11-21,ABT,0.021782533942154323,0.021739130434782608,-4.340350737171497e-05,-4.7732171521848725
2025-11-21,ADBE,0.021740154967670577,0.021739130434782608,-1.0245328879686377e-06,-0.11267103167372845
2025-11-21,AMGN,0.0,0.021739130434782608,0.021739130434782608,2390.7190120886426
2025-11-21,AMZN,0.020879657279515816,0.021739130434782608,0.000859473155266792,94.51890538310214
2025-11-21,AVGO,0.022057677910715407,0.021739130434782608,-0.000318547475932799,-35.031645320408025
2025-11-21,BA,0.0205125236673286,0.021739130434782608,0.0012266067674540082,134.89371748820892
2025-11-21,BAC,0.02176105188036419,0.021739130434782608,-2.1921445581583182e-05,-2.4107687693204443
2025-11-21,BLK,0.02129710329564693,0.021739130434782608,0.00044202713913567976,48.611083527977776
2025-11-21,BRK-B,0.02199042984469669,0.021739130434782608,-0.0002512994099140818,-27.636168742379613
2025-11-21,COP,0.02142915893483843,0.021739130434782608,0.00030997149994417897,34.08851887362038
2025-11-21,COST,0.02162756126739421,0.021739130434782608,0.00011156916738839714,12.269604363363696
2025-11-21,CRM,0.020696041003586147,0.021739130434782608,0.001043089431196461,114.71175178562493
2025-11-21,CSCO,0.021663336718005577,0.021739130434782608,7.579371677703117e-05,8.335268066002675
2025-11-21,CVX,0.021363915028197192,0.021739130434782608,0.0003752154065854163,41.26359188300694
2025-11-21,DE,0.022717548274523956,0.021739130434782608,-0.0009784178397413482,-107.59961803687162
2025-11-21,EOG,0.021514349915357698,0.021739130434782608,0.00022478051942491015,24.71980482146948
2025-11-21,GS,0.021730317328752757,0.021739130434782608,8.813106029851442e-06,0.9692043664914692
2025-11-21,HD,0.02103750314575313,0.021739130434782608,0.0007016272890294772,77.16011016701728
2025-11-21,HON,0.021197967122949045,0.021739130434782608,0.0005411633118335632,59.513393239286295
2025-11-21,INTC,0.021566587325108955,0.021739130434782608,0.0001725431096736528,18.975096264278086
2025-11-21,JPM,0.021795390534569893,0.021739130434782608,-5.626009978728502e-05,-6.187096148439458
2025-11-21,KO,0.02276274337862983,0.021739130434782608,-0.0010236129438472227,-112.56986259027666
2025-11-21,LMT,0.021966324460082478,0.021739130434782608,-0.00022719402529986985,-24.985225482997958
2025-11-21,MA,0.021987347060791595,0.021739130434782608,-0.0002482166260089867,-27.297145518144315
2025-11-21,MCD,0.022371990578890003,0.021739130434782608,-0.0006328601441073951,-69.59757581149255
2025-11-21,MRK,0.02336077801983968,0.021739130434782608,-0.0016216475850570726,-178.33757077516455
2025-11-21,MS,0.021433171837701118,0.021739130434782608,0.0003059585970814904,33.64720760791564
2025-11-21,MSFT,0.020586207360674607,0.021739130434782608,0.0011529230741080011,126.79049518630133
2025-11-21,NKE,0.021730158545041928,0.021739130434782608,8.971889740680417e-06,0.9866662993607548
2025-11-21,NVDA,0.020885992224629696,0.021739130434782608,0.0008531382101529122,93.82223199178478
2025-11-21,ORCL,0.019803941504107903,0.0,-0.019803941504107903,-2177.900335535457
2025-11-21,PEP,0.02227728056865928,0.021739130434782608,-0.0005381501338766713,-59.182024795182286
2025-11-21,PFE,0.022186489577355174,0.021739130434782608,-0.0004473591425725662,-49.197460339475754
2025-11-21,PG,0.022692891897465317,0.021739130434782608,-0.000953761462682709,-104.88808044431914
2025-11-21,QCOM,0.020841172769616063,0.021739130434782608,0.0008979576651665447,98.75116525956174
2025-11-21,RTX,0.021544114301787827,0.021739130434782608,0.0001950161329947811,21.446523733472997
2025-11-21,SLB,0.021753394694711763,0.021739130434782608,-1.4264259929154532e-05,-1.568684520676181
2025-11-21,TMO,0.022540696802600915,0.021739130434782608,-0.0008015663678183071,-88.15071792972698
2025-11-21,TSLA,0.02147605705910777,0.021739130434782608,0.00026307337567483755,28.930987956807908
2025-11-21,UNH,0.02207382200471501,0.021739130434782608,-0.00033469156993240143,-36.807060973466626
2025-11-21,UPS,0.022279521066659827,0.021739130434782608,-0.0005403906318772189,-59.428419248839255
2025-11-21,V,0.022066957915881435,0.021739130434782608,-0.00032782748109882673,-36.052196020412374
2025-11-21,WFC,0.021697726793886478,0.021739130434782608,4.140364089613019e-05,4.553285687163187
2025-11-21,WMT,0.022819548380647835,0.021739130434782608,-0.0010804179458652266,-118.81688331236073
2025-11-21,XOM,0.021792844852659577,0.021739130434782608,-5.3714417876968984e-05,-5.907139681920215
2025-11-28,AAPL,0.021705447328742248,0.021739130434782608,3.368310604036015e-05,3.810319487007139
2025-11-28,ABBV,0.02036516575483,0.021739130434782608,0.0013739646799526065,155.42641430424825
2025-11-28,ABT,0.02126286168615881,0.021739130434782608,0.0004762687486237968,53.876744376224806
2025-11-28,ADBE,0.02086789459653127,0.021739130434782608,0.0008712358382513379,98.5564362232604
2025-11-28,AMGN,0.021628396626083013,0.021739130434782608,0.00011073380869959515,12.52649291466817
2025-11-28,AMZN,0.02233237977656216,0.021739130434782608,-0.0005932493417795531,-67.10988959653022
2025-11-28,AVGO,0.02503107306953928,0.021739130434782608,-0.0032919426347566734,-372.3930078269249
2025-11-28,BA,0.022226219823451316,0.021739130434782608,-0.0004870893886687079,-55.1008029762723
2025-11-28,BAC,0.021989163879742923,0.021739130434782608,-0.0002500334449603153,-28.284425628511002
2025-11-28,BLK,0.021811056448776425,0.021739130434782608,-7.192601399381646e-05,-8.136455480530758
2025-11-28,BRK-B,0.021542168125490743,0.021739130434782608,0.00019696230929186487,22.280882422228526
2025-11-28,CAT,0.0,0.021739130434782608,0.021739130434782608,2459.1862824939312
2025-11-28,COP,0.021451821359629135,0.021739130434782608,0.0002873090751534732,32.501140676858206
2025-11-28,COST,0.02147527253027976,0.021739130434782608,0.0002638579045028469,29.84828400692576
2025-11-28,CRM,0.021451709233661666,0.021739130434782608,0.0002874212011209423,32.51382465434933
2025-11-28,CSCO,0.02136581323345481,0.021739130434782608,0.00037331720132779966,42.230600864120106
2025-11-28,CVX,0.021294588344480902,0.021739130434782608,0.00044454209030170624,50.28774328121218
2025-11-28,DE,0.020145836064887786,0.021739130434782608,0.0015932943698948217,180.23755228732722
2025-11-28,EOG,0.021306396329473568,0.021739130434782608,0.00043273410530903986,48.951993684190654
2025-11-28,GS,0.022552523867842227,0.021739130434782608,-0.0008133934330596185,-92.01315475113952
2025-11-28,HD,0.021969673472340412,0.021739130434782608,-0.0002305430375578038,-26.079620672385175
2025-11-28,HON,0.021373880583222152,0.021739130434782608,0.0003652498515604556,41.31800153345918
2025-11-28,INTC,0.024844527226146915,0.021739130434782608,-0.0031053967913643073,-351.29046278709353
2025-11-28,JPM,0.022200451147777633,0.021739130434782608,-0.0004613207129950253,-52.185784184473555
2025-11-28,KO,0.021181797666804034,0.021739130434782608,0.0005573327679785738,63.046914498674944
2025-11-28,LMT,0.020998627439372666,0.021739130434782608,0.0007405029954099425,83.76760118905867
2025-11-28,MA,0.021528683818592225,0.021739130434782608,0.000210446616190383,23.806261859702133
2025-11-28,MCD,0.021301282095276496,0.021739130434782608,0.0004378483395061118,49.53052899500408
2025-11-28,MRK,0.022660853022393818,0.0,-0.022660853022393818,-2563.4539095049727
2025-11-28,MS,0.02266768887826699,0.021739130434782608,-0.0009285584434843806,-105.04091658869243
2025-11-28,MSFT,0.022022845772739913,0.021739130434782608,-0.00028371533795730486,-32.094607892935755
2025-11-28,NKE,0.021748354821139487,0.021739130434782608,-9.224386356879166e-06,-1.043486282090025
2025-11-28,NVDA,0.020910449026004644,0.021739130434782608,0.0008286814087779641,93.7425698391277
2025-11-28,PEP,0.02148059520840646,0.021739130434782608,0.0002585352263761477,29.246168983301537
2025-11-28,PFE,0.021723311691504602,0.021739130434782608,1.5818743278005892e-05,1.7894568778759978
2025-11-28,PG,0.02074607974044983,0.021739130434782608,0.0009930506943327776,112.33644568491506
2025-11-28,QCOM,0.021752418127858216,0.021739130434782608,-1.3287693075608037e-05,-1.5031379767261444
2025-11-28,RTX,0.021783914773846887,0.021739130434782608,-4.478433906427923e-05,-5.066119485681898
2025-11-28,SLB,0.02116174406584779,0.021739130434782608,0.0005773863689348194,65.31542935644045
2025-11-28,TMO,0.021253054860192078,0.021739130434782608,0.0004860755745905304,54.98611772326585
2025-11-28,TSLA,0.02324423709164733,0.021739130434782608,-0.0015051066568647214,-170.26153163559306
2025-11-28,UNH,0.02177979441081735,0.021739130434782608,-4.066397603474242e-05,-4.600013434589824
2025-11-28,UPS,0.0213848167766417,0.021739130434782608,0.0003543136581409083,40.080871238816826
2025-11-28,V,0.021548780307845173,0.021739130434782608,0.0001903501269374351,21.53289536763387
2025-11-28,WFC,0.02182925222738645,0.021739130434782608,-9.012179260384223e-05,-10.194808701756065
2025-11-28,WMT,0.02217392628378628,0.021739130434782608,-0.00043479584900367116,-49.18522342753601
2025-11-28,XOM,0.02092317138407421,0.021739130434782608,0.0008159590507083973,92.3033840106276
2025-12-05,AAPL,0.02146265543498521,0.021739130434782608,0.0002764749997973964,31.668253093483337
2025-12-05,ABBV,0.021315308784172274,0.021739130434782608,0.0004238216506103343,48.54576836191872
2025-12-05,ABT,0.020831834235407482,0.021739130434782608,0.0009072961993751259,103.92435371596872
2025-12-05,ADBE,0.023220334218099714,0.021739130434782608,-0.001481203783317106,-169.66140275788106
2025-12-05,AMGN,0.020500476358015367,0.021739130434782608,0.0012386540767672406,141.8790517301207
2025-12-05,AMZN,0.021128378667396683,0.021739130434782608,0.0006107517673859253,69.957289306604
2025-12-05,AVGO,0.02079037675056588,0.021739130434782608,0.0009487536842167285,108.6730149820695
2025-12-05,BA,0.02293218904298596,0.021739130434782608,-0.0011930586082033526,-136.65641373588866
2025-12-05,BAC,0.021700275732799253,0.021739130434782608,3.885470198335475e-05,4.45053092388983
2025-12-05,BLK,0.02208461789398457,0.021739130434782608,-0.00034548745920196314,-39.573141537751795
2025-12-05,BRK-B,0.021072369418286514,0.021739130434782608,0.0006667610164960945,76.37275210684486
2025-12-05,CAT,0.02249006774669793,0.021739130434782608,-0.0007509373119153236,-86.01455056877245
2025-12-05,COP,0.02267833073621149,0.021739130434782608,-0.000939200301428883,-107.57874264552507
2025-12-05,COST,0.02102368660821219,0.021739130434782608,0.0007154438265704194,81.94902320501096
2025-12-05,CRM,0.024264461740180737,0.021739130434782608,-0.002525331305398129,-289.2588153824016
2025-12-05,CSCO,0.021755439399745002,0.021739130434782608,-1.6308964962394312e-05,-1.8680764282496933
2025-12-05,CVX,0.02130753095890554,0.021739130434782608,0.0004315994758770682,49.436663159800325
2025-12-05,DE,0.02195888758277069,0.021739130434782608,-0.0002197571479880811,-25.17162487273166
2025-12-05,EOG,0.022327963594213136,0.021739130434782608,-0.0005888331594305282,-67.44666800378452
2025-12-05,GS,0.022319358881571407,0.021739130434782608,-0.000580228446788799,-66.46105911352441
2025-12-05,HD,0.02146705471347241,0.021739130434782608,0.00027207572131019916,31.16434690065081
2025-12-05,HON,0.021371981897187864,0.021739130434782608,0.0003671485375947442,42.054264653125905
2025-12-05,INTC,0.021917942263590045,0.021739130434782608,-0.00017881182880743682,-20.48162855568198
2025-12-05,JPM,0.021602445838031097,0.021739130434782608,0.00013668459675151082,15.656252489662963
2025-12-05,KO,0.020696362830883542,0.021739130434782608,0.0010427676038990662,119.44164362839356
2025-12-05,LMT,0.021363641540417887,0.021739130434782608,0.0003754888943647214,43.009593450576446
2025-12-05,MA,0.021272677632948215,0.021739130434782608,0.00046645280183439317,53.42886479964145
2025-12-05,MCD,0.021556008302011903,0.021739130434782608,0.000183122132770705,20.97534334696021
2025-12-05,MS,0.022334815513114736,0.021739130434782608,-0.0005956850783321276,-68.23150678526886
2025-12-05,MSFT,0.021081891337335266,0.021739130434782608,0.0006572390974473423,75.28208371877173
2025-12-05,NKE,0.022016279028068915,0.021739130434782608,-0.00027714859328630687,-31.74540845691428
2025-12-05,NVDA,0.022125445153375653,0.021739130434782608,-0.0003863147185930449,-44.24961494206517
2025-12-05,PEP,0.021135855923864348,0.021739130434782608,0.00060327451091826,69.10082253587814
2025-12-05,PFE,0.021709917352334292,0.021739130434782608,2.921308244831569e-05,3.346151692890856
2025-12-05,PG,0.020785576599146767,0.021739130434782608,0.0009535538356358411,109.22283833007167
2025-12-05,QCOM,0.022440388467620424,0.021739130434782608,-0.0007012580328378155,-80.32414100378027
2025-12-05,RTX,0.02100041641394875,0.021739130434782608,0.0007387140208338569,84.61445914681072
2025-12-05,SLB,0.02296313207333255,0.021739130434782608,-0.001224001638549941,-140.20071870817617
2025-12-05,TMO,0.020811828085267253,0.021739130434782608,0.0009273023495153555,106.21591652103716
2025-12-05,TSLA,0.022707209892020998,0.021739130434782608,-0.0009680794572383897,-110.88664540697471
2025-12-05,UNH,0.021542260372084825,0.021739130434782608,0.00019687006269778276,22.5500713504369
2025-12-05,UPS,0.021261862301200297,0.021739130434782608,0.0004772681335823113,54.667684451812704
2025-12-05,V,0.021262631852992785,0.021739130434782608,0.00047649858178982346,54.57953774433135
2025-12-05,WFC,0.02246330532637761,0.021739130434782608,-0.0007241748915950003,-82.94910486583638
2025-12-05,WMT,0.022361655436722305,0.021739130434782608,-0.0006225250019396972,-71.30582994084222
2025-12-05,XOM,0.021582870067442157,0.021739130434782608,0.00015626036734045154,17.898518365293068
2025-12-12,AAPL,0.021524933337364296,0.02127659574468084,-0.00024833759268345565,-28.67603025034305
2025-12-12,ABBV,0.021300357894603796,0.02127659574468084,-2.3762149922956083e-05,-2.743862186311959
2025-12-12,ABT,0.02162911900921486,0.02127659574468084,-0.0003525232645340201,-40.706554688289486
2025-12-12,ADBE,0.02219695051788147,0.02127659574468084,-0.0009203547732006302,-106.2751757885875
2025-12-12,AMGN,0.020769405581059264,0.02127659574468084,0.0005071901636215757,58.56624572030688
2025-12-12,AMZN,0.021249825109344065,0.02127659574468084,2.6770635336775123e-05,3.0912579140476177
2025-12-12,AVGO,0.01988875849960898,0.02127659574468084,0.0013878372450718615,160.25629624654408
2025-12-12,BA,0.02182956128389167,0.02127659574468084,-0.0005529655392108312,-63.85201836928108
2025-12-12,BAC,0.022039245623936072,0.02127659574468084,-0.0007626498792552318,-88.06468151529471
2025-12-12,BLK,0.0219041067274921,0.02127659574468084,-0.0006275109828112607,-72.45992735564201
2025-12-12,BRK-B,0.021357522376167535,0.02127659574468084,-8.09266314866948e-05,-9.344757301923494
2025-12-12,CAT,0.021374844803539645,0.02127659574468084,-9.824905885880489e-05,-11.345012059829473
2025-12-12,COP,0.021989400780640458,0.02127659574468084,-0.0007128050359596176,-82.30899942655606
2025-12-12,COST,0.021317526141662695,0.02127659574468084,-4.093039698185516e-05,-4.726313440214089
2025-12-12,CRM,0.02170098304358102,0.02127659574468084,-0.0004243872989001807,-49.004836076651365
2025-12-12,CSCO,0.021516591433863138,0.02127659574468084,-0.00023999568918229783,-27.712774246450167
2025-12-12,CVX,0.02156216847710471,0.02127659574468084,-0.0002855727324238694,-32.97564506916299
2025-12-12,DE,0.022003401523165413,0.02127659574468084,-0.0007268057784845725,-83.92569270216747
2025-12-12,EOG,0.020763885918643456,0.02127659574468084,0.0005127098260373844,59.203611995372476
2025-12-12,GE,0.0,0.02127659574468084,0.02127659574468084,2456.850356830551
2025-12-12,GS,0.02240640736817058,0.02127659574468084,-0.0011298116234897404,-130.4615702451375
2025-12-12,HD,0.021870087382410593,0.02127659574468084,-0.0005934916377297525,-68.5316466708177
2025-12-12,HON,0.02182620776571897,0.02127659574468084,-0.000549612021038131,-63.464781030276974
2025-12-12,INTC,0.019688964385377074,0.02127659574468084,0.0015876313593037664,183.32691556617914
2025-12-12,JPM,0.0218018032004953,0.02127659574468084,-0.0005252074558144589,-60.64673788570752
2025-12-12,KO,0.021723794439156237,0.02127659574468084,-0.0004471986944753967,-51.638912788513665
2025-12-12,LMT,0.022901198983273557,0.02127659574468084,-0.0016246032385927173,-187.59613118289565
2025-12-12,MA,0.022607554694955314,0.02127659574468084,-0.0013309589502744738,-153.68844767970694
2025-12-12,MCD,0.021943978575818316,0.02127659574468084,-0.0006673828311374759,-77.06400810066651
2025-12-12,MS,0.021795724379903014,0.02127659574468084,-0.0005191286352221741,-59.944804516268135
2025-12-12,MSFT,0.02135696764788634,0.02127659574468084,-8.03719032054992e-05,-9.280701736270322
2025-12-12,NKE,0.022090745688762483,0.02127659574468084,-0.0008141499440816428,-94.01149528963624
2025-12-12,NVDA,0.020690000314771553,0.02127659574468084,0.0005865954299092875,67.7353279905268
2025-12-12,PEP,0.0224007525094974,0.02127659574468084,-0.0011241567648165585,-129.8085925923329
2025-12-12,PFE,0.02141449414078332,0.02127659574468084,-0.00013789839610248156,-15.923399012524904
2025-12-12,PG,0.02147190986056219,0.02127659574468084,-0.00019531411588134817,-22.5533050989653
2025-12-12,QCOM,0.021992880272577953,0.02127659574468084,-0.0007162845278971125,-82.71078320394254
2025-12-12,RTX,0.022516387527254822,0.02127659574468084,-0.0012397917825739818,-143.16119552038626
2025-12-12,SLB,0.02211867513543675,0.02127659574468084,-0.0008420793907559093,-97.23656342794055
2025-12-12,TMO,0.021545159976039133,0.02127659574468084,-0.00026856423135829255,-31.011639999293568
2025-12-12,TSLA,0.021751281115732355,0.02127659574468084,-0.0004746853710515149,-54.8128533927574
2025-12-12,UNH,0.022425625302638513,0.02127659574468084,-0.0011490295579576724,-132.68070293542647
2025-12-12,UPS,0.022938746449561398,0.02127659574468084,-0.0016621507048805578,-191.93181096242176
2025-12-12,V,0.022643609838823995,0.02127659574468084,-0.0013670140941431548,-157.85180605443617
2025-12-12,WFC,0.022266948743393748,0.02127659574468084,-0.0009903529987129074,-114.35800855897266
2025-12-12,WMT,0.021906026740698713,0.02127659574468084,-0.0006294309960178726,-72.68163505683584
2025-12-12,XOM,0.021985479477535697,0.02127659574468084,-0.0007088837328548571,-81.85619884474399
2025-12-19,AAPL,0.021113795437844637,0.020408163265306107,-0.0007056321725385298,-80.74461189685124
2025-12-19,ABBV,0.02180593775580432,0.020408163265306107,-0.0013977744904982124,-159.94559651180654
2025-12-19,ABT,0.021467743291615136,0.020408163265306107,-0.0010595800263090288,-121.2464245928446
2025-12-19,ADBE,0.021435121914947522,0.020408163265306107,-0.001026958649641415,-117.51360103253046
2025-12-19,AMGN,0.02212082479933989,0.020408163265306107,-0.0017126615340337832,-195.977729273211
2025-12-19,AMZN,0.021579561128114697,0.020408163265306107,-0.0011713978628085896,-134.04160055374456
2025-12-19,AVGO,0.020302125676510057,0.020408163265306107,0.00010603758879604991,12.133749405179568
2025-12-19,BA,0.022488409334344917,0.020408163265306107,-0.0020802460690388103,-238.03997044269906
2025-12-19,BAC,0.021520073489560525,0.020408163265306107,-0.0011119102242544178,-127.23450405977836
2025-12-19,BLK,0.020899351853425507,0.020408163265306107,-0.0004911885881194004,-56.206099238902965
2025-12-19,BRK-B,0.02125498548957405,0.020408163265306107,-0.0008468222242679416,-96.90081391577947
2025-12-19,CAT,0.020691314121131392,0.020408163265306107,-0.000283150855825285,-32.40060027255281
2025-12-19,COP,0.020660475476999104,0.020408163265306107,-0.00025231221169299753,-28.87177257904129
2025-12-19,COST,0.020769155809545834,0.020408163265306107,-0.00036099254423972715,-41.307927864785796
2025-12-19,CRM,0.02131385838821147,0.020408163265306107,-0.0009056951229053645,-103.63756648563457
2025-12-19,CSCO,0.021640547723147118,0.020408163265306107,-0.0012323844578410112,-141.0202207732392
2025-12-19,CVX,0.021148821270090334,0.020408163265306107,-0.0007406580047842268,-84.75257431850315
2025-12-19,DE,0.020839279721739087,0.020408163265306107,-0.00043111645643298044,-49.33211992275767
2025-12-19,EOG,0.02026091773330561,0.020408163265306107,0.00014724553200049645,16.849123095044654
2025-12-19,GE,0.021999372111769167,0.020408163265306107,-0.0015912088464630596,-182.080049287266
2025-12-19,GS,0.021602919582024937,0.020408163265306107,-0.00119475631671883,-136.714479383387
2025-12-19,HD,0.02059491735519203,0.020408163265306107,-0.0001867540898859224,-21.370038236408636
2025-12-19,HON,0.022073650477867652,0.020408163265306107,-0.001665487212561545,-190.57963033864863
2025-12-19,INTC,0.020907308642584888,0.020408163265306107,-0.0004991453772787806,-57.116584726416846
2025-12-19,JPM,0.021381155223551298,0.020408163265306107,-0.000972991958245191,-111.33825965535237
2025-12-19,KO,0.02132941204479705,0.020408163265306107,-0.0009212487794909435,-105.41735206437518
2025-12-19,LLY,0.0,0.020408163265306107,0.020408163265306107,2335.2807404692708
2025-12-19,LMT,0.021195861750992334,0.020408163265306107,-0.0007876984856862272,-90.13535804307301
2025-12-19,MA,0.021480719543755862,0.020408163265306107,-0.0010725562784497551,-122.73128098652245
2025-12-19,MCD,0.021409802549017944,0.020408163265306107,-0.0010016392837118374,-114.61633747933487
2025-12-19,MRK,0.0,0.020408163265306107,0.020408163265306107,2335.2807404692708
2025-12-19,MS,0.02129737125941347,0.020408163265306107,-0.0008892079941073619,-101.75096484260159
2025-12-19,MSFT,0.02180101178556674,0.020408163265306107,-0.0013928485202606318,-159.38192386403315
2025-12-19,NKE,0.018681960085923464,0.020408163265306107,0.0017262031793826432,197.52728290850646
2025-12-19,NVDA,0.02220178656229216,0.020408163265306107,-0.0017936232969860515,-205.24208311431767
2025-12-19,PEP,0.02111460289183775,0.020408163265306107,-0.0007064396265316422,-80.83700785303884
2025-12-19,PFE,0.020921298869273082,0.020408163265306107,-0.000513135603966975,-58.7174689664641
2025-12-19,PG,0.021712952148775132,0.020408163265306107,-0.0013047888834690248,-149.30536914723734
2025-12-19,QCOM,0.021103383882409624,0.020408163265306107,-0.0006952206171035175,-79.55323055745133
2025-12-19,RTX,0.021872020466431212,0.020408163265306107,-0.0014638572011251051,-167.5073589006509
2025-12-19,SLB,0.020723880387560262,0.020408163265306107,-0.0003157171222541548,-36.12711763678901
2025-12-19,TMO,0.02131852922593917,0.020408163265306107,-0.0009103659606330625,-104.17204463761473
2025-12-19,TSLA,0.02250981076463078,0.020408163265306107,-0.0021016474993246735,-240.4889094929876
2025-12-19,UNH,0.020563801157780677,0.020408163265306107,-0.00015563789247457008,-17.80945046637146
2025-12-19,UPS,0.0216821931378682,0.020408163265306107,-0.0012740298725620915,-145.78565378466192
2025-12-19,V,0.021557104562963513,0.020408163265306107,-0.0011489412976574062,-131.4719237331066
2025-12-19,WFC,0.021527320324417447,0.020408163265306107,-0.00111915705911134,-128.0637503594442
2025-12-19,WMT,0.021038964142465873,0.020408163265306107,-0.0006308008771597658,-72.18175983561389
2025-12-19,XOM,0.02108458864764671,0.020408163265306107,-0.0006764253823406015,-77.40251521948396
2025-12-26,AAPL,0.02018225363215927,0.020408163265306107,0.00022590963314683687,26.11188667714508
2025-12-26,ABBV,0.020483638465023758,0.020408163265306107,-7.54751997176506e-05,-8.723841628662214
2025-12-26,ABT,0.020103955769937617,0.020408163265306107,0.00030420749536849007,35.16198727230491
2025-12-26,ADBE,0.020085242480579038,0.020408163265306107,0.0003229207847270689,37.324972906344826
2025-12-26,AMGN,0.0205446722962634,0.020408163265306107,-0.00013650903095729222,-15.778469900160667
2025-12-26,AMZN,0.02066159165707661,0.020408163265306107,-0.00025342839177050144,-29.2926572209571
2025-12-26,AVGO,0.020940792938187718,0.020408163265306107,-0.0005326296728816113,-61.56428774389439
2025-12-26,BA,0.02042489593418988,0.020408163265306107,-1.6732668883773227e-05,-1.9340545492156487
2025-12-26,BAC,0.02053115501881111,0.020408163265306107,-0.0001229917535050043,-14.21606810214503
2025-12-26,BLK,0.02073460186643443,0.020408163265306107,-0.00032643860112832254,-37.731581610635146
2025-12-26,BRK-B,0.020356197558359386,0.020408163265306107,5.196570694672095e-05,6.006484238804172
2025-12-26,CAT,0.02043989483307477,0.020408163265306107,-3.173156776866207e-05,-3.6677103588800843
2025-12-26,COP,0.020114295752745225,0.020408163265306107,0.00029386751256088237,33.966834787858225
2025-12-26,COST,0.020620814883567137,0.020408163265306107,-0.00021265161826103038,-24.57945188257807
2025-12-26,CRM,0.02068176572137393,0.020408163265306107,-0.00027360245606782366,-31.6244873134203
2025-12-26,CSCO,0.02013520865367858,0.020408163265306107,0.00027295461162752527,31.549605864701842
2025-12-26,CVX,0.020512572252644995,0.020408163265306107,-0.00010440898733888801,-12.068169061637434
2025-12-26,DE,0.02013178134301818,0.020408163265306107,0.00027638192228792574,31.94575341416725
2025-12-26,EOG,0.020513356916619607,0.020408163265306107,-0.00010519365131349961,-12.158864869953756
2025-12-26,GE,0.020723668563330782,0.020408163265306107,-0.00031550529802467503,-36.4678498800641
2025-12-26,GS,0.02050878970208345,0.020408163265306107,-0.00010062643677734295,-11.630960916779628
2025-12-26,HD,0.020482090066046132,0.020408163265306107,-7.392680074002483e-05,-8.544869098489093
2025-12-26,HON,0.020025644628063298,0.020408163265306107,0.00038251863724280896,44.21362280327376
2025-12-26,INTC,0.01986201114377752,0.020408163265306107,0.0005461521215285869,63.12728725723447
2025-12-26,JPM,0.020883641661586995,0.020408163265306107,-0.000475478396280888,-54.958426642423454
2025-12-26,KO,0.020147403205871155,0.020408163265306107,0.00026076005943495226,30.140091978571856
2025-12-26,LLY,0.02032116481909608,0.020408163265306107,8.699844621002858e-05,10.055762283706652
2025-12-26,LMT,0.020581407479606188,0.020408163265306107,-0.00017324421430008063,-20.024525861340337
2025-12-26,MA,0.02046238209922429,0.020408163265306107,-5.4218833918182746e-05,-6.266913133882714
2025-12-26,MCD,0.019872140002389366,0.020408163265306107,0.0005360232629167405,61.956537676717694
2025-12-26,MRK,0.02133929776913968,0.020408163265306107,-0.0009311345038335722,-107.62568336109213
2025-12-26,MS,0.020760380075260616,0.020408163265306107,-0.00035221680995450866,-40.71116976822221
2025-12-26,MSFT,0.020276606914446986,0.020408163265306107,0.00013155635085912096,15.206011702295585
2025-12-26,NKE,0.02096609268284655,0.020408163265306107,-0.0005579294175404419,-64.4885723628805
2025-12-26,NVDA,0.021267048146605978,0.020408163265306107,-0.0008588848812998706,-99.27467180931697
2025-12-26,PEP,0.019604958396266678,0.020408163265306107,0.000803204869039429,92.83886758939826
2025-12-26,PFE,0.020121988626371802,0.020408163265306107,0.0002861746389343049,33.07764984447769
2025-12-26,PG,0.020241344423195924,0.020408163265306107,0.0001668188421101828,19.281845754502932
2025-12-26,QCOM,0.020151466890117386,0.020408163265306107,0.00025669637518872107,29.670388845282634
2025-12-26,RTX,0.020552933721715107,0.020408163265306107,-0.0001447704564089998,-16.733371212609153
2025-12-26,SLB,0.020048335540105593,0.020408163265306107,0.0003598277252005143,41.59088150802164
2025-12-26,TMO,0.020661499254708796,0.020408163265306107,-0.0002533359894026886,-29.28197684348307
2025-12-26,TSLA,0.019949870795038214,0.020408163265306107,0.0004582924702678931,52.9719821236922
2025-12-26,UNH,0.020474289192406667,0.020408163265306107,-6.612592710055973e-05,-7.643200915423861
2025-12-26,UPS,0.01992865050713279,0.020408163265306107,0.0004795127581733172,55.424740535648326
2025-12-26,V,0.02053479567296418,0.020408163265306107,-0.00012663240765807202,-14.636875074169069
2025-12-26,WFC,0.02069089931150734,0.020408163265306107,-0.0002827360462012325,-32.68019825056323
2025-12-26,WMT,0.019739353791612586,0.020408163265306107,0.0006688094736935213,77.30470340029764
2025-12-26,XOM,0.020621156943736577,0.020408163265306107,-0.00021299367843046965,-24.6189890915795
2026-01-02,AAPL,0.020210882136018998,0.020408163265306107,0.00019728112928710934,22.823819288591967
2026-01-02,ABBV,0.020329718748981634,0.020408163265306107,7.844451632447319e-05,9.075391403326515
2026-01-02,ABT,0.020282958159996277,0.020408163265306107,0.00012520510530983006,14.4852105618366
2026-01-02,ADBE,0.019207723801264058,0.020408163265306107,0.001200439464042049,138.8810652757156
2026-01-02,AMGN,0.02006514955068824,0.020408163265306107,0.000343013714617868,39.68389203892512
2026-01-02,AMZN,0.019861237377884828,0.020408163265306107,0.000546925887421279,63.27486903518918
2026-01-02,AVGO,0.02012797661285766,0.020408163265306107,0.0002801866524484477,32.41531283639478
2026-01-02,BA,0.021456427708727473,0.020408163265306107,-0.0010482644434213657,-121.27565525279572
2026-01-02,BAC,0.02030925996869804,0.020408163265306107,9.890329660806538e-05,11.442305591951992
2026-01-02,BLK,0.020331965531066455,0.020408163265306107,7.619773423965179e-05,8.815457022019421
2026-01-02,BRK-B,0.02032978758354766,0.020408163265306107,7.837568175844689e-05,9.067427804874548
2026-01-02,CAT,0.02092804514091455,0.020408163265306107,-0.0005198818756084432,-60.14609721253598
2026-01-02,COP,0.0215384262590415,0.020408163265306107,-0.0011302629937353925,-130.76221943182665
2026-01-02,COST,0.01994904775170967,0.020408163265306107,0.00045911551359643574,53.11592422843474
2026-01-02,CRM,0.019434335511249068,0.020408163265306107,0.0009738277540570391,112.66393677454256
2026-01-02,CSCO,0.01994223053206502,0.020408163265306107,0.00046593273324108814,53.90462099726631
2026-01-02,CVX,0.0211882632418918,0.020408163265306107,-0.0007800999765856936,-90.25121133970565
2026-01-02,DE,0.020366712639840207,0.020408163265306107,4.1450625465899726e-05,4.795499642826815
2026-01-02,EOG,0.02113179123393532,0.020408163265306107,-0.0007236279686292126,-83.71786013110187
2026-01-02,GE,0.02077580692203675,0.020408163265306107,-0.0003676436567306429,-42.53337566618246
2026-01-02,GS,0.02055321504531346,0.020408163265306107,-0.00014505178000735405,-16.78130912135228
2026-01-02,HD,0.020158285317042158,0.020408163265306107,0.00024987794826394905,28.908842705784128
2026-01-02,HON,0.020235193440438524,0.020408163265306107,0.00017296982486758247,20.011199446307412
2026-01-02,INTC,0.022180205310007146,0.020408163265306107,-0.0017720420447010395,-205.01082666240728
2026-01-02,JPM,0.020238022750574958,0.020408163265306107,0.00017014051473114924,19.683871315640875
2026-01-02,KO,0.020170254332650003,0.020408163265306107,0.0002379089326561036,27.524125118841305
2026-01-02,LLY,0.020438492820577345,0.020408163265306107,-3.032955527123779e-05,-3.50888243145983
2026-01-02,LMT,0.020981759852241454,0.020408163265306107,-0.0005735965869353467,-66.36045166647835
2026-01-02,MA,0.019809737629813178,0.020408163265306107,0.0005984256354929288,69.23297028715798
2026-01-02,MCD,0.0199021619951694,0.020408163265306107,0.0005060012701367071,58.54022425323188
2026-01-02,MRK,0.02032610539583203,0.020408163265306107,8.205786947407603e-05,9.493426922539191
2026-01-02,MS,0.020392479891948725,0.020408163265306107,1.568337335738218e-05,1.8144385154216476
2026-01-02,MSFT,0.019771645314944814,0.020408163265306107,0.0006365179503612928,73.63994075605875
2026-01-02,NKE,0.021175501508570994,0.020408163265306107,-0.0007673382432648868,-88.77478277212884
2026-01-02,NVDA,0.020209336508627766,0.020408163265306107,0.00019882675667834068,23.002635784586484
2026-01-02,PEP,0.02016931264924493,0.020408163265306107,0.00023885061606117655,27.633070216338044
2026-01-02,PFE,0.02046225458154229,0.020408163265306107,-5.409131623618224e-05,-6.257924573515572
2026-01-02,PG,0.01997355812874424,0.020408163265306107,0.0004346051365618671,50.28027330655611
2026-01-02,QCOM,0.020175672607318285,0.020408163265306107,0.00023249065798782234,26.897274885716207
2026-01-02,RTX,0.020618147955242163,0.020408163265306107,-0.00020998468993605607,-24.293517752002852
2026-01-02,SLB,0.021689403157214484,0.020408163265306107,-0.001281239891908377,-148.2290164493836
2026-01-02,TMO,0.020802349731699567,0.020408163265306107,-0.0003941864663934598,-45.60416248367869
2026-01-02,TSLA,0.018796398465023345,0.020408163265306107,0.0016117648002827618,186.4680553598746
2026-01-02,UNH,0.020669918845598326,0.020408163265306107,-0.00026175558029221946,-30.28298795712799
2026-01-02,UPS,0.02048646075470974,0.020408163265306107,-7.829748940363368e-05,-9.058381586503561
2026-01-02,V,0.01989977976957739,0.020408163265306107,0.0005083834957287162,58.815828344779554
2026-01-02,WFC,0.02037627306622263,0.020408163265306107,3.1890199083478565e-05,3.6894362050171785
2026-01-02,WMT,0.020575236429365575,0.020408163265306107,-0.00016707316405946762,-19.329003834507812
2026-01-02,XOM,0.020995090332329245,0.020408163265306107,-0.000586927067023138,-67.90267960106775
2026-01-09,AAPL,0.019080290817858808,0.02127659574468084,0.002196304926822032,260.0993479931808
2026-01-09,ABBV,0.019134106406757636,0.02127659574468084,0.002142489337923204,253.7261894151013
2026-01-09,ABT,0.02021430022754823,0.02127659574468084,0.0010622955171326089,125.80328350948483
2026-01-09,ADBE,0.01997545923205998,0.02127659574468084,0.0013011365126208603,154.08823904633968
2026-01-09,AMGN,0.019842871672902867,0.02127659574468084,0.0014337240717779733,169.79003767530884
2026-01-09,AMZN,0.02177443996979547,0.02127659574468084,-0.0004978442251146291,-58.957641433628645
2026-01-09,AVGO,0.01978459657234256,0.02127659574468084,0.0014919991723382799,176.69131785497171
2026-01-09,BA,0.020528275989700775,0.0,-0.020528275989700775,-2431.0791890227792
2026-01-09,BAC,0.01990094424681493,0.02127659574468084,0.0013756514978659103,162.9127418925829
2026-01-09,BLK,0.019937309345982746,0.02127659574468084,0.001339286398698094,158.60617295138286
2026-01-09,BRK-B,0.020026860939249984,0.02127659574468084,0.0012497348054308563,148.00094653855405
2026-01-09,CAT,0.020576576377352232,0.02127659574468084,0.0007000193673286081,82.9004109589759
2026-01-09,COP,0.020103577172569373,0.02127659574468084,0.0011730185721114672,138.91575894771336
2026-01-09,COST,0.021578632983578948,0.02127659574468084,-0.0003020372388981077,-35.769026398684645
2026-01-09,CRM,0.02043337978976979,0.02127659574468084,0.0008432159549110509,99.85859313586256
2026-01-09,CSCO,0.019370255480017473,0.02127659574468084,0.001906340264663367,225.76002714229108
2026-01-09,CVX,0.020730716500323175,0.02127659574468084,0.0005458792443576652,64.64623095203935
2026-01-09,DE,0.020845424413153013,0.02127659574468084,0.00043117133152782705,51.06184520835745
2026-01-09,EOG,0.019499821045342557,0.02127659574468084,0.0017767746993382835,210.4161107981318
2026-01-09,GE,0.019988788959422042,0.02127659574468084,0.001287806785258798,152.50965432731527
2026-01-09,GS,0.020473834293510965,0.02127659574468084,0.0008027614511698748,95.06773285140616
2026-01-09,HD,0.021598055936378875,0.02127659574468084,-0.000321460191698035,-38.06920671411713
2026-01-09,HON,0.021107041260632883,0.02127659574468084,0.0001695544840479568,20.079639312199784
2026-01-09,INTC,0.023060209950128526,0.02127659574468084,-0.001783614205447686,-211.22608534125
2026-01-09,JPM,0.020254779757474736,0.02127659574468084,0.001021815987206104,121.00945947695898
2026-01-09,KO,0.0203375008553864,0.02127659574468084,0.0009390948892944416,111.21314050077937
2026-01-09,LLY,0.019626560654430664,0.02127659574468084,0.0016500350902501765,195.40686081369265
2026-01-09,LMT,0.021775536008468897,0.02127659574468084,-0.0004989402637880572,-59.08744078018225
2026-01-09,MA,0.020406534843157343,0.02127659574468084,0.0008700609015234971,103.0377296143807
2026-01-09,MCD,0.020203484765541378,0.02127659574468084,0.0010731109791394626,127.08411413635872
2026-01-09,MRK,0.020700704078031963,0.02127659574468084,0.000575891666648877,68.200478531375
2026-01-09,MS,0.020421018708399925,0.02127659574468084,0.0008555770362809155,101.32246509896224
2026-01-09,MSFT,0.020203838203758203,0.02127659574468084,0.0010727575409226371,127.04225790381582
2026-01-09,NKE,0.020768316937118364,0.02127659574468084,0.0005082788075624761,60.19336606280989
2026-01-09,NVDA,0.01951535866172422,0.02127659574468084,0.0017612370829566196,208.5760548747102
2026-01-09,PEP,0.019611379703198394,0.02127659574468084,0.0016652160414824466,197.20467835223593
2026-01-09,PFE,0.02017410699637662,0.02127659574468084,0.0011024887483042194,130.56320235946072
2026-01-09,PG,0.019947826671415685,0.02127659574468084,0.0013287690732651548,157.36064941121677
2026-01-09,QCOM,0.020489796789559186,0.02127659574468084,0.0007867989551216537,93.17736017874928
2026-01-09,RTX,0.020069665685949353,0.02127659574468084,0.0012069300587314868,142.93175665897346
2026-01-09,SLB,0.0224162499272796,0.02127659574468084,-0.0011396541825987594,-134.96455169389972
2026-01-09,TMO,0.020823191152544884,0.02127659574468084,0.00045340459213595585,53.6948387045312
2026-01-09,TSLA,0.020252417249689403,0.02127659574468084,0.0010241784949914373,121.28924154505421
2026-01-09,UNH,0.020385803086205023,0.02127659574468084,0.0008907926584758169,105.49290621586196
2026-01-09,UPS,0.02132594131383697,0.0,-0.02132594131383697,-2525.5434085356856
2026-01-09,V,0.020125883119334942,0.02127659574468084,0.0011507126253458982,136.2741575292391
2026-01-09,WFC,0.02009364112837834,0.02127659574468084,0.0011829546163024986,140.09244374414467
2026-01-09,WMT,0.020249522569517432,0.02127659574468084,0.001027073175163408,121.63204659738717
2026-01-09,XOM,0.02025517155002751,0.02127659574468084,0.0010214241946533316,120.96306109835491
2026-01-16,AAPL,0.02100767056513985,0.02127659574468084,0.00026892517954098943,31.774901848598414
2026-01-16,ABBV,0.020935285420415915,0.02127659574468084,0.00034131032426492486,40.32758134415703
2026-01-16,ABT,0.020723352326316672,0.02127659574468084,0.0005532434183641681,65.36857332180413
2026-01-16,ADBE,0.018907842966394042,0.02127659574468084,0.002368752778286798,279.88040079447325
2026-01-16,AMGN,0.02160519014991956,0.02127659574468084,-0.0003285944052387191,-38.82512969696633
2026-01-16,AMZN,0.020611377440428236,0.02127659574468084,0.0006652183042526044,78.59898564201146
2026-01-16,AVGO,0.02173997873373397,0.02127659574468084,-0.00046338298905312936,-54.75109850481339
2026-01-16,BAC,0.020223787101132422,0.02127659574468084,0.0010528086435484182,124.39479029522467
2026-01-16,BLK,0.022857525119527045,0.02127659574468084,-0.0015809293748462044,-186.79498811173082
2026-01-16,BRK-B,0.02107513963327662,0.02127659574468084,0.00020145611140422182,23.803082246130028
2026-01-16,CAT,0.022333912371564547,0.02127659574468084,-0.0010573166268837073,-124.92743185842234
2026-01-16,COP,0.02147206426453799,0.02127659574468084,-0.0001954685198571511,-23.09561731464833
2026-01-16,COST,0.022216294680229086,0.02127659574468084,-0.0009396989355482457,-111.03029286897565
2026-01-16,CRM,0.018630259057032323,0.02127659574468084,0.002646336687648517,312.6783763866937
2026-01-16,CSCO,0.0217014594010529,0.02127659574468084,-0.0004248636563720584,-50.199839982634046
2026-01-16,CVX,0.021869239851298624,0.02127659574468084,-0.0005926441066177839,-70.02396856654374
2026-01-16,DE,0.022473242187658293,0.02127659574468084,-0.0011966464429774525,-141.38997076429385
2026-01-16,EOG,0.02160870278326522,0.02127659574468084,-0.00033210703858438037,-39.24016550722035
2026-01-16,GE,0.021557422172526233,0.02127659574468084,-0.00028082642784539244,-33.181095933487235
2026-01-16,GS,0.021846126107512676,0.02127659574468084,-0.0005695303628318361,-67.29296010758983
2026-01-16,HD,0.02163811534131104,0.02127659574468084,-0.0003615195966302012,-42.71541147198027
2026-01-16,HON,0.02255826486811472,0.02127659574468084,-0.0012816691234338803,-151.4358405151997
2026-01-16,INTC,0.021983428366769506,0.02127659574468084,-0.0007068326220886663,-83.5159326790802
2026-01-16,JPM,0.020240321204249977,0.02127659574468084,0.0010362745404308635,122.44120043572684
2026-01-16,KO,0.021302196856963277,0.02127659574468084,-2.5601112282436916e-05,-3.0249039207776796
2026-01-16,LLY,0.0208189268296556,0.02127659574468084,0.00045766891502524096,54.07595108387765
2026-01-16,LMT,0.02287513378702726,0.0,-0.02287513378702726,-2702.815452599007
2026-01-16,MA,0.01998773848824283,0.02127659574468084,0.0012888572564380106,152.28515563351903
2026-01-16,MCD,0.021330995761782132,0.02127659574468084,-5.440001710129219e-05,-6.427643580664299
2026-01-16,MRK,0.020995402475623433,0.02127659574468084,0.0002811932690574073,33.224440121360196
2026-01-16,MS,0.021640375448460522,0.02127659574468084,-0.00036377970377968194,-42.98245482941017
2026-01-16,MSFT,0.020459358523775877,0.02127659574468084,0.0008172372209049629,96.5608074543223
2026-01-16,NKE,0.020825215934332845,0.02127659574468084,0.0004513798103479953,53.332860815513314
2026-01-16,NVDA,0.021481392062962713,0.02127659574468084,-0.00020479631828187322,-24.197744976754738
2026-01-16,PEP,0.022300300344305905,0.02127659574468084,-0.0010237045996250652,-120.95599687082208
2026-01-16,PFE,0.02146562884062009,0.02127659574468084,-0.00018903309593925124,-22.33523867069088
2026-01-16,PG,0.02172316732039554,0.02127659574468084,-0.0004465715757147014,-52.7647430074348
2026-01-16,QCOM,0.01912122201036488,0.02127659574468084,0.002155373734315961,254.66856235564202
2026-01-16,RTX,0.022841451361998354,0.02127659574468084,-0.0015648556173175135,-184.89579046618465
2026-01-16,SLB,0.022045150441557828,0.02127659574468084,-0.0007685546968769878,-90.80871527250723
2026-01-16,TMO,0.02131854041541041,0.02127659574468084,-4.19446707295712e-05,-4.955979941256341
2026-01-16,TSLA,0.020963509730815236,0.02127659574468084,0.0003130860138656037,36.9927329888876
2026-01-16,UNH,0.020519971954468287,0.02127659574468084,0.000756623790212553,89.3990168988768
2026-01-16,UPS,0.0,0.02127659574468084,0.02127659574468084,2513.939909284305
2026-01-16,V,0.020014466744201164,0.02127659574468084,0.001262129000479676,149.12707385363552
2026-01-16,WFC,0.019641051921204536,0.02127659574468084,0.0016355438234763042,193.2479678873648
2026-01-16,WMT,0.022285921672381057,0.02127659574468084,-0.0010093259277002171,-119.25708236268616
2026-01-16,XOM,0.022226878960042214,0.02127659574468084,-0.0009502832153613743,-112.28088031033869
2026-01-23,AAPL,0.020758443666149422,0.021739130434782608,0.0009806867686331863,115.27513176492226
2026-01-23,ABBV,0.021875142189528764,0.021739130434782608,-0.00013601175474615632,-15.987544087898172
2026-01-23,ABT,0.018866679706530828,0.021739130434782608,0.0028724507282517804,337.643115802374
2026-01-23,ADBE,0.021742763569994238,0.021739130434782608,-3.6331352116295013e-06,-0.4270580104023206
2026-01-23,AMGN,0.02231341462611188,0.021739130434782608,-0.0005742841913292732,-67.50441419563532
2026-01-23,AMZN,0.02138886020713814,0.021739130434782608,0.000350270227644469,41.172623039791574
2026-01-23,AVGO,0.0194602363803355,0.021739130434782608,0.0022788940544471066,267.8733116495709
2026-01-23,BAC,0.02088062860469799,0.021739130434782608,0.0008585018300846167,100.9128650948969
2026-01-23,BLK,0.02077378438397733,0.021739130434782608,0.000965346050805279,113.47190230823735
2026-01-23,BRK-B,0.02076447611344832,0.021739130434782608,0.0009746543213342874,114.56604586768445
2026-01-23,CAT,0.0207636530863444,0.021739130434782608,0.0009754773484382077,114.66278884503974
2026-01-23,COP,0.021420128943000587,0.021739130434782608,0.00031900149178202067,37.497129740651836
2026-01-23,COST,0.02182115057406093,0.021739130434782608,-8.20201392783236e-05,-9.641082825929827
2026-01-23,CRM,0.02147379507069293,0.021739130434782608,0.00026533536408967703,31.188928040663377
2026-01-23,CSCO,0.021214631798133644,0.021739130434782608,0.0005244986366489644,61.65235565939035
2026-01-23,CVX,0.021444448642663247,0.021739130434782608,0.0002946817921193612,34.63846306668042
2026-01-23,DE,0.02138652849438006,0.021739130434782608,0.0003526019404025485,41.446704942415984
2026-01-23,EOG,0.021996465648509975,0.021739130434782608,-0.00025733521372736656,-30.248547873772928
2026-01-23,GE,0.0193297648462651,0.021739130434782608,0.002409365588517509,283.20962877200856
2026-01-23,GS,0.02042672444137995,0.021739130434782608,0.0013124059934026579,154.26717139196194
2026-01-23,HD,0.021587786915530097,0.021739130434782608,0.00015134351925251074,17.789721123611628
2026-01-23,HON,0.021587058438202616,0.021739130434782608,0.0001520719965799923,17.875350218037195
2026-01-23,INTC,0.020524588523550776,0.021739130434782608,0.0012145419112318326,142.76370736234304
2026-01-23,JPM,0.020375800944495925,0.021739130434782608,0.0013633294902866827,160.25298969908366
2026-01-23,KO,0.02212605303327696,0.021739130434782608,-0.00038692259849435265,-45.48093739087209
2026-01-23,LLY,0.02191847213127916,0.021739130434782608,-0.00017934169649655093,-21.080775590964787
2026-01-23,MA,0.02080059413537836,0.021739130434782608,0.0009385362994042482,110.3205417268705
2026-01-23,MCD,0.021511885729711813,0.021739130434782608,0.00022724470507079486,26.711549658640227
2026-01-23,MRK,0.02125755537331786,0.021739130434782608,0.00048157506146474793,56.60689064095402
2026-01-23,MS,0.02024414501807941,0.021739130434782608,0.001494985416703197,175.72852658885813
2026-01-23,MSFT,0.02166849217899828,0.021739130434782608,7.063825578432908e-05,8.303195784451889
2026-01-23,NKE,0.021604516384214248,0.021739130434782608,0.00013461405056836018,15.8232505148459
2026-01-23,NVDA,0.021550640184900004,0.021739130434782608,0.00018849024988260368,22.156145149081173
2026-01-23,PEP,0.02113097137477364,0.021739130434782608,0.000608159060008967,71.48624618875333
2026-01-23,PFE,0.021743507363966203,0.021739130434782608,-4.37692918359503e-06,-0.5144875045758588
2026-01-23,PG,0.02237458048861759,0.021739130434782608,-0.0006354500538349808,-74.69417456090223
2026-01-23,QCOM,0.020902361800836624,0.021739130434782608,0.0008367686339459841,98.3582297835166
2026-01-23,RTX,0.0207508815064023,0.021739130434782608,0.0009882489283803073,116.16402818848849
2026-01-23,SLB,0.022492757738821364,0.0,-0.022492757738821364,-2643.918216325944
2026-01-23,TMO,0.02163621415903149,0.021739130434782608,0.00010291627575111789,12.097325698092144
2026-01-23,TSLA,0.021950342247176208,0.021739130434782608,-0.00021121181239359965,-24.826958293639535
2026-01-23,UNH,0.023015893280484638,0.021739130434782608,-0.00127676284570203,-150.07748649039752
2026-01-23,UPS,0.021599314276679528,0.021739130434782608,0.00013981615810308018,16.434733865799974
2026-01-23,V,0.021247187463793872,0.021739130434782608,0.000491942970988736,57.82558979621055
2026-01-23,WFC,0.021041686689928462,0.021739130434782608,0.0006974437448541461,81.98124228670444
2026-01-23,WMT,0.02103332706499069,0.021739130434782608,0.0007058033697919172,82.96387700456647
2026-01-23,XOM,0.022221664560218273,0.021739130434782608,-0.00048253412543566507,-56.71962411422454
2026-01-30,AAPL,0.022621704617596924,0.022727272727272728,0.00010556810967580349,12.474233272475269
2026-01-30,ABBV,0.0219941950153082,0.022727272727272728,0.0007330777119645276,86.62258341065963
2026-01-30,ABT,0.02200281105400077,0.022727272727272728,0.0007244616732719582,85.60448735053458
2026-01-30,ADBE,0.02106268242198105,0.022727272727272728,0.0016645903052916779,196.69280652155592
2026-01-30,AMGN,0.021444335289113024,0.022727272727272728,0.0012829374381597043,151.59559953041435
2026-01-30,AMZN,0.02163701293548544,0.022727272727272728,0.0010902597917872882,128.82825137364512
2026-01-30,AVGO,0.022384464785490853,0.022727272727272728,0.00034280794178187524,40.507178224338
2026-01-30,BAC,0.022243147478328645,0.022727272727272728,0.00048412524894408254,57.20564010257942
2026-01-30,BLK,0.021414409774310954,0.022727272727272728,0.0013128629529617734,155.1316849409262
2026-01-30,BRK-B,0.02169478465260091,0.022727272727272728,0.0010324880746718189,122.00177813221894
2026-01-30,CAT,0.022685176336628938,0.022727272727272728,4.209639064379003e-05,4.974231313154235
2026-01-30,COP,0.022917200310279322,0.022727272727272728,-0.00018992758300659385,-22.442392712888456
2026-01-30,COST,0.020706917297537382,0.022727272727272728,0.002020355429735346,238.7310429373652
2026-01-30,CRM,0.020129945264439893,0.022727272727272728,0.0025973274628328345,306.90772768292936
2026-01-30,CSCO,0.022705716399433373,0.022727272727272728,2.155632783935532e-05,2.547158064986205
2026-01-30,CVX,0.02294474837953612,0.0,-0.02294474837953612,-2711.217853038667
2026-01-30,DE,0.02219477600466763,0.022727272727272728,0.0005324967226050976,62.92135338032883
2026-01-30,EOG,0.022382891636874784,0.022727272727272728,0.00034438109039794385,40.69306601629881
2026-01-30,GE,0.022575070909130416,0.022727272727272728,0.00015220181814231196,17.984607187081444
2026-01-30,GS,0.02201336087849585,0.022727272727272728,0.0007139118487768763,84.35788956509097
2026-01-30,HD,0.02110708786660819,0.022727272727272728,0.0016201848606645364,191.44573070909675
2026-01-30,HON,0.022216078691162353,0.022727272727272728,0.0005111940361103746,60.40416631046799
2026-01-30,INTC,0.02229606802427376,0.022727272727272728,0.00043120470299896907,50.95239528221302
2026-01-30,JPM,0.022217767786579367,0.022727272727272728,0.0005095049406933609,60.20457790904635
2026-01-30,KO,0.022197006508362708,0.022727272727272728,0.00053026621891002,62.65779061035064
2026-01-30,LLY,0.021072920972745022,0.022727272727272728,0.001654351754527706,195.48298974076783
2026-01-30,MA,0.0222033483252659,0.022727272727272728,0.0005239244020068291,61.908423176713036
2026-01-30,MCD,0.022026422775195134,0.022727272727272728,0.0007008499520775938,82.81445805998777
2026-01-30,MRK,0.022042128132435942,0.022727272727272728,0.0006851445948367861,80.9586676091496
2026-01-30,MS,0.022205157940664147,0.022727272727272728,0.000522114786608581,61.69459378561629
2026-01-30,MSFT,0.01996940394015198,0.022727272727272728,0.002757868787120747,325.8777550443128
2026-01-30,NKE,0.020550451621854458,0.022727272727272728,0.0021768211054182703,257.21947986778054
2026-01-30,NVDA,0.02202303586322427,0.022727272727272728,0.0007042368640484582,83.214665377592
2026-01-30,PEP,0.02297793405969303,0.022727272727272728,-0.00025066133242030234,-29.61886826052539
2026-01-30,PFE,0.022290369263136694,0.022727272727272728,0.00043690346413603406,51.625777386014754
2026-01-30,PG,0.021857666338548108,0.022727272727272728,0.0008696063887246204,102.75520686596171
2026-01-30,QCOM,0.02103732152442453,0.022727272727272728,0.0016899512028481986,199.68952355183063
2026-01-30,RTX,0.02217619397745406,0.022727272727272728,0.0005510787498186689,65.11705947802645
2026-01-30,TMO,0.01998796953359621,0.022727272727272728,0.0027393031936765178,323.68399080834735
2026-01-30,TSLA,0.020726269409935758,0.022727272727272728,0.0020010033173369704,236.44434134619493
2026-01-30,UNH,0.017416143822969243,0.022727272727272728,0.0053111289043034846,627.5783576681098
2026-01-30,UPS,0.021271892284847146,0.022727272727272728,0.0014553804424255815,171.97196383233228
2026-01-30,V,0.02133596779729376,0.022727272727272728,0.0013913049299789683,164.40061589622687
2026-01-30,WFC,0.02250216077407297,0.022727272727272728,0.00022511195319975877,26.599879691508303
2026-01-30,WMT,0.02188334110531866,0.022727272727272728,0.0008439316219540673,99.72140214126004
2026-01-30,XOM,0.022654540218946192,0.0,-0.022654540218946192,-2676.926017143414
2026-02-06,AAPL,0.02380926327978686,0.02499999999999999,0.00119073672021313,143.9416884796096
2026-02-06,ABBV,0.02225536536515108,0.02499999999999999,0.0027446346348489123,331.7839593701755
2026-02-06,ABT,0.022524480685516594,0.02499999999999999,0.0024755193144833966,299.25207137884036
2026-02-06,ADBE,0.02032964231998951,0.02499999999999999,0.004670357680010482,564.5741488043582
2026-02-06,AMGN,0.02497105376782786,0.02499999999999999,2.894623217213066e-05,3.499152636557232
2026-02-06,AMZN,0.019523401520514287,0.02499999999999999,0.005476598479485704,662.0362157983463
2026-02-06,AVGO,0.022322154974182107,0.02499999999999999,0.002677845025817884,323.71012664660054
2026-02-06,BAC,0.023603964476785557,0.02499999999999999,0.001396035523214434,168.75914463529202
2026-02-06,BLK,0.020971573407906507,0.02499999999999999,0.0040284265920934835,486.97458954512354
2026-02-06,BRK-B,0.023487551269916442,0.02499999999999999,0.0015124487300835487,182.83170431503987
2026-02-06,CAT,0.024539772899653887,0.02499999999999999,0.0004602271003461035,55.634352064019254
2026-02-06,COP,0.02293600781329131,0.02499999999999999,0.0020639921867086804,249.50479423393625
2026-02-06,COST,0.023652537087073593,0.02499999999999999,0.0013474629129263983,162.88746585018623
2026-02-06,CRM,0.020022420260005058,0.0,-0.020022420260005058,-2420.401530203597
2026-02-06,CSCO,0.024057097365236594,0.02499999999999999,0.000942902634763397,113.98237327847163
2026-02-06,DE,0.024532069521077546,0.0,-0.024532069521077546,-2965.548511959069
2026-02-06,EOG,0.022524557362759722,0.02499999999999999,0.002475442637240269,299.2428022837865
2026-02-06,GE,0.023242424519086553,0.02499999999999999,0.0017575754809134383,212.4637445528343
2026-02-06,GS,0.022055373973052142,0.02499999999999999,0.002944626026947849,355.9598314764427
2026-02-06,HD,0.022839748517283095,0.02499999999999999,0.002160251482716896,261.1410571996077
2026-02-06,HON,0.023273830459072737,0.02499999999999999,0.001726169540927254,208.6672512112235
2026-02-06,INTC,0.024182967871288652,0.02499999999999999,0.000817032128711339,98.76657211658824
2026-02-06,JPM,0.023412476022733608,0.02499999999999999,0.0015875239772663828,191.90714278861523
2026-02-06,KO,0.02346658809234557,0.0,-0.02346658809234557,-2836.7482546965766
2026-02-06,LLY,0.022663950161676882,0.02499999999999999,0.0023360498383231086,282.3923646535071
2026-02-06,LMT,0.0,0.02499999999999999,0.02499999999999999,3022.1140835785563
2026-02-06,MA,0.022623755864454264,0.02499999999999999,0.002376244135545727,287.25123472214784
2026-02-06,MCD,0.02307104333356537,0.02499999999999999,0.0019289566664346218,233.18108432979264
2026-02-06,MRK,0.024562401132643998,0.0,-0.024562401132643998,-2969.2151355787732
2026-02-06,MS,0.02186842105185066,0.02499999999999999,0.0031315789481493293,378.5595537216085
2026-02-06,MSFT,0.020708674635058492,0.02499999999999999,0.004291325364941499,518.7549929043039
2026-02-06,NKE,0.02297183023428886,0.02499999999999999,0.0020281697657111297,245.17441651375313
2026-02-06,NVDA,0.02154874038331024,0.02499999999999999,0.0034512596166897495,417.204011747361
2026-02-06,ORCL,0.0,0.02499999999999999,0.02499999999999999,3022.1140835785563
2026-02-06,PEP,0.024651336418631025,0.0,-0.024651336418631025,-2979.9660387911126
2026-02-06,PFE,0.022868847093330223,0.02499999999999999,0.0021311529066697678,257.62348854024333
2026-02-06,PG,0.023296615374225334,0.02499999999999999,0.0017033846257746565,205.9129066921912
2026-02-06,QCOM,0.020125382567793792,0.02499999999999999,0.004874617432206199,589.2659997571159
2026-02-06,RTX,0.021962575023013624,0.02499999999999999,0.003037424976986367,367.177792030551
2026-02-06,TMO,0.020839894378165524,0.02499999999999999,0.004160105621834467,502.89255155681093
2026-02-06,TSLA,0.021217454069636096,0.02499999999999999,0.0037825459303638953,457.25141311741936
2026-02-06,UNH,0.02141767512250428,0.02499999999999999,0.0035823248774957094,433.04777856934453
2026-02-06,UPS,0.02453902758036607,0.02499999999999999,0.0004609724196339218,55.72444966067839
2026-02-06,V,0.022886501290682967,0.02499999999999999,0.0021134987093170236,255.48936860208323
2026-02-06,WFC,0.02318117595470743,0.02499999999999999,0.0018188240452925615,219.86775051319896
2026-02-06,WMT,0.024458375498558036,0.0,-0.024458375498558036,-2956.6400422257984
2026-02-13,AAPL,0.023202409202549908,0.023255813953488358,5.340475093845026e-05,6.401401742259596
2026-02-13,ABBV,0.026115726869437327,0.023255813953488358,-0.0028599129159489686,-342.8056718018599
2026-02-13,ABT,0.025626074345416132,0.023255813953488358,-0.002370260391927774,-284.1130936081408
2026-02-13,ADBE,0.024791168229785977,0.023255813953488358,-0.0015353542762976194,-184.03642684533244
2026-02-13,AMGN,0.024380829511983736,0.023255813953488358,-0.0011250155584953785,-134.85085932750633
2026-02-13,AMZN,0.023823551543158922,0.023255813953488358,-0.0005677375896705646,-68.05230493167203
2026-02-13,AVGO,0.024618586700644783,0.023255813953488358,-0.0013627727471564252,-163.3498084843645
2026-02-13,BA,0.0,0.023255813953488358,0.023255813953488358,2787.576111554194
2026-02-13,BAC,0.023430755392998347,0.023255813953488358,-0.0001749414395099888,-20.96949084105477
2026-02-13,BLK,0.025566343369552148,0.023255813953488358,-0.0023105294160637897,-276.9533940262955
2026-02-13,BRK-B,0.024682471834449066,0.023255813953488358,-0.0014266578809607085,-171.00744941804382
2026-02-13,CAT,0.026871352540599504,0.023255813953488358,-0.003615538587111146,-433.3793268208379
2026-02-13,COP,0.02609766770283129,0.023255813953488358,-0.0028418537493429333,-340.6409958405607
2026-02-13,COST,0.025641391661692322,0.023255813953488358,-0.002385577708203964,-285.94911556075976
2026-02-13,CSCO,0.022836952643269542,0.023255813953488358,0.00041886131021881545,50.20713464407124
2026-02-13,EOG,0.026763772595115858,0.023255813953488358,-0.0035079586416274997,-420.48417351799975
2026-02-13,GE,0.024766406635104835,0.023255813953488358,-0.0015105926816164766,-181.0683591631954
2026-02-13,GS,0.024564588314272197,0.023255813953488358,-0.001308774360783839,-156.8772501720326
2026-02-13,HD,0.025591453948631344,0.023255813953488358,-0.002335639995142986,-279.96329299299924
2026-02-13,HON,0.02552254783872814,0.023255813953488358,-0.0022667338852397807,-271.70380887902826
2026-02-13,INTC,0.023312075847277725,0.023255813953488358,-5.626189378936733e-05,-6.743875378075709
2026-02-13,JPM,0.023653460566225748,0.023255813953488358,-0.0003976466127373901,-47.66421853580922
2026-02-13,LLY,0.024813645567713233,0.023255813953488358,-0.001557831614224875,-186.73069032639845
2026-02-13,LMT,0.02637753062839007,0.023255813953488358,-0.003121716674901711,-374.1869816898454
2026-02-13,MA,0.023809893837444546,0.023255813953488358,-0.0005540798839561885,-66.41521348158666
2026-02-13,MCD,0.025237696513423027,0.023255813953488358,-0.001981882559934669,-237.55988463912968
2026-02-13,MS,0.023971403018152,0.023255813953488358,-0.0007155890646636416,-85.77463624086846
2026-02-13,MSFT,0.025216652823498754,0.023255813953488358,-0.0019608388700103965,-235.0374664838599
2026-02-13,NKE,0.02489382666555679,0.023255813953488358,-0.0016380127120684332,-196.34165958311482
2026-02-13,NVDA,0.02485188447437502,0.023255813953488358,-0.0015960705208866617,-191.31422642431937
2026-02-13,ORCL,0.02826202979565653,0.023255813953488358,-0.005006215842168173,-600.0739307092233
2026-02-13,PEP,0.0,0.023255813953488358,0.023255813953488358,2787.576111554194
2026-02-13,PFE,0.025538697046821417,0.023255813953488358,-0.0022828830933330595,-273.63954618718594
2026-02-13,PG,0.025347865594134576,0.023255813953488358,-0.0020920516406462177,-250.76538663693586
2026-02-13,QCOM,0.02582198509220099,0.023255813953488358,-0.0025661711387126307,-307.5960866707118
2026-02-13,RTX,0.02538296870129784,0.023255813953488358,-0.0021271547478094836,-254.9730477046307
2026-02-13,SLB,0.0,0.023255813953488358,0.023255813953488358,2787.576111554194
2026-02-13,TMO,0.023440413857570792,0.023255813953488358,-0.00018459990408243449,-22.127210161061782
2026-02-13,TSLA,0.025593437070210993,0.023255813953488358,-0.0023376231167226355,-280.201001393694
2026-02-13,UNH,0.026712284444617172,0.023255813953488358,-0.0034564704911288144,-414.3125065685953
2026-02-13,UPS,0.025613471747187314,0.023255813953488358,-0.0023576577936989564,-282.6024734321956
2026-02-13,V,0.02392429384394268,0.023255813953488358,-0.000668479890454321,-80.12785866844773
2026-02-13,WFC,0.023330431984081093,0.023255813953488358,-7.46180305927352e-05,-8.94414790157574
2026-02-20,AAPL,0.023954920713428095,0.022727272727272728,-0.0012276479861553675,-147.752642351028
2026-02-20,ABBV,0.022488937004439765,0.022727272727272728,0.00023833572283296287,28.684715172705722
2026-02-20,ABT,0.023061577990865407,0.022727272727272728,-0.00033430526359267895,-40.23505646953752
2026-02-20,ADBE,0.02268793843528479,0.022727272727272728,3.933429198793928e-05,4.734048881899424
2026-02-20,AMGN,0.023506934473054002,0.022727272727272728,-0.0007796617457812745,-93.83559813425194
2026-02-20,AMZN,0.024476906267233863,0.022727272727272728,-0.0017496335399611353,-210.5758178163329
2026-02-20,AVGO,0.02369088988963618,0.022727272727272728,-0.0009636171623634525,-115.97541278903776
2026-02-20,BA,0.022116360816541062,0.022727272727272728,0.0006109119107316659,73.5258397132217
2026-02-20,BAC,0.0233829282226425,0.022727272727272728,-0.000655655495369771,-78.91091990973679
2026-02-20,BLK,0.02363646037896034,0.022727272727272728,-0.0009091876516876124,-109.42459030985594
2026-02-20,BRK-B,0.02318842938494002,0.022727272727272728,-0.0004611566576672929,-55.50215980192855
2026-02-20,CAT,0.022725640466331888,0.022727272727272728,1.6322609408397915e-06,0.19644952766202173
2026-02-20,COP,0.023149895003638846,0.022727272727272728,-0.00042262227636611846,-50.86438356409908
2026-02-20,COST,0.022403047262991586,0.022727272727272728,0.0003242254642811422,39.021909867707684
2026-02-20,CRM,0.0,0.022727272727272728,0.022727272727272728,2735.3236731999323
2026-02-20,CSCO,0.023866328592352416,0.022727272727272728,-0.0011390558650796884,-137.09020480538678
2026-02-20,EOG,0.023608944259634435,0.022727272727272728,-0.0008816715323617073,-106.1129086360393
2026-02-20,GE,0.02520005331663734,0.022727272727272728,-0.0024727805893646135,-297.6096325276056
2026-02-20,GS,0.02359568196056658,0.022727272727272728,-0.0008684092332938535,-104.51673468957954
2026-02-20,HD,0.022637034022938807,0.022727272727272728,9.023870433392048e-05,10.860610824952328
2026-02-20,HON,0.023406661802419158,0.022727272727272728,-0.0006793890751464297,-81.76735690470323
2026-02-20,INTC,0.021831738959724137,0.022727272727272728,0.0008955337675485911,107.7812874391258
2026-02-20,JPM,0.023788891648797675,0.022727272727272728,-0.001061618921524947,-127.77034019042341
2026-02-20,LLY,0.022479462795576912,0.022727272727272728,0.00024780993169581586,29.824976395351428
2026-02-20,LMT,0.023359741600217167,0.022727272727272728,-0.0006324688729444396,-76.12031155198825
2026-02-20,MA,0.023517813362506485,0.022727272727272728,-0.0007905406352337573,-95.14491862398198
2026-02-20,MCD,0.02327482345981007,0.022727272727272728,-0.0005475507325373406,-65.9000531634435
2026-02-20,MS,0.023734592138237635,0.022727272727272728,-0.0010073194109649075,-121.23516377658942
2026-02-20,MSFT,0.022974478106847947,0.022727272727272728,-0.0002472053795752188,-29.752215983356727
2026-02-20,NKE,0.02399088623028593,0.022727272727272728,-0.0012636135030132008,-152.08124485695248
2026-02-20,NVDA,0.024046195929160366,0.022727272727272728,-0.0013189232018876382,-158.73800171926007
2026-02-20,ORCL,0.02141415252185612,0.022727272727272728,0.0013131202054166083,158.0395864798611
2026-02-20,PEP,0.023018616780824574,0.022727272727272728,-0.0002913440535518459,-35.06449261596129
2026-02-20,PFE,0.022377278781448753,0.022727272727272728,0.00034999394582397453,42.123255921514776
2026-02-20,PG,0.023260890236573552,0.022727272727272728,-0.0005336175093008239,-64.22313064747925
2026-02-20,QCOM,0.02351698597622213,0.022727272727272728,-0.0007897132489494037,-95.04533917520116
2026-02-20,RTX,0.02379953614279472,0.022727272727272728,-0.0010722634155219922,-129.05145019287494
2026-02-20,SLB,0.02336958223245315,0.022727272727272728,-0.0006423095051804224,-77.30467338181914
2026-02-20,TMO,0.02343846322574951,0.022727272727272728,-0.0007111904984767811,-85.59479309208959
2026-02-20,TSLA,0.022846395855351396,0.022727272727272728,-0.00011912312807866796,-14.336973739405153
2026-02-20,UNH,0.022906207301338362,0.022727272727272728,-0.00017893457406563396,-21.53553496140971
2026-02-20,UPS,0.02298685322431117,0.022727272727272728,-0.0002595804970384405,-31.241613860611054
2026-02-20,V,0.02366472518934978,0.022727272727272728,-0.000937452462077052,-112.82638012883258
2026-02-20,WFC,0.023616118036024834,0.022727272727272728,-0.0008888453087521064,-106.97630305306295
2026-02-27,AAPL,0.02274997523217054,0.02127659574468084,-0.0014733794874896983,-176.87321481699686
2026-02-27,ABBV,0.023521232933183103,0.02127659574468084,-0.002244637188502263,-269.459564897707
2026-02-27,ABT,0.023625052633890267,0.02127659574468084,-0.002348456889209427,-281.92269770316017
2026-02-27,ADBE,0.023119213698573747,0.02127659574468084,-0.0018426179538929069,-221.19879091016196
2026-02-27,AMGN,0.023599734379868016,0.02127659574468084,-0.002323138635187176,-278.88334428437554
2026-02-27,AMZN,0.022772490649048124,0.02127659574468084,-0.0014958949043672835,-179.57609903650535
2026-02-27,AVGO,0.021887152777363306,0.02127659574468084,-0.0006105570326824655,-73.2948884633016
2026-02-27,BA,0.02234253713551593,0.02127659574468084,-0.0010659413908350908,-127.96192848098251
2026-02-27,BAC,0.021397430268268736,0.02127659574468084,-0.00012083452358789548,-14.505693088129645
2026-02-27,BLK,0.0221508692394941,0.02127659574468084,-0.0008742734948132581,-104.95297713176097
2026-02-27,BRK-B,0.023093120137386604,0.02127659574468084,-0.0018165243927057637,-218.06636501962825
2026-02-27,CAT,0.02227729407389142,0.02127659574468084,-0.0010006983292105802,-120.12976429516794
2026-02-27,COP,0.02338840280102744,0.02127659574468084,-0.0021118070563466013,-253.51384779059092
2026-02-27,COST,0.023374570314060386,0.02127659574468084,-0.002097974569379546,-251.85331399088008
2026-02-27,CRM,0.02396941650455157,0.02127659574468084,-0.002692820759870731,-323.262179749611
2026-02-27,CSCO,0.022859217108593444,0.02127659574468084,-0.0015826213639126042,-189.98725776358404
2026-02-27,DE,0.0,0.02127659574468084,0.02127659574468084,2554.168781143458
2026-02-27,EOG,0.02296953935474665,0.02127659574468084,-0.0016929436100658092,-203.23099470212063
2026-02-27,GE,0.022720689053100252,0.02127659574468084,-0.001444093308419412,-173.35752813488267
2026-02-27,GS,0.021236123916378993,0.02127659574468084,4.047182830184751e-05,4.85847837712573
2026-02-27,HD,0.022693223195286088,0.02127659574468084,-0.0014166274506052477,-170.06036361579828
2026-02-27,HON,0.022861873011228325,0.02127659574468084,-0.001585277266547485,-190.30608807258517
2026-02-27,INTC,0.02355922370298466,0.02127659574468084,-0.0022826279583038206,-274.0202022930481
2026-02-27,JPM,0.022015382326868314,0.02127659574468084,-0.0007387865821874735,-88.68832433509331
2026-02-27,LLY,0.02374294717522758,0.02127659574468084,-0.002466351430546739,-296.0754578798567
2026-02-27,LMT,0.02277819022923569,0.02127659574468084,-0.0015015944845548496,-180.26031045619848
2026-02-27,MA,0.022386222452365885,0.02127659574468084,-0.001109626707685045,-133.20617308813064
2026-02-27,MCD,0.02360311686749727,0.02127659574468084,-0.0023265211228164287,-279.28939816672187
2026-02-27,MRK,0.0,0.02127659574468084,0.02127659574468084,2554.168781143458
2026-02-27,MS,0.021628376207441756,0.02127659574468084,-0.00035178046276091585,-42.22981376260614
2026-02-27,MSFT,0.022526879715897948,0.02127659574468084,-0.001250283971217108,-150.09150548179986
2026-02-27,NKE,0.021662615322340102,0.02127659574468084,-0.00038601957765926204,-46.34008024587111
2026-02-27,NVDA,0.02126841931458919,0.02127659574468084,8.176430091648423e-06,0.9815471766206468
2026-02-27,ORCL,0.022372057898269845,0.02127659574468084,-0.0010954621535890045,-131.5057759801972
2026-02-27,PEP,0.023447477949477644,0.02127659574468084,-0.0021708822047968035,-260.60557908649827
2026-02-27,PFE,0.023639368396046717,0.02127659574468084,-0.002362772651365877,-283.6412467237393
2026-02-27,PG,0.023694208053474042,0.02127659574468084,-0.0024176123087932024,-290.22452454930465
2026-02-27,QCOM,0.022701497371415684,0.02127659574468084,-0.0014249016267348438,-171.05364480671344
2026-02-27,RTX,0.022528688498610686,0.02127659574468084,-0.0012520927539298454,-150.3086424896269
2026-02-27,SLB,0.023003974014882005,0.02127659574468084,-0.0017273782702011652,-207.36473559575015
2026-02-27,TMO,0.023238386149086257,0.02127659574468084,-0.001961790404405417,-235.50495888571857
2026-02-27,TSLA,0.02226933275844823,0.02127659574468084,-0.0009927370137673905,-119.17404075716192
2026-02-27,UNH,0.023041330851154587,0.02127659574468084,-0.0017647351064737464,-211.84927184932675
2026-02-27,UPS,0.02263412315654867,0.02127659574468084,-0.0013575274118678288,-162.9656443421465
2026-02-27,V,0.02272691692979883,0.02127659574468084,-0.0014503211851179913,-174.10515940198982
2026-02-27,WFC,0.020922106240711297,0.02127659574468084,0.0003544895039695427,42.55502314125571
2026-02-27,XOM,0.0,0.02127659574468084,0.02127659574468084,2554.168781143458
2026-03-06,AAPL,0.021205313763845116,0.02127659574468084,7.128198083572457e-05,8.366399840911345
2026-03-06,ABBV,0.021574101019697704,0.02127659574468084,-0.00029750527501686344,-34.91833498998291
2026-03-06,ABT,0.020488992504998374,0.02127659574468084,0.0007876032396824661,92.44136515182554
2026-03-06,ADBE,0.023517513289394103,0.02127659574468084,-0.0022409175447132626,-263.017553241005
2026-03-06,AMGN,0.02071447207474317,0.02127659574468084,0.000562123669937669,65.97672129198219
2026-03-06,AMZN,0.02209139949076967,0.02127659574468084,-0.000814803746088829,-95.63390146749495
2026-03-06,AVGO,0.02250304611775737,0.02127659574468084,-0.0012264503730765285,-143.94906098134985
2026-03-06,BA,0.022101157241460168,0.02127659574468084,-0.0008245614967793274,-96.77917328608791
2026-03-06,BAC,0.021359238742649105,0.02127659574468084,-8.264299796826441e-05,-9.699847800912977
2026-03-06,BLK,0.01966195709454574,0.02127659574468084,0.0016146386501351,189.51090285708523
2026-03-06,BRK-B,0.02150154668419176,0.02127659574468084,-0.00022495093951091852,-26.402598278999914
2026-03-06,CAT,0.019944760907597687,0.02127659574468084,0.0013318348370831533,156.3180854186965
2026-03-06,COP,0.022451107286130485,0.02127659574468084,-0.0011745115414496451,-137.8529757215741
2026-03-06,COST,0.021485627228845866,0.02127659574468084,-0.00020903148416502593,-24.5341242675914
2026-03-06,CRM,0.022576472695293708,0.02127659574468084,-0.001299876950612868,-152.5671731524249
2026-03-06,CSCO,0.021534257396458603,0.02127659574468084,-0.000257661651777763,-30.241870065457736
2026-03-06,DE,0.020378723480575917,0.02127659574468084,0.0008978722641049229,105.3836927578947
2026-03-06,EOG,0.023044194537533758,0.02127659574468084,-0.0017675987928529174,-207.46390723065002
2026-03-06,GE,0.020541358706480144,0.02127659574468084,0.0007352370382006958,86.29511928983284
2026-03-06,GS,0.02090251382061497,0.02127659574468084,0.00037408192406587076,43.906172545979274
2026-03-06,HD,0.020455742557346078,0.02127659574468084,0.0008208531873347621,96.34392725078817
2026-03-06,HON,0.021017397756691817,0.02127659574468084,0.00025919798798902313,30.422190573989834
2026-03-06,INTC,0.020714032960031912,0.02127659574468084,0.0005625627846489283,66.02826039355244
2026-03-06,JPM,0.02097481780108156,0.02127659574468084,0.00030177794359928165,35.41982012450228
2026-03-06,LLY,0.0204834577966891,0.02127659574468084,0.00079313794799174,93.09097648662997
2026-03-06,LMT,0.022328504174728623,0.02127659574468084,-0.0010519084300477828,-123.46299048685262
2026-03-06,MA,0.021974616044005014,0.02127659574468084,-0.0006980202993241737,-81.92697302670706
2026-03-06,MCD,0.021046347227397864,0.02127659574468084,0.00023024851728297574,27.0243774903759
2026-03-06,MRK,0.020347694253078714,0.02127659574468084,0.0009289014916021264,109.02560788079909
2026-03-06,MS,0.020943385732844766,0.02127659574468084,0.00033321001183607424,39.10901685574717
2026-03-06,MSFT,0.02265742986108177,0.02127659574468084,-0.0013808341164009315,-162.06915403214862
2026-03-06,NKE,0.020082064697190413,0.02127659574468084,0.001194531047490427,140.2026746243125
2026-03-06,NVDA,0.021836164851127715,0.02127659574468084,-0.000559569106446875,-65.67689096554622
2026-03-06,ORCL,0.0228901401051973,0.02127659574468084,-0.0016135443605164584,-189.3824655664267
2026-03-06,PEP,0.02061975941487822,0.02127659574468084,0.0006568363298026202,77.09319102439017
2026-03-06,PFE,0.021286637790318325,0.02127659574468084,-1.0042045637485147e-05,-1.1786396511272847
2026-03-06,PG,0.019992852562770235,0.02127659574468084,0.001283743181910605,150.67354508090722
2026-03-06,QCOM,0.020872490540584987,0.02127659574468084,0.00040410520409585315,47.430019138365125
2026-03-06,RTX,0.022525544606473005,0.02127659574468084,-0.0012489488617921651,-146.5897192543718
2026-03-06,SLB,0.01987704952952843,0.02127659574468084,0.0013995462151524113,164.2654019223172
2026-03-06,TMO,0.02095961552022684,0.02127659574468084,0.0003169802244539985,37.204119026317436
2026-03-06,TSLA,0.021446346057754643,0.02127659574468084,-0.00016975031307380276,-19.923674617969507
2026-03-06,UNH,0.021255027887591524,0.02127659574468084,2.15678570893163e-05,2.5314295984100976
2026-03-06,UPS,0.019206887005270682,0.02127659574468084,0.002069708739410158,242.92269469952296
2026-03-06,V,0.02156985311326175,0.02127659574468084,-0.0002932573685809105,-34.41975620031842
2026-03-06,WFC,0.02148364354243599,0.02127659574468084,-0.00020704779775514853,-24.301298054438544
2026-03-06,XOM,0.02157474252682887,0.02127659574468084,-0.0002981467821480295,-34.993628985705335
2026-03-13,AAPL,0.021179700456342817,0.02127659574468084,9.689528833802322e-05,11.098567839080157
2026-03-13,ABBV,0.020813070572411684,0.02127659574468084,0.0004635251722691566,53.09304154814908
2026-03-13,ABT,0.021496782535903928,0.02127659574468084,-0.00022018679122308774,-25.220607540107295
2026-03-13,ADBE,0.019164672847670254,0.02127659574468084,0.002111922897010586,241.9036048647655
2026-03-13,AMGN,0.02160536396597489,0.02127659574468084,-0.0003287682212940492,-37.65772794479476
2026-03-13,AMZN,0.02123475719320207,0.02127659574468084,4.1838551478771274e-05,4.79226606206169
2026-03-13,AVGO,0.021252379665967037,0.02127659574468084,2.4216078713803352e-05,2.7737550195842124
2026-03-13,BA,0.019799495837787496,0.02127659574468084,0.0014770999068933442,169.18979037004038
2026-03-13,BAC,0.020940663235840134,0.02127659574468084,0.0003359325088407063,38.478338861167344
2026-03-13,BLK,0.021086128005751,0.02127659574468084,0.00019046773892984065,21.8165316180757
2026-03-13,BRK-B,0.021410196024586197,0.02127659574468084,-0.00013360027990535692,-15.302826332246319
2026-03-13,CAT,0.022220354165068026,0.02127659574468084,-0.0009437584203871863,-108.09985740307677
2026-03-13,COP,0.022698836374834865,0.02127659574468084,-0.0014222406301540244,-162.90610604505875
2026-03-13,COST,0.022026872928368097,0.02127659574468084,-0.000750277183687257,-85.93815410526398
2026-03-13,CRM,0.02080021995740154,0.02127659574468084,0.0004763757872792984,54.56497506432184
2026-03-13,CSCO,0.02171529500413152,0.02127659574468084,-0.0004386992594506804,-50.24943498782034
2026-03-13,DE,0.021347668239227843,0.02127659574468084,-7.107249454700246e-05,-8.14077666471036
2026-03-13,EOG,0.022164562971137215,0.02127659574468084,-0.0008879672264563744,-101.70942953723174
2026-03-13,GE,0.020250473449479365,0.02127659574468084,0.0010261222952014752,117.53396991561652
2026-03-13,GS,0.02076056970315163,0.02127659574468084,0.0005160260415292099,59.106589462477594
2026-03-13,HD,0.02078868762203252,0.02127659574468084,0.00048790812264832076,55.88591036088251
2026-03-13,HON,0.021728037446039367,0.02127659574468084,-0.00045144170135852715,-51.70897815421679
2026-03-13,INTC,0.022981175545583897,0.02127659574468084,-0.0017045798009030569,-195.2457635654143
2026-03-13,JPM,0.02134635338664274,0.02127659574468084,-6.975764196190046e-05,-7.990170986514366
2026-03-13,LLY,0.02168566273244027,0.02127659574468084,-0.0004090669877594294,-46.85529907850649
2026-03-13,LMT,0.02096491179728878,0.02127659574468084,0.00031168394739206073,35.700863208284765
2026-03-13,MA,0.020784922433223052,0.02127659574468084,0.0004916733114577881,56.317182140404334
2026-03-13,MCD,0.021694908517789924,0.02127659574468084,-0.00041831277310908424,-47.91432865248063
2026-03-13,MRK,0.02176734450294554,0.02127659574468084,-0.0004907487582647002,-56.211282085713044
2026-03-13,MS,0.0210666835218927,0.02127659574468084,0.0002099122227881417,24.04373922433624
2026-03-13,MSFT,0.021086362021419253,0.02127659574468084,0.0001902337232615875,21.789727025055093
2026-03-13,NKE,0.020642532437313017,0.02127659574468084,0.0006340633073678228,72.6267990095016
2026-03-13,NVDA,0.022100356296132165,0.02127659574468084,-0.0008237605514513253,-94.35507670451848
2026-03-13,ORCL,0.022107673305542096,0.02127659574468084,-0.0008310775608612563,-95.19318066920258
2026-03-13,PEP,0.021862772290194638,0.02127659574468084,-0.0005861765455137981,-67.14175960101457
2026-03-13,PFE,0.021422434947134427,0.02127659574468084,-0.00014583920245358692,-16.704695447955167
2026-03-13,PG,0.021378351008773562,0.02127659574468084,-0.0001017552640927219,-11.65523856616072
2026-03-13,QCOM,0.020858106769541855,0.02127659574468084,0.00041848897513898503,47.93451116306272
2026-03-13,RTX,0.021256622519615357,0.02127659574468084,1.997322506548313e-05,2.2877706146160706
2026-03-13,SLB,0.02078787365958349,0.02127659574468084,0.0004887220850973498,55.9791431445809
2026-03-13,TMO,0.020188156133743366,0.02127659574468084,0.0010884396109374743,124.67191199833754
2026-03-13,TSLA,0.021497350113427873,0.02127659574468084,-0.000220754368747033,-25.285618932936515
2026-03-13,UNH,0.021634046811523627,0.02127659574468084,-0.00035745106684278646,-40.943114805195876
2026-03-13,UPS,0.02070435851304276,0.02127659574468084,0.00057223723163808,65.54512447733148
2026-03-13,V,0.021099168270305266,0.02127659574468084,0.00017742747437557438,20.322875287850582
2026-03-13,WFC,0.020087933938852623,0.02127659574468084,0.0011886618058282172,136.15154994622247
2026-03-13,XOM,0.022509150323737775,0.02127659574468084,-0.0012325545790569346,-141.17911041567325
2026-03-20,AAPL,0.021440782150094134,0.02127659574468084,-0.0001641864054132934,-18.502798393196915
2026-03-20,ABBV,0.02018675465095435,0.02127659574468084,0.0010898410937264895,122.81839039646691
2026-03-20,ABT,0.021110488049534613,0.02127659574468084,0.00016610769514622745,18.719315933086484
2026-03-20,ADBE,0.02152345631192266,0.02127659574468084,-0.000246860567241821,-27.819668110815627
2026-03-20,AMGN,0.020537815356560456,0.02127659574468084,0.0007387803881203844,83.25600736449576
2026-03-20,AMZN,0.021385436000266125,0.02127659574468084,-0.00010884025558528451,-12.265627602292899
2026-03-20,AVGO,0.020842934118108145,0.02127659574468084,0.0004336616265726949,48.870998954769476
2026-03-20,BA,0.02010318667213256,0.02127659574468084,0.0011734090725482801,132.23598779361018
2026-03-20,BAC,0.02182859829187778,0.02127659574468084,-0.0005520025471969399,-62.20729309230127
2026-03-20,BLK,0.0224158854519617,0.02127659574468084,-0.0011392897072808605,-128.39094511021761
2026-03-20,BRK-B,0.021223798262156618,0.02127659574468084,5.279748252422223e-05,5.949951656197999
2026-03-20,CAT,0.021216426863676814,0.02127659574468084,6.016888100402601e-05,6.780662941973457
2026-03-20,COP,0.022517327500793317,0.02127659574468084,-0.0012407317561124766,-139.82284029910065
2026-03-20,COST,0.020850803766860226,0.02127659574468084,0.0004257919778206144,47.984137926790424
2026-03-20,CRM,0.021910906906296868,0.02127659574468084,-0.0006343111616160281,-71.48296786443721
2026-03-20,CSCO,0.02143720779251674,0.02127659574468084,-0.00016061204783589939,-18.0999902710918
2026-03-20,DE,0.020959527000954718,0.02127659574468084,0.00031706874372612256,35.73169792700553
2026-03-20,EOG,0.02245529751696461,0.02127659574468084,-0.001178701772283769,-132.83244251173963
2026-03-20,GE,0.02069410387824189,0.02127659574468084,0.0005824918664389493,65.64325190789664
2026-03-20,GS,0.022490808823818535,0.02127659574468084,-0.001214213079137695,-136.83434845360605
2026-03-20,HD,0.020458955877513427,0.02127659574468084,0.0008176398671674127,92.14298578714148
2026-03-20,HON,0.020426114876139104,0.02127659574468084,0.0008504808685417357,95.84396471977729
2026-03-20,INTC,0.020727245068305686,0.02127659574468084,0.0005493506763751543,61.90844355566158
2026-03-20,JPM,0.021862978636450654,0.02127659574468084,-0.0005863828917698141,-66.08174653879246
2026-03-20,LLY,0.01990430466524795,0.02127659574468084,0.0013722910794328885,154.6487671474017
2026-03-20,LMT,0.021003304787240877,0.02127659574468084,0.00027329095743996307,30.79821057941245
2026-03-20,MA,0.021552421062386792,0.02127659574468084,-0.0002758253177059522,-31.083817398925227
2026-03-20,MCD,0.020458441645541284,0.02127659574468084,0.0008181540991395557,92.20093656865683
2026-03-20,MRK,0.02151564517920313,0.02127659574468084,-0.00023904943452229127,-26.939401479920367
2026-03-20,MS,0.022546514452059768,0.02127659574468084,-0.001269918707378928,-143.11203025143448
2026-03-20,MSFT,0.02087704494513194,0.02127659574468084,0.0003995507995489013,45.02691847893633
2026-03-20,NKE,0.02097995570219546,0.02127659574468084,0.0002966400424853806,33.429508902641295
2026-03-20,NVDA,0.02071914917790546,0.02127659574468084,0.0005574465667753797,62.820800626344244
2026-03-20,ORCL,0.020867903960756985,0.02127659574468084,0.0004086917839238556,46.05705121483122
2026-03-20,PEP,0.0202940058737903,0.02127659574468084,0.0009825898708905392,110.7318370148874
2026-03-20,PFE,0.021942233304643826,0.02127659574468084,-0.0006656375599629859,-75.01326034839586
2026-03-20,PG,0.020710561767672345,0.02127659574468084,0.0005660339770084954,63.788548960093635
2026-03-20,QCOM,0.021638260953414458,0.02127659574468084,-0.0003616652087336178,-40.757445332863135
2026-03-20,RTX,0.020952462552362987,0.02127659574468084,0.00032413319231785337,36.527817847670505
2026-03-20,SLB,0.022548542622292726,0.02127659574468084,-0.0012719468776118854,-143.34059256652404
2026-03-20,TMO,0.02209155356982924,0.02127659574468084,-0.0008149578251483991,-91.84073614208118
2026-03-20,TSLA,0.020340265417757603,0.02127659574468084,0.0009363303269232376,105.51867083566785
2026-03-20,UNH,0.02112665105966628,0.02127659574468084,0.0001499446850145615,16.897844069197316
2026-03-20,UPS,0.021324624381997774,0.02127659574468084,-4.802863731693391e-05,-5.412532122487475
2026-03-20,V,0.021236288015211213,0.02127659574468084,4.030772946962691e-05,4.54243327994587
2026-03-20,WFC,0.022646358376632054,0.02127659574468084,-0.0013697626319512136,-154.36382666232652
2026-03-20,XOM,0.022116666702957477,0.02127659574468084,-0.0008400709582766369,-94.67083183802897
2026-03-27,AAPL,0.021476993799053313,0.022727272727272728,0.001250278928219415,140.03593941699518
2026-03-27,ABBV,0.021859075373476568,0.022727272727272728,0.0008681973537961601,97.24136694148812
2026-03-27,ABT,0.021108679813007684,0.022727272727272728,0.0016185929142650442,181.2884902456102
2026-03-27,ADBE,0.02025886309763864,0.022727272727272728,0.002468409629634089,276.47115659547046
2026-03-27,AMGN,0.021466778599516588,0.022727272727272728,0.00126049412775614,141.1800801612486
2026-03-27,AMZN,0.02077852555311655,0.022727272727272728,0.0019487471741561763,218.26700831295128
2026-03-27,AVGO,0.02077285795508104,0.022727272727272728,0.001954414772191687,218.90180059587888
2026-03-27,BA,0.020902396405360225,0.022727272727272728,0.0018248763219125032,204.3930072650168
2026-03-27,BAC,0.021320827241237426,0.022727272727272728,0.0014064454860353015,157.52718087973886
2026-03-27,BLK,0.020869386490902208,0.022727272727272728,0.00185788623637052,208.09024175955176
2026-03-27,BRK-B,0.020852910943113524,0.022727272727272728,0.0018743617841592043,209.9355650389609
2026-03-27,CAT,0.021863585430851314,0.022727272727272728,0.0008636872964214136,96.73622356344477
2026-03-27,COP,0.02256749559271576,0.0,-0.02256749559271576,-2527.6443314257367
2026-03-27,COST,0.021660919186769777,0.022727272727272728,0.0010663535405029505,119.43560466753986
2026-03-27,CRM,0.019646342209914576,0.022727272727272728,0.003080930517358152,345.0757983189996
2026-03-27,CSCO,0.022032878963082186,0.022727272727272728,0.0006943937641905422,77.77471162551743
2026-03-27,DE,0.021671348886159666,0.022727272727272728,0.0010559238411130614,118.2674391334858
2026-03-27,EOG,0.0230782212666475,0.0,-0.0230782212666475,-2584.8475265841676
2026-03-27,GE,0.021109990810701106,0.022727272727272728,0.0016172819165716223,181.14165357626533
2026-03-27,GS,0.021127093196754956,0.022727272727272728,0.0016001795305177723,179.22612205504407
2026-03-27,HD,0.021467137734755413,0.022727272727272728,0.0012601349925173144,141.13985566460906
2026-03-27,HON,0.021563638523847593,0.022727272727272728,0.0011636342034251346,130.33140456622087
2026-03-27,INTC,0.02104597831719469,0.022727272727272728,0.0016812944100780373,188.31129345443338
2026-03-27,JPM,0.02112917335079894,0.022727272727272728,0.0015980993764737883,178.99313698338793
2026-03-27,LLY,0.02073513417071876,0.022727272727272728,0.001992138556553967,223.1270062378386
2026-03-27,LMT,0.02101163863148484,0.022727272727272728,0.0017156340957878886,192.15746732742014
2026-03-27,MA,0.02088604131038945,0.022727272727272728,0.0018412314168832766,206.22483937607075
2026-03-27,MCD,0.02120259858593376,0.022727272727272728,0.0015246741413389685,170.76923466291805
2026-03-27,MRK,0.022428866981338717,0.022727272727272728,0.0002984057459340106,33.42256517016573
2026-03-27,MS,0.020998737158943785,0.022727272727272728,0.0017285355683289427,193.60248074512367
2026-03-27,MSFT,0.02000000495020739,0.022727272727272728,0.0027272677770653377,305.4642420847241
2026-03-27,NKE,0.020998306065478457,0.022727272727272728,0.0017289666617942706,193.6507648336028
2026-03-27,NVDA,0.020764984533076583,0.022727272727272728,0.001962288194196145,219.78365345441733
2026-03-27,ORCL,0.019974023694552062,0.022727272727272728,0.0027532490327206657,308.37424037455247
2026-03-27,PEP,0.02183510058983199,0.022727272727272728,0.0008921721374407394,99.92663282433332
2026-03-27,PFE,0.021462634597649917,0.022727272727272728,0.001264638129622811,141.644223946485
2026-03-27,PG,0.021174130512369663,0.022727272727272728,0.0015531422149030645,173.9577659057966
2026-03-27,QCOM,0.020947290987933895,0.022727272727272728,0.0017799817393388331,199.3646452703128
2026-03-27,RTX,0.020494225332250787,0.022727272727272728,0.0022330473950219407,250.1097016566639
2026-03-27,SLB,0.02456097818074174,0.022727272727272728,-0.0018337054534690138,-205.3819031856359
2026-03-27,TMO,0.021360591906850676,0.022727272727272728,0.0013666808204220518,153.0733888665563
2026-03-27,TSLA,0.021050442498892104,0.022727272727272728,0.0016768302283806241,187.81128832468548
2026-03-27,UNH,0.020119958492691853,0.022727272727272728,0.002607314234580875,292.0289944539168
2026-03-27,UPS,0.021170358687626335,0.022727272727272728,0.0015569140396463933,174.38022445430667
2026-03-27,V,0.020974131609405,0.022727272727272728,0.0017531411178677292,196.3583947789965
2026-03-27,WFC,0.021293969949615067,0.022727272727272728,0.0014333027776576614,160.53529849065436
2026-03-27,XOM,0.022924751830319362,0.0,-0.022924751830319362,-2567.658372865794
2026-04-02,AAPL,0.022768748005082416,0.022222222222222213,-0.0005465257828602028,-62.841148988127344
2026-04-02,ABBV,0.02207609771654305,0.022222222222222213,0.00014612450567916269,16.801827324859385
2026-04-02,ABT,0.021896893467212054,0.022222222222222213,0.0003253287550101583,37.407261294651065
2026-04-02,ADBE,0.022896890460530797,0.022222222222222213,-0.0006746682383085845,-77.57534705723477
2026-04-02,AMGN,0.022082616532586426,0.022222222222222213,0.00013960568963578696,16.05227459915979
2026-04-02,AMZN,0.023293472877422963,0.022222222222222213,-0.0010712506552007506,-123.17556488331127
2026-04-02,AVGO,0.023156368463577996,0.022222222222222213,-0.0009341462413557829,-107.4108943635211
2026-04-02,BA,0.024191743233639186,0.022222222222222213,-0.0019695210114169734,-226.46134399364638
2026-04-02,BAC,0.0232710415823554,0.022222222222222213,-0.0010488193601331866,-120.59634831284986
2026-04-02,BLK,0.02291063017565015,0.022222222222222213,-0.0006884079534279358,-79.15518008972398
2026-04-02,BRK-B,0.022553913916785313,0.022222222222222213,-0.0003316916945631,-38.13889088101065
2026-04-02,CAT,0.0228298456853832,0.022222222222222213,-0.0006076234631609868,-69.86634075587354
2026-04-02,COP,0.0,0.022222222222222213,0.022222222222222213,2555.176757088415
2026-04-02,COST,0.022834995994600205,0.022222222222222213,-0.0006127737723779919,-70.45853852401346
2026-04-02,CRM,0.023106820603008782,0.022222222222222213,-0.0008845983807865693,-101.71373498747505
2026-04-02,CSCO,0.0220046170713229,0.022222222222222213,0.00021760515089931307,25.020883071028898
2026-04-02,DE,0.02255538387056429,0.022222222222222213,-0.00033316164834207643,-38.307910508862214
2026-04-02,GE,0.02200615004704644,0.022222222222222213,0.00021607217517577437,24.844616993820388
2026-04-02,GS,0.02379360052347837,0.022222222222222213,-0.0015713783012561572,-180.68171903832655
2026-04-02,HD,0.022133917436203417,0.022222222222222213,8.830478601879604e-05,10.153545154870221
2026-04-02,HON,0.02276328061708663,0.022222222222222213,-0.000541058394864416,-62.2124925653305
2026-04-02,INTC,0.025856158757953124,0.022222222222222213,-0.003633936535730912,-417.8407577775311
2026-04-02,JPM,0.023055641293285165,0.022222222222222213,-0.0008334190710629526,-95.82898676824239
2026-04-02,LLY,0.02358050019889695,0.022222222222222213,-0.0013582779766747356,-156.17881420489647
2026-04-02,LMT,0.022385096024750317,0.022222222222222213,-0.00016287380252810388,-18.727710955128877
2026-04-02,MA,0.022555841107515143,0.022222222222222213,-0.00033361888529293005,-38.360484964180856
2026-04-02,MCD,0.022225022826006503,0.022222222222222213,-2.800603784290645e-06,-0.3220216962944992
2026-04-02,MRK,0.022364734847378002,0.022222222222222213,-0.00014251262515578914,-16.386522632537684
2026-04-02,MS,0.023172253375808805,0.022222222222222213,-0.0009500311535865918,-109.23738849694597
2026-04-02,MSFT,0.02317080090089096,0.022222222222222213,-0.0009485786786687482,-109.0703786401812
2026-04-02,NKE,0.019041437307386607,0.022222222222222213,0.0031807849148356056,365.73604576584285
2026-04-02,NVDA,0.023439468745317906,0.022222222222222213,-0.0012172465230956935,-139.96260105573617
2026-04-02,ORCL,0.023200376072476884,0.022222222222222213,-0.0009781538502546712,-112.47101923622755
2026-04-02,PEP,0.022709500818991306,0.022222222222222213,-0.0004872785967690932,-56.02873251109705
2026-04-02,PFE,0.02318312012935649,0.022222222222222213,-0.0009608979071342762,-110.48687992099826
2026-04-02,PG,0.022198884972698174,0.022222222222222213,2.3337249524038595e-05,2.6833858901188252
2026-04-02,QCOM,0.022081310998027553,0.022222222222222213,0.00014091122419465987,16.20238881937814
2026-04-02,RTX,0.022893713165341858,0.022222222222222213,-0.0006714909431196452,-77.21001227046136
2026-04-02,SLB,0.020455493487798484,0.022222222222222213,0.0017667287344237288,203.14368892258852
2026-04-02,TMO,0.022981688115167667,0.022222222222222213,-0.0007594658929454545,-87.32563188550311
2026-04-02,TSLA,0.022059436801998684,0.022222222222222213,0.0001627854202235282,18.717548496661344
2026-04-02,UNH,0.02369404829997512,0.022222222222222213,-0.0014718260777529073,-169.23491029578764
2026-04-02,UPS,0.02292450492695358,0.022222222222222213,-0.000702282704731369,-80.75053998156515
2026-04-02,V,0.022530781659328786,0.022222222222222213,-0.0003085594371065731,-35.479075584375025
2026-04-02,WFC,0.02311315688661599,0.022222222222222213,-0.000890934664393779,-102.44229959445087
2026-04-10,AAPL,0.022038628511099282,0.022222222222222213,0.00018359371112293063,21.664041421038952
2026-04-10,ABBV,0.021559504733746963,0.022222222222222213,0.00066271748847525,78.20060411089719
2026-04-10,ABT,0.021111863634428067,0.022222222222222213,0.0011103585877941455,131.0222136207707
2026-04-10,ADBE,0.020086705319613603,0.022222222222222213,0.00213551690260861,251.99080268312863
2026-04-10,AMGN,0.021844487834133515,0.022222222222222213,0.0003777343880886977,44.5726238641421
2026-04-10,AMZN,0.024605989855763725,0.022222222222222213,-0.002383767633541513,-281.28436663387055
2026-04-10,AVGO,0.025576549865167043,0.022222222222222213,-0.00335432764294483,-395.810360562054
2026-04-10,BA,0.02263136403310421,0.022222222222222213,-0.0004091418108819987,-48.2786969325522
2026-04-10,BAC,0.023038456758441107,0.022222222222222213,-0.0008162345362188947,-96.31560195484319
2026-04-10,BLK,0.02238647889832321,0.022222222222222213,-0.00016425667610099615,-19.382273025416893
2026-04-10,BRK-B,0.021768485519886836,0.022222222222222213,0.0004537367023353771,53.54089011827543
2026-04-10,CAT,0.023869967273002866,0.022222222222222213,-0.001647745050780653,-194.43376798196607
2026-04-10,COP,0.02033062182443074,0.022222222222222213,0.0018916003977914736,223.2086770247215
2026-04-10,COST,0.02130102404790383,0.022222222222222213,0.0009211981743183842,108.70130182213168
2026-04-10,CRM,0.019130153104243677,0.022222222222222213,0.003092069117978536,364.86387817363436
2026-04-10,CSCO,0.02252967281221451,0.022222222222222213,-0.00030745058999229885,-36.27914200207113
2026-04-10,DE,0.02275443055557485,0.022222222222222213,-0.0005322083333526365,-62.80053552952864
2026-04-10,GE,0.023746785754601298,0.022222222222222213,-0.0015245635323790849,-179.89835987546945
2026-04-10,GS,0.02277580158440886,0.022222222222222213,-0.0005535793621866472,-65.32231501227042
2026-04-10,HD,0.022710449642997482,0.022222222222222213,-0.0004882274207752696,-57.61079179602358
2026-04-10,HON,0.022180335963371982,0.022222222222222213,4.188625885023084e-05,4.942574781857132
2026-04-10,INTC,0.026810295998515837,0.022222222222222213,-0.004588073776293625,-541.3922934748783
2026-04-10,JPM,0.02289170396548172,0.022222222222222213,-0.000669481743259509,-78.99878556783462
2026-04-10,LLY,0.02174284575350458,0.022222222222222213,0.00047937646871763426,56.56638024826717
2026-04-10,LMT,0.021337477922811484,0.022222222222222213,0.0008847442994107287,104.39974785752976
2026-04-10,MA,0.02191948142140825,0.022222222222222213,0.000302740800813963,35.72338730208846
2026-04-10,MCD,0.02154988869868566,0.022222222222222213,0.0006723335235365516,79.33529538436196
2026-04-10,MRK,0.021751343415510407,0.022222222222222213,0.00047087880671180596,55.56365689488941
2026-04-10,MS,0.023197674474397717,0.022222222222222213,-0.0009754522521755044,-115.10327813585151
2026-04-10,MSFT,0.02150265067586452,0.022222222222222213,0.0007195715463576939,84.90937783405973
2026-04-10,NKE,0.02088352742085584,0.022222222222222213,0.001338694801366374,157.9658663117921
2026-04-10,NVDA,0.02302480936375238,0.022222222222222213,-0.0008025871415301665,-94.70521060746252
2026-04-10,ORCL,0.020497883804729954,0.022222222222222213,0.0017243384174922584,203.47177837386886
2026-04-10,PEP,0.02165971567874362,0.022222222222222213,0.0005625065434785928,66.37572160282807
2026-04-10,PFE,0.020582407916741263,0.022222222222222213,0.0016398143054809494,193.49794074898725
2026-04-10,PG,0.021961453527947646,0.022222222222222213,0.0002607686942745664,30.770682500621117
2026-04-10,QCOM,0.021867977236354023,0.022222222222222213,0.00035424498586818925,41.80087651207836
2026-04-10,RTX,0.022243215936389945,0.022222222222222213,-2.0993714167732297e-05,-2.477256386013539
2026-04-10,SLB,0.02273896321291065,0.022222222222222213,-0.0005167409906884357,-60.97539048452064
2026-04-10,TMO,0.021857686457256085,0.022222222222222213,0.0003645357649661278,43.015187521256806
2026-04-10,TSLA,0.020953855616029412,0.022222222222222213,0.0012683666061928008,149.66714559860256
2026-04-10,UNH,0.023766864524932037,0.022222222222222213,-0.0015446423027098248,-182.26765297090353
2026-04-10,UPS,0.02242912237279157,0.022222222222222213,-0.0002069001505693585,-24.414199182195983
2026-04-10,V,0.021909080565997496,0.022222222222222213,0.00031314165622471635,36.95068730629136
2026-04-10,WFC,0.022942316511929742,0.022222222222222213,-0.0007200942897075298,-84.97106150238449
2026-04-17,AAPL,0.022262795000304668,0.023255813953488358,0.00099301895318369,121.33522263676724
2026-04-17,ABBV,0.02168336190008641,0.023255813953488358,0.001572452053401948,192.13512428284324
2026-04-17,ABT,0.020842789764416017,0.023255813953488358,0.002413024189072341,294.843140979644
2026-04-17,ADBE,0.023278391352023406,0.023255813953488358,-2.2577398535048032e-05,-2.7586922374706493
2026-04-17,AMGN,0.02172120141912855,0.023255813953488358,0.0015346125343598076,187.5115806407744
2026-04-17,AMZN,0.02255601709143972,0.023255813953488358,0.0006997968620486364,85.50693598038065
2026-04-17,AVGO,0.023480458322135533,0.0,-0.023480458322135533,-2869.0355093379935
2026-04-17,BA,0.022026527084608526,0.023255813953488358,0.0012292868688798322,150.20437972687708
2026-04-17,BAC,0.022019109753256976,0.023255813953488358,0.0012367042002313818,151.11069027414862
2026-04-17,BLK,0.02259403535847578,0.023255813953488358,0.0006617785950125792,80.86155143832875
2026-04-17,BRK-B,0.021221651508545148,0.023255813953488358,0.00203416244494321,248.55069718984396
2026-04-17,CAT,0.021567838290273447,0.023255813953488358,0.0016879756632149114,206.25074903654928
2026-04-17,COP,0.02031958768087219,0.023255813953488358,0.0029362262726161693,358.7722745447994
2026-04-17,COST,0.021490064339606083,0.023255813953488358,0.0017657496138822754,215.7538099693852
2026-04-17,CRM,0.023694480242846688,0.023255813953488358,-0.0004386662893583297,-53.59985497949679
2026-04-17,CSCO,0.02251137982544691,0.023255813953488358,0.0007444341280414477,90.96108425194187
2026-04-17,DE,0.020943807269211776,0.023255813953488358,0.0023120066842765817,282.49999144024457
2026-04-17,GE,0.02116585438919476,0.023255813953488358,0.002089959564293597,255.36844812718897
2026-04-17,GS,0.02188859251678441,0.023255813953488358,0.001367221436703949,167.05835964597898
2026-04-17,HD,0.022226726125691317,0.023255813953488358,0.0010290878277970407,125.74241438012463
2026-04-17,HON,0.021323505593743127,0.023255813953488358,0.0019323083597452308,236.10532737657013
2026-04-17,INTC,0.023564905192248464,0.0,-0.023564905192248464,-2879.353922449123
2026-04-17,JPM,0.021488631449034557,0.023255813953488358,0.0017671825044538007,215.9288923240097
2026-04-17,LLY,0.021175388728685036,0.023255813953488358,0.002080425224803322,254.2034641145092
2026-04-17,LMT,0.020706719230914186,0.023255813953488358,0.0025490947225741724,311.46935785477586
2026-04-17,MA,0.022433843970768617,0.023255813953488358,0.0008219699827197412,100.4350526586481
2026-04-17,MCD,0.021858296427729188,0.023255813953488358,0.0013975175257591697,170.76018497242723
2026-04-17,MRK,0.02104421004261082,0.023255813953488358,0.0022116039108775395,270.23195483866306
2026-04-17,MS,0.022810129933893388,0.023255813953488358,0.00044568401959496975,54.45733897608873
2026-04-17,MSFT,0.02446377896107784,0.023255813953488358,-0.001207965007589483,-147.59909935594317
2026-04-17,NKE,0.02317650904517055,0.023255813953488358,7.930490831780865e-05,9.690125929700908
2026-04-17,NVDA,0.022944179126392277,0.023255813953488358,0.00031163482709608073,38.07810616891504
2026-04-17,ORCL,0.027204778676005677,0.023255813953488358,-0.0039489647225173195,-482.5169874705757
2026-04-17,PEP,0.021542889439168923,0.023255813953488358,0.0017129245143194353,209.29920485261766
2026-04-17,PFE,0.021969726812324113,0.023255813953488358,0.0012860871411642452,157.14470413998362
2026-04-17,PG,0.021721208810828608,0.023255813953488358,0.00153460514265975,187.51067746206942
2026-04-17,QCOM,0.02282359849342891,0.023255813953488358,0.00043221546005944855,52.811639601872734
2026-04-17,RTX,0.020912302880569472,0.023255813953488358,0.0023435110729188857,286.3494567477231
2026-04-17,SLB,0.021765399986501194,0.023255813953488358,0.0014904139669871634,182.1110361746368
2026-04-17,TMO,0.02277840881020876,0.023255813953488358,0.0004774051432795967,58.333286753543355
2026-04-17,TSLA,0.024637118174507647,0.023255813953488358,-0.0013813042210192895,-168.7791100553937
2026-04-17,UNH,0.022890982911139945,0.023255813953488358,0.00036483104234841246,44.5780572528105
2026-04-17,UPS,0.022459726723771993,0.023255813953488358,0.0007960872297163649,97.27248502784057
2026-04-17,V,0.022352164780191416,0.023255813953488358,0.0009036491732969422,110.41528792173311
2026-04-17,WFC,0.020456926564736515,0.023255813953488358,0.002798887388751843,341.9910801910189
2026-04-24,AAPL,0.023667781063607375,0.024390243902439015,0.0007224628388316397,86.99689389677266
2026-04-24,ABBV,0.022500357349200136,0.024390243902439015,0.0018898865532388787,227.57469465827387
2026-04-24,ABT,0.022210937542462967,0.024390243902439015,0.002179306359976048,262.42579407129915
2026-04-24,ADBE,0.023690871082951023,0.024390243902439015,0.0006993728194879915,84.21646028144328
2026-04-24,AMGN,0.022881410248762626,0.024390243902439015,0.0015088336536763884,181.68940216917355
2026-04-24,AMZN,0.024860018234476505,0.0,-0.024860018234476505,-2993.571783033376
2026-04-24,BA,0.02455230634704357,0.024390243902439015,-0.00016206244460455557,-19.51509273572434
2026-04-24,BAC,0.022781226276433933,0.024390243902439015,0.0016090176260050819,193.75326752303934
2026-04-24,BLK,0.023434517969809172,0.024390243902439015,0.0009557259326298424,115.08576370495973
2026-04-24,BRK-B,0.023333794467309883,0.024390243902439015,0.0010564494351291316,127.2145977277765
2026-04-24,CAT,0.02471536984712189,0.024390243902439015,-0.0003251259446828761,-39.150729687919046
2026-04-24,COP,0.02475840302230012,0.024390243902439015,-0.00036815911986110353,-44.33266067979656
2026-04-24,COST,0.023861023984303224,0.024390243902439015,0.0005292199181357905,63.727138049860585
2026-04-24,CRM,0.023079722552783812,0.024390243902439015,0.0013105213496552026,157.80920578529268
2026-04-24,CSCO,0.024350362875591294,0.024390243902439015,3.988102684772052e-05,4.802358370122357
2026-04-24,DE,0.022483600831800923,0.024390243902439015,0.0019066430706380921,229.5924662139933
2026-04-24,GE,0.022080116876633082,0.024390243902439015,0.0023101270258059324,278.1788418032944
2026-04-24,GS,0.023619775787754132,0.024390243902439015,0.000770468114684883,92.77755092910363
2026-04-24,HD,0.022682971814688337,0.024390243902439015,0.0017072720877506775,205.58478677071383
2026-04-24,HON,0.02153634058105181,0.024390243902439015,0.0028539033213872064,343.65881689345736
2026-04-24,JPM,0.023442466438838794,0.024390243902439015,0.000947777463600221,114.12863196109035
2026-04-24,LLY,0.022499069169914895,0.024390243902439015,0.0018911747325241202,227.7298134970219
2026-04-24,LMT,0.02045798350985891,0.024390243902439015,0.003932260392580104,473.5114690480204
2026-04-24,MA,0.02281996534593183,0.024390243902439015,0.0015702785565071854,189.0884203674148
2026-04-24,MCD,0.022685935706206254,0.024390243902439015,0.0017043081962327608,205.22788349203068
2026-04-24,MRK,0.022174480839656095,0.024390243902439015,0.0022157630627829203,266.8158052046673
2026-04-24,MS,0.023501589530179792,0.024390243902439015,0.0008886543722592226,107.00919961414763
2026-04-24,MSFT,0.02369744071210604,0.024390243902439015,0.0006928031903329739,83.4253644633324
2026-04-24,NKE,0.02290841822003768,0.024390243902439015,0.001481825682401336,178.4371800684734
2026-04-24,NVDA,0.024366302200023456,0.024390243902439015,2.394170241555929e-05,2.8829908374566218
2026-04-24,ORCL,0.023355397278343168,0.024390243902439015,0.001034846624095847,124.61324945306937
2026-04-24,PEP,0.02326159229703013,0.024390243902439015,0.001128651605408884,135.90897508440636
2026-04-24,PFE,0.02311587245669536,0.024390243902439015,0.0012743714457436536,153.4561384911222
2026-04-24,PG,0.023975232558040786,0.024390243902439015,0.00041501134439822854,49.97447059416627
2026-04-24,QCOM,0.025786801102982752,0.024390243902439015,-0.0013965572005437375,-168.16939511097877
2026-04-24,RTX,0.020933301005713507,0.024390243902439015,0.0034569428967255074,416.27510541578886
2026-04-24,SLB,0.02515907429898789,0.024390243902439015,-0.0007688303965488752,-92.5803416288419
2026-04-24,TMO,0.021046248228686695,0.024390243902439015,0.00334399567375232,402.6743261856431
2026-04-24,TSLA,0.022162936490938347,0.024390243902439015,0.002227307411500668,268.2059424221461
2026-04-24,UNH,0.02579690095118041,0.0,-0.02579690095118041,-3106.3885009570554
2026-04-24,UPS,0.023723884033203,0.024390243902439015,0.0006663598692360148,80.24113591052439
2026-04-24,V,0.023029657080752455,0.024390243902439015,0.0013605868216865595,163.8379457067086
2026-04-24,WFC,0.0230185417886052,0.024390243902439015,0.0013717021138338163,165.1764171679264
2026-05-01,AAPL,0.024918154474278063,0.02499999999999999,8.184552572192832e-05,9.968884995582863
2026-05-01,ABBV,0.025067826625233384,0.02499999999999999,-6.782662523339283e-05,-8.261365793989077
2026-05-01,ABT,0.023668658023426804,0.02499999999999999,0.0013313419765731867,162.15907879120869
2026-05-01,ADBE,0.024628186258405536,0.02499999999999999,0.0003718137415944546,45.2873678437306
2026-05-01,AMGN,0.023079737738783173,0.02499999999999999,0.001920262261216818,233.89028874304773
2026-05-01,BA,0.023585631432815057,0.02499999999999999,0.0014143685671849336,172.271818932874
2026-05-01,BAC,0.02466172404589996,0.02499999999999999,0.0003382759541000306,41.20242436527929
2026-05-01,BLK,0.024496044260905837,0.02499999999999999,0.0005039557390941543,61.38242453182231
2026-05-01,BRK-B,0.024300061348160124,0.02499999999999999,0.0006999386518398674,85.25338266946324
2026-05-01,CAT,0.025819259028806763,0.02499999999999999,-0.0008192590288067722,-99.78675031687729
2026-05-01,COP,0.024393658215418203,0.02499999999999999,0.0006063417845817883,73.85316992218732
2026-05-01,COST,0.02415861297329992,0.02499999999999999,0.0008413870267000717,102.4819674864788
2026-05-01,CRM,0.02487646732682803,0.02499999999999999,0.00012353267317196173,15.04643046990983
2026-05-01,CSCO,0.024879775797260435,0.02499999999999999,0.00012022420273955642,14.64345473041747
2026-05-01,DE,0.02473699430952623,0.02499999999999999,0.0002630056904737617,32.034414323693845
2026-05-01,GE,0.024272303732689147,0.02499999999999999,0.0007276962673108435,88.63429413580177
2026-05-01,GS,0.02402725708454746,0.02499999999999999,0.0009727429154525319,118.48127516903686
2026-05-01,HD,0.023248403674166522,0.02499999999999999,0.001751596325833469,213.34657181193973
2026-05-01,HON,0.024034713486665926,0.02499999999999999,0.0009652865133340655,117.57307628407452
2026-05-01,JPM,0.024438192241662375,0.02499999999999999,0.0005618077583376159,68.42887113367728
2026-05-01,LLY,0.02627535274839178,0.02499999999999999,-0.00127535274839179,-155.33952241584717
2026-05-01,LMT,0.02407856295471429,0.02499999999999999,0.0009214370452856994,112.23215751990402
2026-05-01,MA,0.023693962473134888,0.02499999999999999,0.001306037526865103,159.07696591098303
2026-05-01,MCD,0.023086024064302116,0.02499999999999999,0.0019139759356978751,233.12460661698927
2026-05-01,MRK,0.024166515727445426,0.02499999999999999,0.0008334842725545646,101.51940237946748
2026-05-01,MS,0.02451072985850514,0.02499999999999999,0.0004892701414948505,59.59370080786139
2026-05-01,MSFT,0.02353245965456425,0.02499999999999999,0.0014675403454357423,178.7482064655761
2026-05-01,NKE,0.02395404083168163,0.02499999999999999,0.0010459591683183618,127.39910419131927
2026-05-01,NVDA,0.022973677579710916,0.02499999999999999,0.002026322420289075,246.80854565542626
2026-05-01,ORCL,0.023908737770910887,0.02499999999999999,0.0010912622290891044,132.9170723244317
2026-05-01,PEP,0.024416062407116138,0.02499999999999999,0.0005839375928838528,71.12431200984976
2026-05-01,PFE,0.023512195331191386,0.02499999999999999,0.0014878046688086045,181.21642580237537
2026-05-01,PG,0.02396079836314284,0.02499999999999999,0.0010392016368571504,126.57602860598153
2026-05-01,QCOM,0.02867180849010281,0.0,-0.02867180849010281,-3492.2612926247207
2026-05-01,RTX,0.02407313686300733,0.02499999999999999,0.0009268631369926603,112.89306211701
2026-05-01,SLB,0.02444112494785321,0.02499999999999999,0.0005588750521467803,68.07166393775061
2026-05-01,TMO,0.024084827995075254,0.02499999999999999,0.0009151720049247365,111.4690679520843
2026-05-01,TSLA,0.025040828382925134,0.02499999999999999,-4.082838292514268e-05,-4.972946906336727
2026-05-01,UPS,0.024234403320488606,0.02499999999999999,0.000765596679511385,93.25061063178288
2026-05-01,V,0.02556061571208763,0.02499999999999999,-0.0005606157120876393,-68.28367844451542
2026-05-01,WFC,0.024532472444868895,0.02499999999999999,0.0004675275551310962,56.945427233283766
2026-05-08,AAPL,0.026176474688560044,0.024390243902439015,-0.0017862307861210291,-217.5490888107393
2026-05-08,ABBV,0.024389175847547608,0.024390243902439015,1.068054891407294e-06,0.1300808217117843
2026-05-08,ABT,0.023563855554996183,0.024390243902439015,0.0008263883474428323,100.6477065488331
2026-05-08,ADBE,0.025232608350814575,0.024390243902439015,-0.0008423644483755606,-102.59347202755437
2026-05-08,AMGN,0.025142770813432677,0.024390243902439015,-0.0007525269109936623,-91.65195509128293
2026-05-08,AVGO,0.0,0.024390243902439015,0.024390243902439015,2970.542988103988
2026-05-08,BA,0.026097560371257586,0.024390243902439015,-0.0017073164688185712,-207.93793556186228
2026-05-08,BAC,0.024093983587264674,0.024390243902439015,0.00029626031517434107,36.08221407767929
2026-05-08,BLK,0.02554539571654377,0.024390243902439015,-0.001155151814104756,-140.6885529849639
2026-05-08,BRK-B,0.025155127629368893,0.024390243902439015,-0.0007648837269298783,-93.15691966160226
2026-05-08,CAT,0.025218890665636737,0.024390243902439015,-0.0008286467631977226,-100.92276411331454
2026-05-08,COP,0.023108860239730498,0.024390243902439015,0.001281383662708517,156.0626154275215
2026-05-08,COST,0.02492835725800693,0.024390243902439015,-0.0005381133555679152,-65.53804306268255
2026-05-08,CRM,0.0247282580751077,0.024390243902439015,-0.00033801417266868597,-41.167510850530185
2026-05-08,CSCO,0.026284983905211785,0.024390243902439015,-0.0018947400027727705,-230.76467181018828
2026-05-08,DE,0.02489546253876165,0.024390243902439015,-0.0005052186363226352,-61.5317207810942
2026-05-08,GE,0.02592869006507861,0.024390243902439015,-0.001538446162639595,-187.3708389011861
2026-05-08,GS,0.02534588719386756,0.024390243902439015,-0.0009556432914285436,-116.38995861774877
2026-05-08,HD,0.024503937824439298,0.024390243902439015,-0.00011369392200028319,-13.847039994307309
2026-05-08,HON,0.025073210463717098,0.024390243902439015,-0.0006829665612780832,-83.18004271827824
2026-05-08,JPM,0.02417057913391527,0.024390243902439015,0.000219664768523746,26.753469152739683
2026-05-08,LLY,0.024614101978093588,0.024390243902439015,-0.00022385807565457327,-27.264181515611945
2026-05-08,LMT,0.024695056919943975,0.024390243902439015,-0.0003048130175049603,-37.12386704511931
2026-05-08,MA,0.025001277370526626,0.024390243902439015,-0.0006110334680876107,-74.41914854910512
2026-05-08,MCD,0.024050456930087782,0.024390243902439015,0.0003397869723512324,41.38342413484854
2026-05-08,MRK,0.02482640508309,0.024390243902439015,-0.00043616118065098464,-53.12105701150353
2026-05-08,MS,0.025384137282758783,0.024390243902439015,-0.000993893380319768,-121.04852348510619
2026-05-08,MSFT,0.025041286138699048,0.024390243902439015,-0.0006510422362600334,-79.2919069451531
2026-05-08,NKE,0.024853866685751076,0.024390243902439015,-0.0004636227833120614,-56.46566773180887
2026-05-08,NVDA,0.02711039166673682,0.024390243902439015,-0.0027201477642978047,-331.29295058150507
2026-05-08,ORCL,0.028509586752916444,0.024390243902439015,-0.00411934285047743,-501.7040858233632
2026-05-08,PEP,0.024557152430701217,0.024390243902439015,-0.00016690852826220168,-20.32816728964563
2026-05-08,PFE,0.02478557923090742,0.024390243902439015,-0.0003953353284684054,-48.14878410519597
2026-05-08,PG,0.02485766148371024,0.024390243902439015,-0.0004674175812712268,-56.927844761032546
2026-05-08,RTX,0.025302011951868437,0.024390243902439015,-0.0009117680494294227,-111.04629362640274
2026-05-08,SLB,0.023397124042452176,0.024390243902439015,0.0009931198599868393,120.95431469365957
2026-05-08,TMO,0.024775951664073738,0.024390243902439015,-0.00038570776163472306,-46.97622095803377
2026-05-08,TSLA,0.027401014142304645,0.024390243902439015,-0.0030107702398656302,-366.6885194178256
2026-05-08,UPS,0.023422207607959447,0.024390243902439015,0.0009680362944795677,117.8993304986544
2026-05-08,V,0.024296054904174344,0.024390243902439015,9.418899826467084e-05,11.471491202417928
2026-05-08,WFC,0.023534605809984586,0.024390243902439015,0.0008556380924544284,104.21009917170218
2026-05-15,AAPL,0.0249850898598181,0.024390243902439015,-0.0005948459573790858,-72.45119169048229
2026-05-15,ABBV,0.025457211638344503,0.024390243902439015,-0.0010669677359054879,-129.95479418276412
2026-05-15,ABT,0.02443095518089051,0.024390243902439015,-4.07112784514968e-05,-4.9585621327073675
2026-05-15,ADBE,0.023863273413239416,0.024390243902439015,0.0005269704891995991,64.18407901172993
2026-05-15,AMGN,0.024172450404788326,0.024390243902439015,0.00021779349765068887,26.526865067311373
2026-05-15,AVGO,0.0241147698002608,0.024390243902439015,0.00027547410217821505,33.552261278894726
2026-05-15,BA,0.02265426140004687,0.024390243902439015,0.0017359825023921457,211.4396164114514
2026-05-15,BAC,0.023655611164191088,0.024390243902439015,0.000734632738247927,89.47697581305913
2026-05-15,BLK,0.024321702802721303,0.024390243902439015,6.85410997177116e-05,8.348185429727492
2026-05-15,BRK-B,0.02473395890228823,0.024390243902439015,-0.00034371499984921575,-41.86388262717841
2026-05-15,CAT,0.024139197990663226,0.024390243902439015,0.00025104591177578864,30.5769506399928
2026-05-15,COP,0.026411418024009963,0.024390243902439015,-0.0020211741215709483,-246.17545417469702
2026-05-15,COST,0.025358441168993225,0.024390243902439015,-0.0009681972665542098,-117.92472468400156
2026-05-15,CRM,0.02327294585216691,0.024390243902439015,0.0011172980502721051,136.08493797677193
2026-05-15,CSCO,0.029852485547547086,0.0,-0.029852485547547086,-3635.9802500336023
2026-05-15,DE,0.023835620857192236,0.024390243902439015,0.0005546230452467792,67.55211171675725
2026-05-15,GE,0.023105612022238448,0.024390243902439015,0.0012846318802005666,156.46590423880434
2026-05-15,GS,0.02469980917761306,0.024390243902439015,-0.0003095652751740445,-37.70450620724039
2026-05-15,HD,0.02285571129961168,0.024390243902439015,0.0015345326028273348,186.90337285403376
2026-05-15,HON,0.024535404871546117,0.024390243902439015,-0.00014516096910710194,-17.680350800556
2026-05-15,JPM,0.024041250464191186,0.024390243902439015,0.0003489934382478292,42.506787143045585
2026-05-15,LLY,0.025884068294761732,0.024390243902439015,-0.0014938243923227172,-181.94518439186191
2026-05-15,LMT,0.02484497983619832,0.024390243902439015,-0.00045473593375930377,-55.386037169198936
2026-05-15,MA,0.024324568313033503,0.024390243902439015,6.567558940551166e-05,7.99917131213142
2026-05-15,MCD,0.02444417451810981,0.024390243902439015,-5.393061567079624e-05,-6.568654162443106
2026-05-15,MRK,0.024387570256144336,0.024390243902439015,2.673646294679144e-06,0.3256454176167474
2026-05-15,MS,0.024314314925430743,0.024390243902439015,7.592897700827231e-05,9.248015893605153
2026-05-15,MSFT,0.024787058197238192,0.024390243902439015,-0.00039681429479917693,-48.331283387535926
2026-05-15,NKE,0.02313890826998329,0.024390243902439015,0.001251335632455726,152.41047980831118
2026-05-15,NVDA,0.025534421003695768,0.024390243902439015,-0.0011441771012567527,-139.35875912523755
2026-05-15,ORCL,0.02401419468791123,0.024390243902439015,0.00037604921452778425,45.8021331217434
2026-05-15,PEP,0.023520077906293797,0.024390243902439015,0.0008701659961452175,105.98468831667512
2026-05-15,PFE,0.024055184854693195,0.024390243902439015,0.00033505904774581985,40.80960288075474
2026-05-15,PG,0.023579760135678123,0.024390243902439015,0.0008104837667608916,98.71549771699272
2026-05-15,RTX,0.02370756009806335,0.024390243902439015,0.0006826838043756632,83.14968700928401
2026-05-15,SLB,0.025353551236475053,0.024390243902439015,-0.0009633073340360385,-117.32913950126193
2026-05-15,TMO,0.022989349610591053,0.024390243902439015,0.0014008942918479622,170.62646155313294
2026-05-15,TSLA,0.02403970416731133,0.024390243902439015,0.0003505397351276848,42.695123384156524
2026-05-15,UPS,0.023939892233640254,0.024390243902439015,0.00045035166879876104,54.85204140586265
2026-05-15,V,0.02497167407628802,0.024390243902439015,-0.0005814301738490055,-70.8171728455052
2026-05-15,WFC,0.02367180553609606,0.024390243902439015,0.0007184383663429543,87.50452978961508
2026-05-15,XOM,0.0,0.024390243902439015,0.024390243902439015,2970.688821924833
2026-05-22,AAPL,0.024584208667753203,0.0,-0.024584208667753203,-3055.4371141723195
2026-05-22,ABBV,0.024503603524291356,0.023255813953488358,-0.0012477895708029978,-155.08095529263437
2026-05-22,ABT,0.02473224634671341,0.023255813953488358,-0.001476432393225053,-183.4977237540007
2026-05-22,ADBE,0.02362624538321083,0.023255813953488358,-0.0003704314297224738,-46.038900577449496
2026-05-22,AMGN,0.02485182886630609,0.023255813953488358,-0.0015960149128177309,-198.35998243019586
2026-05-22,AVGO,0.02327925467913796,0.023255813953488358,-2.344072564960248e-05,-2.9133198510014156
2026-05-22,BA,0.02374104336764888,0.023255813953488358,-0.00048522941416052207,-60.30651549337208
2026-05-22,BAC,0.0248752240850937,0.023255813953488358,-0.0016194101316053429,-201.2676464816979
2026-05-22,BLK,0.023703778595063126,0.023255813953488358,-0.0004479646415747676,-55.67508030062356
2026-05-22,BRK-B,0.02408259762470525,0.023255813953488358,-0.0008267836712168922,-102.75642989238465
2026-05-22,CAT,0.023673842419095804,0.023255813953488358,-0.0004180284656074458,-51.95447638194116
2026-05-22,COP,0.023519650218216007,0.023255813953488358,-0.00026383626472764946,-32.790769318959235
2026-05-22,COST,0.023428508109246536,0.023255813953488358,-0.0001726941557581782,-21.463214050746036
2026-05-22,CRM,0.024804004604911858,0.023255813953488358,-0.0015481906514234998,-192.41616600736012
2026-05-22,DE,0.022510171211167482,0.023255813953488358,0.0007456427423208761,92.67186670884401
2026-05-22,EOG,0.0,0.023255813953488358,0.023255813953488358,2890.338185543429
2026-05-22,GE,0.0257094919911942,0.023255813953488358,-0.0024536780377058427,-304.95425107865026
2026-05-22,GS,0.0251164869654583,0.023255813953488358,-0.0018606730119699426,-231.25289306419384
2026-05-22,HD,0.025150394835324056,0.023255813953488358,-0.001894580881835698,-235.46711713992136
2026-05-22,HON,0.02554575370152836,0.023255813953488358,-0.0022899397480400027,-284.60411274321007
2026-05-22,JNJ,0.0,0.023255813953488358,0.023255813953488358,2890.338185543429
2026-05-22,JPM,0.024588163384340195,0.023255813953488358,-0.0013323494308518369,-165.59043876855918
2026-05-22,KO,0.0,0.023255813953488358,0.023255813953488358,2890.338185543429
2026-05-22,LLY,0.025329292887340944,0.023255813953488358,-0.0020734789338525857,-257.7013795956624
2026-05-22,LMT,0.02469844100740061,0.023255813953488358,-0.0014426270539122515,-179.29624264108588
2026-05-22,MA,0.02411027652788501,0.023255813953488358,-0.000854462574396652,-106.19648969654467
2026-05-22,MCD,0.024408847087005765,0.023255813953488358,-0.0011530331335174067,-143.30419488509278
2026-05-22,MRK,0.02626725037897949,0.023255813953488358,-0.003011436425491131,-374.27499683913754
2026-05-22,MS,0.024958156888553816,0.023255813953488358,-0.0017023429350654581,-211.5749119747203
2026-05-22,MSFT,0.023761976328970844,0.023255813953488358,-0.0005061623754824864,-62.908159003523295
2026-05-22,NKE,0.025492603591534567,0.023255813953488358,-0.002236789638046209,-277.99837566653156
2026-05-22,NVDA,0.022840715856215294,0.023255813953488358,0.00041509809727306377,51.59027689567458
2026-05-22,ORCL,0.023792622448127777,0.023255813953488358,-0.0005368084946394194,-66.7169978863572
2026-05-22,PEP,0.024132790013867284,0.023255813953488358,-0.0008769760603789256,-108.99456799018795
2026-05-22,PFE,0.024438215952141573,0.023255813953488358,-0.0011824019986532153,-146.9542908369212
2026-05-22,PG,0.024384911885298552,0.023255813953488358,-0.001129097931810194,-140.329419303752
2026-05-22,RTX,0.02481732617713256,0.023255813953488358,-0.0015615122236442014,-194.07183150924175
2026-05-22,SLB,0.02472036897501269,0.023255813953488358,-0.0014645550215243337,-182.02155005227
2026-05-22,TMO,0.024442363257987123,0.023255813953488358,-0.001186549304498765,-147.46973684437955
2026-05-22,TSLA,0.024113784053038868,0.023255813953488358,-0.0008579700995505098,-106.63242085376949
2026-05-22,UPS,0.02481670152428331,0.023255813953488358,-0.0015608875707949534,-193.9941968159775
2026-05-22,V,0.024130036551232033,0.023255813953488358,-0.0008742225977436749,-108.65235514771126
2026-05-22,WFC,0.024870467808610675,0.023255813953488358,-0.0016146538551223173,-200.67651483748259
2026-05-22,XOM,0.023446352218974235,0.023255813953488358,-0.00019053826548587685,-23.680961055264795
